Updating proficiency for words: 7
Adding trace for words: 7
Added trace for words: 7
Propagating trace: 10 with activation 1.000000
Current trace: 10 with activation 1.000000
Visited neighbors: 2
Visiting neighbor trace: 0
Intersection size: 7
Step: 1.000000
Tj part: 0.147109
Queue size: 1
Visiting neighbor trace: 2
Intersection size: 1
Step: 0.142857
Tj part: 0.021292
Queue size: 2
Current trace: 0 with activation 1.000000
Visited neighbors: 2
Visiting neighbor trace: 10
Intersection size: 7
Step: 1.000000
Tj part: 1.000000
Queue size: 1
Visiting neighbor trace: 2
Intersection size: 1
Step: 0.142857
Tj part: 0.038658
Queue size: 2
Current trace: 2 with activation 0.142857
Visited neighbors: 3
Visiting neighbor trace: 0
Intersection size: 1
Step: 0.020408
Tj part: 0.142857
Queue size: 1
Visiting neighbor trace: 10
Intersection size: 1
Step: 0.020408
Tj part: 0.142857
Queue size: 1
Visiting neighbor trace: 9
Intersection size: 1
Step: 0.020408
Tj part: 0.125000
Queue size: 1
Current trace: 2 with activation 0.142857
Visited neighbors: 3
Visiting neighbor trace: 0
Intersection size: 1
Step: 0.020408
Tj part: 0.142857
Queue size: 0
Visiting neighbor trace: 10
Intersection size: 1
Step: 0.020408
Tj part: 0.142857
Queue size: 0
Visiting neighbor trace: 9
Intersection size: 1
Step: 0.020408
Tj part: 0.125000
Queue size: 0
Propagated trace for words: 7
Pruned traces for words: 7
Predicted understanding for words: 7
Processed words: 7
Error: 0.891893
Updating proficiency for words: 9
Adding trace for words: 8
Added trace for words: 8
Propagating trace: 11 with activation 1.000000
Current trace: 11 with activation 1.000000
Visited neighbors: 5
Visiting neighbor trace: 9
Intersection size: 1
Step: 0.125000
Tj part: 0.125000
Queue size: 0
Visiting neighbor trace: 1
Intersection size: 8
Step: 1.000000
Tj part: 0.162828
Queue size: 1
Visiting neighbor trace: 3
Intersection size: 3
Step: 0.375000
Tj part: 0.096568
Queue size: 2
Visiting neighbor trace: 6
Intersection size: 1
Step: 0.125000
Tj part: 0.025646
Queue size: 3
Visiting neighbor trace: 5
Intersection size: 2
Step: 0.250000
Tj part: 0.064746
Queue size: 4
Current trace: 1 with activation 1.000000
Visited neighbors: 5
Visiting neighbor trace: 11
Intersection size: 8
Step: 1.000000
Tj part: 1.000000
Queue size: 3
Visiting neighbor trace: 3
Intersection size: 3
Step: 0.375000
Tj part: 0.215896
Queue size: 4
Visiting neighbor trace: 6
Intersection size: 1
Step: 0.125000
Tj part: 0.036685
Queue size: 5
Visiting neighbor trace: 9
Intersection size: 1
Step: 0.125000
Tj part: 0.125000
Queue size: 5
Visiting neighbor trace: 5
Intersection size: 2
Step: 0.250000
Tj part: 0.117676
Queue size: 6
Current trace: 3 with activation 0.375000
Visited neighbors: 4
Visiting neighbor trace: 9
Intersection size: 1
Step: 0.053571
Tj part: 0.125000
Queue size: 5
Visiting neighbor trace: 1
Intersection size: 3
Step: 0.160714
Tj part: 0.375000
Queue size: 5
Visiting neighbor trace: 6
Intersection size: 1
Step: 0.053571
Tj part: 0.046498
Queue size: 6
Visiting neighbor trace: 11
Intersection size: 3
Step: 0.160714
Tj part: 0.375000
Queue size: 6
Current trace: 6 with activation 0.125000
Visited neighbors: 5
Visiting neighbor trace: 9
Intersection size: 1
Step: 0.013889
Tj part: 0.125000
Queue size: 5
Visiting neighbor trace: 1
Intersection size: 1
Step: 0.013889
Tj part: 0.125000
Queue size: 5
Visiting neighbor trace: 11
Intersection size: 1
Step: 0.013889
Tj part: 0.125000
Queue size: 5
Visiting neighbor trace: 3
Intersection size: 1
Step: 0.013889
Tj part: 0.094694
Queue size: 5
Visiting neighbor trace: 8
Intersection size: 1
Step: 0.013889
Tj part: 0.068908
Queue size: 5
Current trace: 5 with activation 0.250000
Visited neighbors: 2
Visiting neighbor trace: 1
Intersection size: 2
Step: 0.071429
Tj part: 0.250000
Queue size: 4
Visiting neighbor trace: 11
Intersection size: 2
Step: 0.071429
Tj part: 0.250000
Queue size: 4
Current trace: 3 with activation 0.375000
Visited neighbors: 4
Visiting neighbor trace: 9
Intersection size: 1
Step: 0.053571
Tj part: 0.125000
Queue size: 3
Visiting neighbor trace: 1
Intersection size: 3
Step: 0.160714
Tj part: 0.375000
Queue size: 3
Visiting neighbor trace: 6
Intersection size: 1
Step: 0.053571
Tj part: 0.047284
Queue size: 4
Visiting neighbor trace: 11
Intersection size: 3
Step: 0.160714
Tj part: 0.375000
Queue size: 4
Current trace: 6 with activation 0.125000
Visited neighbors: 5
Visiting neighbor trace: 9
Intersection size: 1
Step: 0.013889
Tj part: 0.125000
Queue size: 3
Visiting neighbor trace: 1
Intersection size: 1
Step: 0.013889
Tj part: 0.125000
Queue size: 3
Visiting neighbor trace: 11
Intersection size: 1
Step: 0.013889
Tj part: 0.125000
Queue size: 3
Visiting neighbor trace: 3
Intersection size: 1
Step: 0.013889
Tj part: 0.094694
Queue size: 3
Visiting neighbor trace: 8
Intersection size: 1
Step: 0.013889
Tj part: 0.068908
Queue size: 3
Current trace: 5 with activation 0.250000
Visited neighbors: 2
Visiting neighbor trace: 1
Intersection size: 2
Step: 0.071429
Tj part: 0.250000
Queue size: 2
Visiting neighbor trace: 11
Intersection size: 2
Step: 0.071429
Tj part: 0.250000
Queue size: 2
Current trace: 6 with activation 0.053571
Visited neighbors: 5
Visiting neighbor trace: 9
Intersection size: 1
Step: 0.005952
Tj part: 0.125000
Queue size: 1
Visiting neighbor trace: 1
Intersection size: 1
Step: 0.005952
Tj part: 0.125000
Queue size: 1
Visiting neighbor trace: 11
Intersection size: 1
Step: 0.005952
Tj part: 0.125000
Queue size: 1
Visiting neighbor trace: 3
Intersection size: 1
Step: 0.005952
Tj part: 0.094694
Queue size: 1
Visiting neighbor trace: 8
Intersection size: 1
Step: 0.005952
Tj part: 0.068908
Queue size: 1
Current trace: 6 with activation 0.053571
Visited neighbors: 5
Visiting neighbor trace: 9
Intersection size: 1
Step: 0.005952
Tj part: 0.125000
Queue size: 0
Visiting neighbor trace: 1
Intersection size: 1
Step: 0.005952
Tj part: 0.125000
Queue size: 0
Visiting neighbor trace: 11
Intersection size: 1
Step: 0.005952
Tj part: 0.125000
Queue size: 0
Visiting neighbor trace: 3
Intersection size: 1
Step: 0.005952
Tj part: 0.094694
Queue size: 0
Visiting neighbor trace: 8
Intersection size: 1
Step: 0.005952
Tj part: 0.068908
Queue size: 0
Propagated trace for words: 8
Pruned traces for words: 8
Predicted understanding for words: 8
Processed words: 8
Error: 0.899390
Updating proficiency for words: 9
Adding trace for words: 8
Added trace for words: 8
Propagating trace: 12 with activation 1.000000
Current trace: 12 with activation 1.000000
Visited neighbors: 0
Propagated trace for words: 8
Pruned traces for words: 8
Predicted understanding for words: 8
Processed words: 8
Error: 0.970800
Updating proficiency for words: 13
Adding trace for words: 13
Added trace for words: 13
Propagating trace: 13 with activation 1.000000
Current trace: 13 with activation 1.000000
Visited neighbors: 6
Visiting neighbor trace: 9
Intersection size: 1
Step: 0.076923
Tj part: 0.125000
Queue size: 0
Visiting neighbor trace: 1
Intersection size: 3
Step: 0.230769
Tj part: 0.375000
Queue size: 0
Visiting neighbor trace: 11
Intersection size: 3
Step: 0.230769
Tj part: 0.375000
Queue size: 0
Visiting neighbor trace: 3
Intersection size: 2
Step: 0.153846
Tj part: 0.189389
Queue size: 0
Visiting neighbor trace: 6
Intersection size: 1
Step: 0.076923
Tj part: 0.047982
Queue size: 1
Visiting neighbor trace: 5
Intersection size: 1
Step: 0.076923
Tj part: 0.077741
Queue size: 1
Current trace: 6 with activation 0.076923
Visited neighbors: 6
Visiting neighbor trace: 9
Intersection size: 1
Step: 0.008547
Tj part: 0.125000
Queue size: 0
Visiting neighbor trace: 1
Intersection size: 1
Step: 0.008547
Tj part: 0.125000
Queue size: 0
Visiting neighbor trace: 11
Intersection size: 1
Step: 0.008547
Tj part: 0.125000
Queue size: 0
Visiting neighbor trace: 3
Intersection size: 1
Step: 0.008547
Tj part: 0.094694
Queue size: 0
Visiting neighbor trace: 13
Intersection size: 1
Step: 0.008547
Tj part: 0.076923
Queue size: 0
Visiting neighbor trace: 8
Intersection size: 1
Step: 0.008547
Tj part: 0.068908
Queue size: 0
Propagated trace for words: 13
Pruned traces for words: 13
Predicted understanding for words: 13
Processed words: 13
Error: 0.948324
Updating proficiency for words: 10
Adding trace for words: 9
Added trace for words: 9
Propagating trace: 14 with activation 1.000000
Current trace: 14 with activation 1.000000
Visited neighbors: 5
Visiting neighbor trace: 12
Intersection size: 1
Step: 0.111111
Tj part: 0.125000
Queue size: 0
Visiting neighbor trace: 1
Intersection size: 1
Step: 0.111111
Tj part: 0.125000
Queue size: 0
Visiting neighbor trace: 11
Intersection size: 1
Step: 0.111111
Tj part: 0.125000
Queue size: 0
Visiting neighbor trace: 3
Intersection size: 1
Step: 0.111111
Tj part: 0.094694
Queue size: 1
Visiting neighbor trace: 13
Intersection size: 2
Step: 0.222222
Tj part: 0.153846
Queue size: 2
Current trace: 3 with activation 0.111111
Visited neighbors: 6
Visiting neighbor trace: 9
Intersection size: 1
Step: 0.015873
Tj part: 0.125000
Queue size: 1
Visiting neighbor trace: 1
Intersection size: 3
Step: 0.047619
Tj part: 0.375000
Queue size: 1
Visiting neighbor trace: 14
Intersection size: 1
Step: 0.015873
Tj part: 0.111111
Queue size: 1
Visiting neighbor trace: 6
Intersection size: 1
Step: 0.015873
Tj part: 0.051198
Queue size: 1
Visiting neighbor trace: 11
Intersection size: 3
Step: 0.047619
Tj part: 0.375000
Queue size: 1
Visiting neighbor trace: 13
Intersection size: 2
Step: 0.031746
Tj part: 0.153846
Queue size: 1
Current trace: 13 with activation 0.222222
Visited neighbors: 7
Visiting neighbor trace: 9
Intersection size: 1
Step: 0.017094
Tj part: 0.125000
Queue size: 0
Visiting neighbor trace: 1
Intersection size: 3
Step: 0.051282
Tj part: 0.375000
Queue size: 0
Visiting neighbor trace: 11
Intersection size: 3
Step: 0.051282
Tj part: 0.375000
Queue size: 0
Visiting neighbor trace: 3
Intersection size: 2
Step: 0.034188
Tj part: 0.194079
Queue size: 0
Visiting neighbor trace: 14
Intersection size: 2
Step: 0.034188
Tj part: 0.222222
Queue size: 0
Visiting neighbor trace: 6
Intersection size: 1
Step: 0.017094
Tj part: 0.051198
Queue size: 0
Visiting neighbor trace: 5
Intersection size: 1
Step: 0.017094
Tj part: 0.077741
Queue size: 0
Propagated trace for words: 9
Pruned traces for words: 9
Predicted understanding for words: 9
Processed words: 9
Error: 0.907969
Updating proficiency for words: 12
Adding trace for words: 12
Added trace for words: 12
Propagating trace: 15 with activation 1.000000
Current trace: 15 with activation 1.000000
Visited neighbors: 4
Visiting neighbor trace: 1
Intersection size: 1
Step: 0.083333
Tj part: 0.125000
Queue size: 0
Visiting neighbor trace: 13
Intersection size: 1
Step: 0.083333
Tj part: 0.076923
Queue size: 1
Visiting neighbor trace: 5
Intersection size: 1
Step: 0.083333
Tj part: 0.077741
Queue size: 2
Visiting neighbor trace: 11
Intersection size: 1
Step: 0.083333
Tj part: 0.125000
Queue size: 2
Current trace: 13 with activation 0.083333
Visited neighbors: 8
Visiting neighbor trace: 9
Intersection size: 1
Step: 0.006410
Tj part: 0.125000
Queue size: 1
Visiting neighbor trace: 1
Intersection size: 3
Step: 0.019231
Tj part: 0.375000
Queue size: 1
Visiting neighbor trace: 11
Intersection size: 3
Step: 0.019231
Tj part: 0.375000
Queue size: 1
Visiting neighbor trace: 3
Intersection size: 2
Step: 0.012821
Tj part: 0.194079
Queue size: 1
Visiting neighbor trace: 14
Intersection size: 2
Step: 0.012821
Tj part: 0.222222
Queue size: 1
Visiting neighbor trace: 6
Intersection size: 1
Step: 0.006410
Tj part: 0.051198
Queue size: 1
Visiting neighbor trace: 5
Intersection size: 1
Step: 0.006410
Tj part: 0.078540
Queue size: 1
Visiting neighbor trace: 15
Intersection size: 1
Step: 0.006410
Tj part: 0.083333
Queue size: 1
Current trace: 5 with activation 0.083333
Visited neighbors: 4
Visiting neighbor trace: 1
Intersection size: 2
Step: 0.023810
Tj part: 0.250000
Queue size: 0
Visiting neighbor trace: 11
Intersection size: 2
Step: 0.023810
Tj part: 0.250000
Queue size: 0
Visiting neighbor trace: 13
Intersection size: 1
Step: 0.011905
Tj part: 0.076923
Queue size: 0
Visiting neighbor trace: 15
Intersection size: 1
Step: 0.011905
Tj part: 0.083333
Queue size: 0
Propagated trace for words: 12
Pruned traces for words: 12
Predicted understanding for words: 12
Processed words: 12
Error: 0.962096
Updating proficiency for words: 14
Adding trace for words: 14
Added trace for words: 14
Propagating trace: 16 with activation 1.000000
Current trace: 16 with activation 1.000000
Visited neighbors: 8
Visiting neighbor trace: 1
Intersection size: 1
Step: 0.071429
Tj part: 0.125000
Queue size: 0
Visiting neighbor trace: 13
Intersection size: 2
Step: 0.142857
Tj part: 0.153846
Queue size: 0
Visiting neighbor trace: 5
Intersection size: 1
Step: 0.071429
Tj part: 0.078540
Queue size: 0
Visiting neighbor trace: 11
Intersection size: 1
Step: 0.071429
Tj part: 0.125000
Queue size: 0
Visiting neighbor trace: 15
Intersection size: 2
Step: 0.142857
Tj part: 0.166667
Queue size: 0
Visiting neighbor trace: 2
Intersection size: 1
Step: 0.071429
Tj part: 0.053544
Queue size: 1
Visiting neighbor trace: 6
Intersection size: 1
Step: 0.071429
Tj part: 0.051198
Queue size: 2
Visiting neighbor trace: 8
Intersection size: 1
Step: 0.071429
Tj part: 0.068908
Queue size: 3
Current trace: 2 with activation 0.071429
Visited neighbors: 4
Visiting neighbor trace: 16
Intersection size: 1
Step: 0.010204
Tj part: 0.071429
Queue size: 2
Visiting neighbor trace: 0
Intersection size: 1
Step: 0.010204
Tj part: 0.142857
Queue size: 2
Visiting neighbor trace: 10
Intersection size: 1
Step: 0.010204
Tj part: 0.142857
Queue size: 2
Visiting neighbor trace: 9
Intersection size: 1
Step: 0.010204
Tj part: 0.125000
Queue size: 2
Current trace: 6 with activation 0.071429
Visited neighbors: 7
Visiting neighbor trace: 9
Intersection size: 1
Step: 0.007937
Tj part: 0.125000
Queue size: 1
Visiting neighbor trace: 1
Intersection size: 1
Step: 0.007937
Tj part: 0.125000
Queue size: 1
Visiting neighbor trace: 11
Intersection size: 1
Step: 0.007937
Tj part: 0.125000
Queue size: 1
Visiting neighbor trace: 3
Intersection size: 1
Step: 0.007937
Tj part: 0.097040
Queue size: 1
Visiting neighbor trace: 13
Intersection size: 1
Step: 0.007937
Tj part: 0.076923
Queue size: 1
Visiting neighbor trace: 16
Intersection size: 1
Step: 0.007937
Tj part: 0.071429
Queue size: 1
Visiting neighbor trace: 8
Intersection size: 1
Step: 0.007937
Tj part: 0.069188
Queue size: 1
Current trace: 8 with activation 0.071429
Visited neighbors: 2
Visiting neighbor trace: 6
Intersection size: 1
Step: 0.007937
Tj part: 0.053446
Queue size: 0
Visiting neighbor trace: 16
Intersection size: 1
Step: 0.007937
Tj part: 0.071429
Queue size: 0
Propagated trace for words: 14
Pruned traces for words: 14
Predicted understanding for words: 14
Processed words: 14
Error: 0.888926
Updating proficiency for words: 9
Adding trace for words: 8
Added trace for words: 8
Propagating trace: 17 with activation 1.000000
Current trace: 17 with activation 1.000000
Visited neighbors: 8
Visiting neighbor trace: 9
Intersection size: 1
Step: 0.125000
Tj part: 0.125000
Queue size: 0
Visiting neighbor trace: 1
Intersection size: 1
Step: 0.125000
Tj part: 0.125000
Queue size: 0
Visiting neighbor trace: 13
Intersection size: 1
Step: 0.125000
Tj part: 0.076923
Queue size: 1
Visiting neighbor trace: 5
Intersection size: 1
Step: 0.125000
Tj part: 0.078540
Queue size: 2
Visiting neighbor trace: 11
Intersection size: 1
Step: 0.125000
Tj part: 0.125000
Queue size: 2
Visiting neighbor trace: 15
Intersection size: 2
Step: 0.250000
Tj part: 0.166667
Queue size: 3
Visiting neighbor trace: 16
Intersection size: 1
Step: 0.125000
Tj part: 0.071429
Queue size: 4
Visiting neighbor trace: 6
Intersection size: 1
Step: 0.125000
Tj part: 0.053446
Queue size: 5
Current trace: 13 with activation 0.125000
Visited neighbors: 10
Visiting neighbor trace: 9
Intersection size: 1
Step: 0.009615
Tj part: 0.125000
Queue size: 4
Visiting neighbor trace: 1
Intersection size: 3
Step: 0.028846
Tj part: 0.375000
Queue size: 4
Visiting neighbor trace: 11
Intersection size: 3
Step: 0.028846
Tj part: 0.375000
Queue size: 4
Visiting neighbor trace: 3
Intersection size: 2
Step: 0.019231
Tj part: 0.194079
Queue size: 4
Visiting neighbor trace: 6
Intersection size: 1
Step: 0.009615
Tj part: 0.061396
Queue size: 4
Visiting neighbor trace: 5
Intersection size: 1
Step: 0.009615
Tj part: 0.085177
Queue size: 4
Visiting neighbor trace: 15
Intersection size: 1
Step: 0.009615
Tj part: 0.083333
Queue size: 4
Visiting neighbor trace: 16
Intersection size: 2
Step: 0.019231
Tj part: 0.142857
Queue size: 4
Visiting neighbor trace: 17
Intersection size: 1
Step: 0.009615
Tj part: 0.125000
Queue size: 4
Visiting neighbor trace: 14
Intersection size: 2
Step: 0.019231
Tj part: 0.222222
Queue size: 4
Current trace: 5 with activation 0.125000
Visited neighbors: 6
Visiting neighbor trace: 1
Intersection size: 2
Step: 0.035714
Tj part: 0.250000
Queue size: 3
Visiting neighbor trace: 11
Intersection size: 2
Step: 0.035714
Tj part: 0.250000
Queue size: 3
Visiting neighbor trace: 13
Intersection size: 1
Step: 0.017857
Tj part: 0.076923
Queue size: 3
Visiting neighbor trace: 15
Intersection size: 1
Step: 0.017857
Tj part: 0.083333
Queue size: 3
Visiting neighbor trace: 16
Intersection size: 1
Step: 0.017857
Tj part: 0.071429
Queue size: 3
Visiting neighbor trace: 17
Intersection size: 1
Step: 0.017857
Tj part: 0.125000
Queue size: 3
Current trace: 15 with activation 0.250000
Visited neighbors: 6
Visiting neighbor trace: 1
Intersection size: 1
Step: 0.020833
Tj part: 0.125000
Queue size: 2
Visiting neighbor trace: 5
Intersection size: 1
Step: 0.020833
Tj part: 0.085177
Queue size: 2
Visiting neighbor trace: 11
Intersection size: 1
Step: 0.020833
Tj part: 0.125000
Queue size: 2
Visiting neighbor trace: 13
Intersection size: 1
Step: 0.020833
Tj part: 0.076923
Queue size: 2
Visiting neighbor trace: 16
Intersection size: 2
Step: 0.041667
Tj part: 0.142857
Queue size: 2
Visiting neighbor trace: 17
Intersection size: 2
Step: 0.041667
Tj part: 0.250000
Queue size: 2
Current trace: 16 with activation 0.125000
Visited neighbors: 9
Visiting neighbor trace: 1
Intersection size: 1
Step: 0.008929
Tj part: 0.125000
Queue size: 1
Visiting neighbor trace: 5
Intersection size: 1
Step: 0.008929
Tj part: 0.085177
Queue size: 1
Visiting neighbor trace: 11
Intersection size: 1
Step: 0.008929
Tj part: 0.125000
Queue size: 1
Visiting neighbor trace: 13
Intersection size: 2
Step: 0.017857
Tj part: 0.153846
Queue size: 1
Visiting neighbor trace: 15
Intersection size: 2
Step: 0.017857
Tj part: 0.166667
Queue size: 1
Visiting neighbor trace: 17
Intersection size: 1
Step: 0.008929
Tj part: 0.125000
Queue size: 1
Visiting neighbor trace: 2
Intersection size: 1
Step: 0.008929
Tj part: 0.056099
Queue size: 1
Visiting neighbor trace: 6
Intersection size: 1
Step: 0.008929
Tj part: 0.061396
Queue size: 1
Visiting neighbor trace: 8
Intersection size: 1
Step: 0.008929
Tj part: 0.069188
Queue size: 1
Current trace: 6 with activation 0.125000
Visited neighbors: 8
Visiting neighbor trace: 1
Intersection size: 1
Step: 0.013889
Tj part: 0.125000
Queue size: 0
Visiting neighbor trace: 3
Intersection size: 1
Step: 0.013889
Tj part: 0.097040
Queue size: 0
Visiting neighbor trace: 9
Intersection size: 1
Step: 0.013889
Tj part: 0.125000
Queue size: 0
Visiting neighbor trace: 11
Intersection size: 1
Step: 0.013889
Tj part: 0.125000
Queue size: 0
Visiting neighbor trace: 13
Intersection size: 1
Step: 0.013889
Tj part: 0.076923
Queue size: 0
Visiting neighbor trace: 17
Intersection size: 1
Step: 0.013889
Tj part: 0.125000
Queue size: 0
Visiting neighbor trace: 8
Intersection size: 1
Step: 0.013889
Tj part: 0.069188
Queue size: 0
Visiting neighbor trace: 16
Intersection size: 1
Step: 0.013889
Tj part: 0.071429
Queue size: 0
Propagated trace for words: 8
Pruned traces for words: 8
Predicted understanding for words: 8
Processed words: 8
Error: 0.871864
Updating proficiency for words: 5
Adding trace for words: 3
Added trace for words: 3
Propagating trace: 18 with activation 1.000000
Current trace: 18 with activation 1.000000
Visited neighbors: 1
Visiting neighbor trace: 4
Intersection size: 3
Step: 1.000000
Tj part: 0.100102
Queue size: 1
Current trace: 4 with activation 1.000000
Visited neighbors: 1
Visiting neighbor trace: 18
Intersection size: 3
Step: 1.000000
Tj part: 1.000000
Queue size: 0
Propagated trace for words: 3
Pruned traces for words: 3
Predicted understanding for words: 3
Processed words: 3
Error: 0.631219
Updating proficiency for words: 9
Adding trace for words: 9
Added trace for words: 9
Propagating trace: 19 with activation 1.000000
Current trace: 19 with activation 1.000000
Visited neighbors: 11
Visiting neighbor trace: 9
Intersection size: 1
Step: 0.111111
Tj part: 0.125000
Queue size: 0
Visiting neighbor trace: 1
Intersection size: 2
Step: 0.222222
Tj part: 0.250000
Queue size: 0
Visiting neighbor trace: 11
Intersection size: 2
Step: 0.222222
Tj part: 0.250000
Queue size: 0
Visiting neighbor trace: 3
Intersection size: 1
Step: 0.111111
Tj part: 0.097040
Queue size: 1
Visiting neighbor trace: 6
Intersection size: 1
Step: 0.111111
Tj part: 0.061396
Queue size: 2
Visiting neighbor trace: 5
Intersection size: 1
Step: 0.111111
Tj part: 0.085177
Queue size: 3
Visiting neighbor trace: 13
Intersection size: 2
Step: 0.222222
Tj part: 0.153846
Queue size: 4
Visiting neighbor trace: 15
Intersection size: 4
Step: 0.444444
Tj part: 0.333333
Queue size: 5
Visiting neighbor trace: 16
Intersection size: 2
Step: 0.222222
Tj part: 0.142857
Queue size: 6
Visiting neighbor trace: 17
Intersection size: 2
Step: 0.222222
Tj part: 0.250000
Queue size: 6
Visiting neighbor trace: 2
Intersection size: 1
Step: 0.111111
Tj part: 0.056099
Queue size: 7
Current trace: 3 with activation 0.111111
Visited neighbors: 7
Visiting neighbor trace: 1
Intersection size: 3
Step: 0.047619
Tj part: 0.375000
Queue size: 6
Visiting neighbor trace: 6
Intersection size: 1
Step: 0.015873
Tj part: 0.066920
Queue size: 6
Visiting neighbor trace: 9
Intersection size: 1
Step: 0.015873
Tj part: 0.125000
Queue size: 6
Visiting neighbor trace: 11
Intersection size: 3
Step: 0.047619
Tj part: 0.375000
Queue size: 6
Visiting neighbor trace: 13
Intersection size: 2
Step: 0.031746
Tj part: 0.153846
Queue size: 6
Visiting neighbor trace: 19
Intersection size: 1
Step: 0.015873
Tj part: 0.111111
Queue size: 6
Visiting neighbor trace: 14
Intersection size: 1
Step: 0.015873
Tj part: 0.111111
Queue size: 6
Current trace: 6 with activation 0.111111
Visited neighbors: 9
Visiting neighbor trace: 1
Intersection size: 1
Step: 0.012346
Tj part: 0.125000
Queue size: 5
Visiting neighbor trace: 3
Intersection size: 1
Step: 0.012346
Tj part: 0.099050
Queue size: 5
Visiting neighbor trace: 9
Intersection size: 1
Step: 0.012346
Tj part: 0.125000
Queue size: 5
Visiting neighbor trace: 11
Intersection size: 1
Step: 0.012346
Tj part: 0.125000
Queue size: 5
Visiting neighbor trace: 13
Intersection size: 1
Step: 0.012346
Tj part: 0.076923
Queue size: 5
Visiting neighbor trace: 19
Intersection size: 1
Step: 0.012346
Tj part: 0.111111
Queue size: 5
Visiting neighbor trace: 17
Intersection size: 1
Step: 0.012346
Tj part: 0.125000
Queue size: 5
Visiting neighbor trace: 8
Intersection size: 1
Step: 0.012346
Tj part: 0.069188
Queue size: 5
Visiting neighbor trace: 16
Intersection size: 1
Step: 0.012346
Tj part: 0.071429
Queue size: 5
Current trace: 5 with activation 0.111111
Visited neighbors: 7
Visiting neighbor trace: 1
Intersection size: 2
Step: 0.031746
Tj part: 0.250000
Queue size: 4
Visiting neighbor trace: 11
Intersection size: 2
Step: 0.031746
Tj part: 0.250000
Queue size: 4
Visiting neighbor trace: 13
Intersection size: 1
Step: 0.015873
Tj part: 0.076923
Queue size: 4
Visiting neighbor trace: 15
Intersection size: 1
Step: 0.015873
Tj part: 0.083333
Queue size: 4
Visiting neighbor trace: 16
Intersection size: 1
Step: 0.015873
Tj part: 0.071429
Queue size: 4
Visiting neighbor trace: 17
Intersection size: 1
Step: 0.015873
Tj part: 0.125000
Queue size: 4
Visiting neighbor trace: 19
Intersection size: 1
Step: 0.015873
Tj part: 0.111111
Queue size: 4
Current trace: 13 with activation 0.222222
Visited neighbors: 11
Visiting neighbor trace: 1
Intersection size: 3
Step: 0.051282
Tj part: 0.375000
Queue size: 3
Visiting neighbor trace: 3
Intersection size: 2
Step: 0.034188
Tj part: 0.198100
Queue size: 3
Visiting neighbor trace: 6
Intersection size: 1
Step: 0.017094
Tj part: 0.066920
Queue size: 3
Visiting neighbor trace: 9
Intersection size: 1
Step: 0.017094
Tj part: 0.125000
Queue size: 3
Visiting neighbor trace: 11
Intersection size: 3
Step: 0.051282
Tj part: 0.375000
Queue size: 3
Visiting neighbor trace: 19
Intersection size: 2
Step: 0.034188
Tj part: 0.222222
Queue size: 3
Visiting neighbor trace: 5
Intersection size: 1
Step: 0.017094
Tj part: 0.088882
Queue size: 3
Visiting neighbor trace: 15
Intersection size: 1
Step: 0.017094
Tj part: 0.083333
Queue size: 3
Visiting neighbor trace: 16
Intersection size: 2
Step: 0.034188
Tj part: 0.142857
Queue size: 3
Visiting neighbor trace: 17
Intersection size: 1
Step: 0.017094
Tj part: 0.125000
Queue size: 3
Visiting neighbor trace: 14
Intersection size: 2
Step: 0.034188
Tj part: 0.222222
Queue size: 3
Current trace: 15 with activation 0.444444
Visited neighbors: 7
Visiting neighbor trace: 1
Intersection size: 1
Step: 0.037037
Tj part: 0.125000
Queue size: 2
Visiting neighbor trace: 5
Intersection size: 1
Step: 0.037037
Tj part: 0.088882
Queue size: 2
Visiting neighbor trace: 11
Intersection size: 1
Step: 0.037037
Tj part: 0.125000
Queue size: 2
Visiting neighbor trace: 13
Intersection size: 1
Step: 0.037037
Tj part: 0.076923
Queue size: 2
Visiting neighbor trace: 16
Intersection size: 2
Step: 0.074074
Tj part: 0.142857
Queue size: 2
Visiting neighbor trace: 17
Intersection size: 2
Step: 0.074074
Tj part: 0.250000
Queue size: 2
Visiting neighbor trace: 19
Intersection size: 4
Step: 0.148148
Tj part: 0.444444
Queue size: 2
Current trace: 16 with activation 0.222222
Visited neighbors: 10
Visiting neighbor trace: 1
Intersection size: 1
Step: 0.015873
Tj part: 0.125000
Queue size: 1
Visiting neighbor trace: 5
Intersection size: 1
Step: 0.015873
Tj part: 0.088882
Queue size: 1
Visiting neighbor trace: 11
Intersection size: 1
Step: 0.015873
Tj part: 0.125000
Queue size: 1
Visiting neighbor trace: 13
Intersection size: 2
Step: 0.031746
Tj part: 0.153846
Queue size: 1
Visiting neighbor trace: 15
Intersection size: 2
Step: 0.031746
Tj part: 0.166667
Queue size: 1
Visiting neighbor trace: 17
Intersection size: 1
Step: 0.015873
Tj part: 0.125000
Queue size: 1
Visiting neighbor trace: 19
Intersection size: 2
Step: 0.031746
Tj part: 0.222222
Queue size: 1
Visiting neighbor trace: 2
Intersection size: 1
Step: 0.015873
Tj part: 0.063958
Queue size: 1
Visiting neighbor trace: 6
Intersection size: 1
Step: 0.015873
Tj part: 0.066920
Queue size: 1
Visiting neighbor trace: 8
Intersection size: 1
Step: 0.015873
Tj part: 0.069188
Queue size: 1
Current trace: 2 with activation 0.111111
Visited neighbors: 5
Visiting neighbor trace: 0
Intersection size: 1
Step: 0.015873
Tj part: 0.142857
Queue size: 0
Visiting neighbor trace: 10
Intersection size: 1
Step: 0.015873
Tj part: 0.142857
Queue size: 0
Visiting neighbor trace: 16
Intersection size: 1
Step: 0.015873
Tj part: 0.071429
Queue size: 0
Visiting neighbor trace: 19
Intersection size: 1
Step: 0.015873
Tj part: 0.111111
Queue size: 0
Visiting neighbor trace: 9
Intersection size: 1
Step: 0.015873
Tj part: 0.125000
Queue size: 0
Propagated trace for words: 9
Pruned traces for words: 9
Predicted understanding for words: 9
Processed words: 9
Error: 0.829852
Updating proficiency for words: 9
Adding trace for words: 9
Added trace for words: 9
Propagating trace: 20 with activation 1.000000
Current trace: 20 with activation 1.000000
Visited neighbors: 12
Visiting neighbor trace: 17
Intersection size: 2
Step: 0.222222
Tj part: 0.250000
Queue size: 0
Visiting neighbor trace: 1
Intersection size: 1
Step: 0.111111
Tj part: 0.125000
Queue size: 0
Visiting neighbor trace: 13
Intersection size: 1
Step: 0.111111
Tj part: 0.076923
Queue size: 1
Visiting neighbor trace: 5
Intersection size: 1
Step: 0.111111
Tj part: 0.088882
Queue size: 2
Visiting neighbor trace: 19
Intersection size: 1
Step: 0.111111
Tj part: 0.111111
Queue size: 2
Visiting neighbor trace: 11
Intersection size: 1
Step: 0.111111
Tj part: 0.125000
Queue size: 2
Visiting neighbor trace: 15
Intersection size: 1
Step: 0.111111
Tj part: 0.083333
Queue size: 3
Visiting neighbor trace: 16
Intersection size: 3
Step: 0.333333
Tj part: 0.214286
Queue size: 4
Visiting neighbor trace: 2
Intersection size: 1
Step: 0.111111
Tj part: 0.063958
Queue size: 5
Visiting neighbor trace: 9
Intersection size: 1
Step: 0.111111
Tj part: 0.125000
Queue size: 5
Visiting neighbor trace: 6
Intersection size: 1
Step: 0.111111
Tj part: 0.066920
Queue size: 6
Visiting neighbor trace: 8
Intersection size: 2
Step: 0.222222
Tj part: 0.138377
Queue size: 7
Current trace: 13 with activation 0.111111
Visited neighbors: 12
Visiting neighbor trace: 1
Intersection size: 3
Step: 0.025641
Tj part: 0.375000
Queue size: 6
Visiting neighbor trace: 3
Intersection size: 2
Step: 0.017094
Tj part: 0.198100
Queue size: 6
Visiting neighbor trace: 6
Intersection size: 1
Step: 0.008547
Tj part: 0.071830
Queue size: 6
Visiting neighbor trace: 9
Intersection size: 1
Step: 0.008547
Tj part: 0.125000
Queue size: 6
Visiting neighbor trace: 11
Intersection size: 3
Step: 0.025641
Tj part: 0.375000
Queue size: 6
Visiting neighbor trace: 19
Intersection size: 2
Step: 0.017094
Tj part: 0.222222
Queue size: 6
Visiting neighbor trace: 5
Intersection size: 1
Step: 0.008547
Tj part: 0.092058
Queue size: 6
Visiting neighbor trace: 15
Intersection size: 1
Step: 0.008547
Tj part: 0.083333
Queue size: 6
Visiting neighbor trace: 16
Intersection size: 2
Step: 0.017094
Tj part: 0.142857
Queue size: 6
Visiting neighbor trace: 17
Intersection size: 1
Step: 0.008547
Tj part: 0.125000
Queue size: 6
Visiting neighbor trace: 20
Intersection size: 1
Step: 0.008547
Tj part: 0.111111
Queue size: 6
Visiting neighbor trace: 14
Intersection size: 2
Step: 0.017094
Tj part: 0.222222
Queue size: 6
Current trace: 5 with activation 0.111111
Visited neighbors: 8
Visiting neighbor trace: 1
Intersection size: 2
Step: 0.031746
Tj part: 0.250000
Queue size: 5
Visiting neighbor trace: 11
Intersection size: 2
Step: 0.031746
Tj part: 0.250000
Queue size: 5
Visiting neighbor trace: 13
Intersection size: 1
Step: 0.015873
Tj part: 0.076923
Queue size: 5
Visiting neighbor trace: 15
Intersection size: 1
Step: 0.015873
Tj part: 0.083333
Queue size: 5
Visiting neighbor trace: 16
Intersection size: 1
Step: 0.015873
Tj part: 0.071429
Queue size: 5
Visiting neighbor trace: 17
Intersection size: 1
Step: 0.015873
Tj part: 0.125000
Queue size: 5
Visiting neighbor trace: 19
Intersection size: 1
Step: 0.015873
Tj part: 0.111111
Queue size: 5
Visiting neighbor trace: 20
Intersection size: 1
Step: 0.015873
Tj part: 0.111111
Queue size: 5
Current trace: 15 with activation 0.111111
Visited neighbors: 8
Visiting neighbor trace: 1
Intersection size: 1
Step: 0.009259
Tj part: 0.125000
Queue size: 4
Visiting neighbor trace: 5
Intersection size: 1
Step: 0.009259
Tj part: 0.092058
Queue size: 4
Visiting neighbor trace: 11
Intersection size: 1
Step: 0.009259
Tj part: 0.125000
Queue size: 4
Visiting neighbor trace: 13
Intersection size: 1
Step: 0.009259
Tj part: 0.076923
Queue size: 4
Visiting neighbor trace: 16
Intersection size: 2
Step: 0.018519
Tj part: 0.142857
Queue size: 4
Visiting neighbor trace: 17
Intersection size: 2
Step: 0.018519
Tj part: 0.250000
Queue size: 4
Visiting neighbor trace: 19
Intersection size: 4
Step: 0.037037
Tj part: 0.444444
Queue size: 4
Visiting neighbor trace: 20
Intersection size: 1
Step: 0.009259
Tj part: 0.111111
Queue size: 4
Current trace: 16 with activation 0.333333
Visited neighbors: 11
Visiting neighbor trace: 1
Intersection size: 1
Step: 0.023810
Tj part: 0.125000
Queue size: 3
Visiting neighbor trace: 5
Intersection size: 1
Step: 0.023810
Tj part: 0.092058
Queue size: 3
Visiting neighbor trace: 11
Intersection size: 1
Step: 0.023810
Tj part: 0.125000
Queue size: 3
Visiting neighbor trace: 13
Intersection size: 2
Step: 0.047619
Tj part: 0.153846
Queue size: 3
Visiting neighbor trace: 15
Intersection size: 2
Step: 0.047619
Tj part: 0.166667
Queue size: 3
Visiting neighbor trace: 17
Intersection size: 1
Step: 0.023810
Tj part: 0.125000
Queue size: 3
Visiting neighbor trace: 19
Intersection size: 2
Step: 0.047619
Tj part: 0.222222
Queue size: 3
Visiting neighbor trace: 20
Intersection size: 3
Step: 0.071429
Tj part: 0.333333
Queue size: 3
Visiting neighbor trace: 2
Intersection size: 1
Step: 0.023810
Tj part: 0.070694
Queue size: 3
Visiting neighbor trace: 6
Intersection size: 1
Step: 0.023810
Tj part: 0.071830
Queue size: 3
Visiting neighbor trace: 8
Intersection size: 1
Step: 0.023810
Tj part: 0.078504
Queue size: 3
Current trace: 2 with activation 0.111111
Visited neighbors: 6
Visiting neighbor trace: 0
Intersection size: 1
Step: 0.015873
Tj part: 0.142857
Queue size: 2
Visiting neighbor trace: 10
Intersection size: 1
Step: 0.015873
Tj part: 0.142857
Queue size: 2
Visiting neighbor trace: 16
Intersection size: 1
Step: 0.015873
Tj part: 0.071429
Queue size: 2
Visiting neighbor trace: 20
Intersection size: 1
Step: 0.015873
Tj part: 0.111111
Queue size: 2
Visiting neighbor trace: 19
Intersection size: 1
Step: 0.015873
Tj part: 0.111111
Queue size: 2
Visiting neighbor trace: 9
Intersection size: 1
Step: 0.015873
Tj part: 0.125000
Queue size: 2
Current trace: 6 with activation 0.111111
Visited neighbors: 10
Visiting neighbor trace: 1
Intersection size: 1
Step: 0.012346
Tj part: 0.125000
Queue size: 1
Visiting neighbor trace: 3
Intersection size: 1
Step: 0.012346
Tj part: 0.099050
Queue size: 1
Visiting neighbor trace: 9
Intersection size: 1
Step: 0.012346
Tj part: 0.125000
Queue size: 1
Visiting neighbor trace: 11
Intersection size: 1
Step: 0.012346
Tj part: 0.125000
Queue size: 1
Visiting neighbor trace: 13
Intersection size: 1
Step: 0.012346
Tj part: 0.076923
Queue size: 1
Visiting neighbor trace: 19
Intersection size: 1
Step: 0.012346
Tj part: 0.111111
Queue size: 1
Visiting neighbor trace: 17
Intersection size: 1
Step: 0.012346
Tj part: 0.125000
Queue size: 1
Visiting neighbor trace: 8
Intersection size: 1
Step: 0.012346
Tj part: 0.078504
Queue size: 1
Visiting neighbor trace: 16
Intersection size: 1
Step: 0.012346
Tj part: 0.071429
Queue size: 1
Visiting neighbor trace: 20
Intersection size: 1
Step: 0.012346
Tj part: 0.111111
Queue size: 1
Current trace: 8 with activation 0.222222
Visited neighbors: 3
Visiting neighbor trace: 6
Intersection size: 1
Step: 0.024691
Tj part: 0.071830
Queue size: 0
Visiting neighbor trace: 16
Intersection size: 1
Step: 0.024691
Tj part: 0.071429
Queue size: 0
Visiting neighbor trace: 20
Intersection size: 2
Step: 0.049383
Tj part: 0.222222
Queue size: 0
Propagated trace for words: 9
Pruned traces for words: 9
Predicted understanding for words: 9
Processed words: 9
Error: 0.842105
Updating proficiency for words: 9
Adding trace for words: 9
Added trace for words: 9
Propagating trace: 21 with activation 1.000000
Current trace: 21 with activation 1.000000
Visited neighbors: 9
Visiting neighbor trace: 17
Intersection size: 1
Step: 0.111111
Tj part: 0.125000
Queue size: 0
Visiting neighbor trace: 9
Intersection size: 4
Step: 0.444444
Tj part: 0.500000
Queue size: 0
Visiting neighbor trace: 1
Intersection size: 1
Step: 0.111111
Tj part: 0.125000
Queue size: 0
Visiting neighbor trace: 19
Intersection size: 1
Step: 0.111111
Tj part: 0.111111
Queue size: 0
Visiting neighbor trace: 11
Intersection size: 1
Step: 0.111111
Tj part: 0.125000
Queue size: 0
Visiting neighbor trace: 3
Intersection size: 1
Step: 0.111111
Tj part: 0.099050
Queue size: 1
Visiting neighbor trace: 6
Intersection size: 1
Step: 0.111111
Tj part: 0.071830
Queue size: 2
Visiting neighbor trace: 13
Intersection size: 1
Step: 0.111111
Tj part: 0.076923
Queue size: 3
Visiting neighbor trace: 20
Intersection size: 2
Step: 0.222222
Tj part: 0.222222
Queue size: 3
Current trace: 3 with activation 0.111111
Visited neighbors: 8
Visiting neighbor trace: 1
Intersection size: 3
Step: 0.047619
Tj part: 0.375000
Queue size: 2
Visiting neighbor trace: 6
Intersection size: 1
Step: 0.015873
Tj part: 0.076195
Queue size: 2
Visiting neighbor trace: 9
Intersection size: 1
Step: 0.015873
Tj part: 0.125000
Queue size: 2
Visiting neighbor trace: 11
Intersection size: 3
Step: 0.047619
Tj part: 0.375000
Queue size: 2
Visiting neighbor trace: 13
Intersection size: 2
Step: 0.031746
Tj part: 0.153846
Queue size: 2
Visiting neighbor trace: 19
Intersection size: 1
Step: 0.015873
Tj part: 0.111111
Queue size: 2
Visiting neighbor trace: 21
Intersection size: 1
Step: 0.015873
Tj part: 0.111111
Queue size: 2
Visiting neighbor trace: 14
Intersection size: 1
Step: 0.015873
Tj part: 0.111111
Queue size: 2
Current trace: 6 with activation 0.111111
Visited neighbors: 11
Visiting neighbor trace: 1
Intersection size: 1
Step: 0.012346
Tj part: 0.125000
Queue size: 1
Visiting neighbor trace: 3
Intersection size: 1
Step: 0.012346
Tj part: 0.100773
Queue size: 1
Visiting neighbor trace: 9
Intersection size: 1
Step: 0.012346
Tj part: 0.125000
Queue size: 1
Visiting neighbor trace: 11
Intersection size: 1
Step: 0.012346
Tj part: 0.125000
Queue size: 1
Visiting neighbor trace: 13
Intersection size: 1
Step: 0.012346
Tj part: 0.076923
Queue size: 1
Visiting neighbor trace: 19
Intersection size: 1
Step: 0.012346
Tj part: 0.111111
Queue size: 1
Visiting neighbor trace: 21
Intersection size: 1
Step: 0.012346
Tj part: 0.111111
Queue size: 1
Visiting neighbor trace: 17
Intersection size: 1
Step: 0.012346
Tj part: 0.125000
Queue size: 1
Visiting neighbor trace: 8
Intersection size: 1
Step: 0.012346
Tj part: 0.078504
Queue size: 1
Visiting neighbor trace: 16
Intersection size: 1
Step: 0.012346
Tj part: 0.071429
Queue size: 1
Visiting neighbor trace: 20
Intersection size: 1
Step: 0.012346
Tj part: 0.111111
Queue size: 1
Current trace: 13 with activation 0.111111
Visited neighbors: 13
Visiting neighbor trace: 1
Intersection size: 3
Step: 0.025641
Tj part: 0.375000
Queue size: 0
Visiting neighbor trace: 3
Intersection size: 2
Step: 0.017094
Tj part: 0.201546
Queue size: 0
Visiting neighbor trace: 6
Intersection size: 1
Step: 0.008547
Tj part: 0.076195
Queue size: 0
Visiting neighbor trace: 9
Intersection size: 1
Step: 0.008547
Tj part: 0.125000
Queue size: 0
Visiting neighbor trace: 11
Intersection size: 3
Step: 0.025641
Tj part: 0.375000
Queue size: 0
Visiting neighbor trace: 19
Intersection size: 2
Step: 0.017094
Tj part: 0.222222
Queue size: 0
Visiting neighbor trace: 21
Intersection size: 1
Step: 0.008547
Tj part: 0.111111
Queue size: 0
Visiting neighbor trace: 5
Intersection size: 1
Step: 0.008547
Tj part: 0.092058
Queue size: 0
Visiting neighbor trace: 15
Intersection size: 1
Step: 0.008547
Tj part: 0.083333
Queue size: 0
Visiting neighbor trace: 16
Intersection size: 2
Step: 0.017094
Tj part: 0.142857
Queue size: 0
Visiting neighbor trace: 17
Intersection size: 1
Step: 0.008547
Tj part: 0.125000
Queue size: 0
Visiting neighbor trace: 20
Intersection size: 1
Step: 0.008547
Tj part: 0.111111
Queue size: 0
Visiting neighbor trace: 14
Intersection size: 2
Step: 0.017094
Tj part: 0.222222
Queue size: 0
Propagated trace for words: 9
Pruned traces for words: 9
Predicted understanding for words: 9
Processed words: 9
Error: 0.840608
Updating proficiency for words: 10
Adding trace for words: 10
Added trace for words: 10
Propagating trace: 22 with activation 1.000000
Current trace: 22 with activation 1.000000
Visited neighbors: 13
Visiting neighbor trace: 17
Intersection size: 2
Step: 0.200000
Tj part: 0.250000
Queue size: 0
Visiting neighbor trace: 1
Intersection size: 1
Step: 0.100000
Tj part: 0.125000
Queue size: 0
Visiting neighbor trace: 13
Intersection size: 3
Step: 0.300000
Tj part: 0.230769
Queue size: 1
Visiting neighbor trace: 5
Intersection size: 2
Step: 0.200000
Tj part: 0.184115
Queue size: 2
Visiting neighbor trace: 19
Intersection size: 1
Step: 0.100000
Tj part: 0.111111
Queue size: 2
Visiting neighbor trace: 11
Intersection size: 1
Step: 0.100000
Tj part: 0.125000
Queue size: 2
Visiting neighbor trace: 15
Intersection size: 1
Step: 0.100000
Tj part: 0.083333
Queue size: 3
Visiting neighbor trace: 16
Intersection size: 2
Step: 0.200000
Tj part: 0.142857
Queue size: 4
Visiting neighbor trace: 20
Intersection size: 2
Step: 0.200000
Tj part: 0.222222
Queue size: 4
Visiting neighbor trace: 6
Intersection size: 2
Step: 0.200000
Tj part: 0.152390
Queue size: 5
Visiting neighbor trace: 0
Intersection size: 1
Step: 0.100000
Tj part: 0.142857
Queue size: 5
Visiting neighbor trace: 10
Intersection size: 1
Step: 0.100000
Tj part: 0.142857
Queue size: 5
Visiting neighbor trace: 8
Intersection size: 1
Step: 0.100000
Tj part: 0.078504
Queue size: 6
Current trace: 13 with activation 0.300000
Visited neighbors: 14
Visiting neighbor trace: 1
Intersection size: 3
Step: 0.069231
Tj part: 0.375000
Queue size: 5
Visiting neighbor trace: 3
Intersection size: 2
Step: 0.046154
Tj part: 0.201546
Queue size: 5
Visiting neighbor trace: 6
Intersection size: 1
Step: 0.023077
Tj part: 0.081485
Queue size: 5
Visiting neighbor trace: 9
Intersection size: 1
Step: 0.023077
Tj part: 0.125000
Queue size: 5
Visiting neighbor trace: 11
Intersection size: 3
Step: 0.069231
Tj part: 0.375000
Queue size: 5
Visiting neighbor trace: 19
Intersection size: 2
Step: 0.046154
Tj part: 0.222222
Queue size: 5
Visiting neighbor trace: 21
Intersection size: 1
Step: 0.023077
Tj part: 0.111111
Queue size: 5
Visiting neighbor trace: 5
Intersection size: 1
Step: 0.023077
Tj part: 0.094327
Queue size: 5
Visiting neighbor trace: 15
Intersection size: 1
Step: 0.023077
Tj part: 0.083333
Queue size: 5
Visiting neighbor trace: 16
Intersection size: 2
Step: 0.046154
Tj part: 0.142857
Queue size: 5
Visiting neighbor trace: 17
Intersection size: 1
Step: 0.023077
Tj part: 0.125000
Queue size: 5
Visiting neighbor trace: 20
Intersection size: 1
Step: 0.023077
Tj part: 0.111111
Queue size: 5
Visiting neighbor trace: 22
Intersection size: 3
Step: 0.069231
Tj part: 0.300000
Queue size: 5
Visiting neighbor trace: 14
Intersection size: 2
Step: 0.046154
Tj part: 0.222222
Queue size: 5
Current trace: 5 with activation 0.200000
Visited neighbors: 9
Visiting neighbor trace: 1
Intersection size: 2
Step: 0.057143
Tj part: 0.250000
Queue size: 4
Visiting neighbor trace: 11
Intersection size: 2
Step: 0.057143
Tj part: 0.250000
Queue size: 4
Visiting neighbor trace: 13
Intersection size: 1
Step: 0.028571
Tj part: 0.076923
Queue size: 4
Visiting neighbor trace: 15
Intersection size: 1
Step: 0.028571
Tj part: 0.083333
Queue size: 4
Visiting neighbor trace: 16
Intersection size: 1
Step: 0.028571
Tj part: 0.071429
Queue size: 4
Visiting neighbor trace: 17
Intersection size: 1
Step: 0.028571
Tj part: 0.125000
Queue size: 4
Visiting neighbor trace: 19
Intersection size: 1
Step: 0.028571
Tj part: 0.111111
Queue size: 4
Visiting neighbor trace: 20
Intersection size: 1
Step: 0.028571
Tj part: 0.111111
Queue size: 4
Visiting neighbor trace: 22
Intersection size: 2
Step: 0.057143
Tj part: 0.200000
Queue size: 4
Current trace: 15 with activation 0.100000
Visited neighbors: 9
Visiting neighbor trace: 1
Intersection size: 1
Step: 0.008333
Tj part: 0.125000
Queue size: 3
Visiting neighbor trace: 5
Intersection size: 1
Step: 0.008333
Tj part: 0.094327
Queue size: 3
Visiting neighbor trace: 11
Intersection size: 1
Step: 0.008333
Tj part: 0.125000
Queue size: 3
Visiting neighbor trace: 13
Intersection size: 1
Step: 0.008333
Tj part: 0.076923
Queue size: 3
Visiting neighbor trace: 16
Intersection size: 2
Step: 0.016667
Tj part: 0.142857
Queue size: 3
Visiting neighbor trace: 17
Intersection size: 2
Step: 0.016667
Tj part: 0.250000
Queue size: 3
Visiting neighbor trace: 19
Intersection size: 4
Step: 0.033333
Tj part: 0.444444
Queue size: 3
Visiting neighbor trace: 20
Intersection size: 1
Step: 0.008333
Tj part: 0.111111
Queue size: 3
Visiting neighbor trace: 22
Intersection size: 1
Step: 0.008333
Tj part: 0.100000
Queue size: 3
Current trace: 16 with activation 0.200000
Visited neighbors: 12
Visiting neighbor trace: 1
Intersection size: 1
Step: 0.014286
Tj part: 0.125000
Queue size: 2
Visiting neighbor trace: 5
Intersection size: 1
Step: 0.014286
Tj part: 0.094327
Queue size: 2
Visiting neighbor trace: 11
Intersection size: 1
Step: 0.014286
Tj part: 0.125000
Queue size: 2
Visiting neighbor trace: 13
Intersection size: 2
Step: 0.028571
Tj part: 0.153846
Queue size: 2
Visiting neighbor trace: 15
Intersection size: 2
Step: 0.028571
Tj part: 0.166667
Queue size: 2
Visiting neighbor trace: 17
Intersection size: 1
Step: 0.014286
Tj part: 0.125000
Queue size: 2
Visiting neighbor trace: 19
Intersection size: 2
Step: 0.028571
Tj part: 0.222222
Queue size: 2
Visiting neighbor trace: 20
Intersection size: 3
Step: 0.042857
Tj part: 0.333333
Queue size: 2
Visiting neighbor trace: 22
Intersection size: 2
Step: 0.028571
Tj part: 0.200000
Queue size: 2
Visiting neighbor trace: 2
Intersection size: 1
Step: 0.014286
Tj part: 0.070694
Queue size: 2
Visiting neighbor trace: 6
Intersection size: 1
Step: 0.014286
Tj part: 0.081485
Queue size: 2
Visiting neighbor trace: 8
Intersection size: 1
Step: 0.014286
Tj part: 0.080893
Queue size: 2
Current trace: 6 with activation 0.200000
Visited neighbors: 12
Visiting neighbor trace: 1
Intersection size: 1
Step: 0.022222
Tj part: 0.125000
Queue size: 1
Visiting neighbor trace: 3
Intersection size: 1
Step: 0.022222
Tj part: 0.100773
Queue size: 1
Visiting neighbor trace: 9
Intersection size: 1
Step: 0.022222
Tj part: 0.125000
Queue size: 1
Visiting neighbor trace: 11
Intersection size: 1
Step: 0.022222
Tj part: 0.125000
Queue size: 1
Visiting neighbor trace: 13
Intersection size: 1
Step: 0.022222
Tj part: 0.076923
Queue size: 1
Visiting neighbor trace: 19
Intersection size: 1
Step: 0.022222
Tj part: 0.111111
Queue size: 1
Visiting neighbor trace: 21
Intersection size: 1
Step: 0.022222
Tj part: 0.111111
Queue size: 1
Visiting neighbor trace: 17
Intersection size: 1
Step: 0.022222
Tj part: 0.125000
Queue size: 1
Visiting neighbor trace: 22
Intersection size: 2
Step: 0.044444
Tj part: 0.200000
Queue size: 1
Visiting neighbor trace: 8
Intersection size: 1
Step: 0.022222
Tj part: 0.080893
Queue size: 1
Visiting neighbor trace: 16
Intersection size: 1
Step: 0.022222
Tj part: 0.071429
Queue size: 1
Visiting neighbor trace: 20
Intersection size: 1
Step: 0.022222
Tj part: 0.111111
Queue size: 1
Current trace: 8 with activation 0.100000
Visited neighbors: 4
Visiting neighbor trace: 6
Intersection size: 1
Step: 0.011111
Tj part: 0.081485
Queue size: 0
Visiting neighbor trace: 16
Intersection size: 1
Step: 0.011111
Tj part: 0.071429
Queue size: 0
Visiting neighbor trace: 20
Intersection size: 2
Step: 0.022222
Tj part: 0.222222
Queue size: 0
Visiting neighbor trace: 22
Intersection size: 1
Step: 0.011111
Tj part: 0.100000
Queue size: 0
Propagated trace for words: 10
Pruned traces for words: 10
Predicted understanding for words: 10
Processed words: 10
Error: 0.824900
Updating proficiency for words: 9
Adding trace for words: 9
Added trace for words: 9
Propagating trace: 23 with activation 1.000000
Current trace: 23 with activation 1.000000
Visited neighbors: 13
Visiting neighbor trace: 17
Intersection size: 1
Step: 0.111111
Tj part: 0.125000
Queue size: 0
Visiting neighbor trace: 1
Intersection size: 1
Step: 0.111111
Tj part: 0.125000
Queue size: 0
Visiting neighbor trace: 13
Intersection size: 1
Step: 0.111111
Tj part: 0.076923
Queue size: 1
Visiting neighbor trace: 5
Intersection size: 1
Step: 0.111111
Tj part: 0.094327
Queue size: 2
Visiting neighbor trace: 19
Intersection size: 4
Step: 0.444444
Tj part: 0.444444
Queue size: 2
Visiting neighbor trace: 11
Intersection size: 1
Step: 0.111111
Tj part: 0.125000
Queue size: 2
Visiting neighbor trace: 15
Intersection size: 2
Step: 0.222222
Tj part: 0.166667
Queue size: 3
Visiting neighbor trace: 16
Intersection size: 1
Step: 0.111111
Tj part: 0.071429
Queue size: 4
Visiting neighbor trace: 20
Intersection size: 1
Step: 0.111111
Tj part: 0.111111
Queue size: 4
Visiting neighbor trace: 22
Intersection size: 2
Step: 0.222222
Tj part: 0.200000
Queue size: 5
Visiting neighbor trace: 0
Intersection size: 1
Step: 0.111111
Tj part: 0.142857
Queue size: 5
Visiting neighbor trace: 2
Intersection size: 2
Step: 0.222222
Tj part: 0.141388
Queue size: 6
Visiting neighbor trace: 10
Intersection size: 1
Step: 0.111111
Tj part: 0.142857
Queue size: 6
Current trace: 13 with activation 0.111111
Visited neighbors: 15
Visiting neighbor trace: 1
Intersection size: 3
Step: 0.025641
Tj part: 0.375000
Queue size: 5
Visiting neighbor trace: 3
Intersection size: 2
Step: 0.017094
Tj part: 0.201546
Queue size: 5
Visiting neighbor trace: 6
Intersection size: 1
Step: 0.008547
Tj part: 0.081485
Queue size: 5
Visiting neighbor trace: 9
Intersection size: 1
Step: 0.008547
Tj part: 0.125000
Queue size: 5
Visiting neighbor trace: 11
Intersection size: 3
Step: 0.025641
Tj part: 0.375000
Queue size: 5
Visiting neighbor trace: 19
Intersection size: 2
Step: 0.017094
Tj part: 0.222222
Queue size: 5
Visiting neighbor trace: 21
Intersection size: 1
Step: 0.008547
Tj part: 0.111111
Queue size: 5
Visiting neighbor trace: 5
Intersection size: 1
Step: 0.008547
Tj part: 0.096725
Queue size: 5
Visiting neighbor trace: 15
Intersection size: 1
Step: 0.008547
Tj part: 0.083333
Queue size: 5
Visiting neighbor trace: 16
Intersection size: 2
Step: 0.017094
Tj part: 0.142857
Queue size: 5
Visiting neighbor trace: 17
Intersection size: 1
Step: 0.008547
Tj part: 0.125000
Queue size: 5
Visiting neighbor trace: 20
Intersection size: 1
Step: 0.008547
Tj part: 0.111111
Queue size: 5
Visiting neighbor trace: 22
Intersection size: 3
Step: 0.025641
Tj part: 0.300000
Queue size: 5
Visiting neighbor trace: 23
Intersection size: 1
Step: 0.008547
Tj part: 0.111111
Queue size: 5
Visiting neighbor trace: 14
Intersection size: 2
Step: 0.017094
Tj part: 0.222222
Queue size: 5
Current trace: 5 with activation 0.111111
Visited neighbors: 10
Visiting neighbor trace: 1
Intersection size: 2
Step: 0.031746
Tj part: 0.250000
Queue size: 4
Visiting neighbor trace: 11
Intersection size: 2
Step: 0.031746
Tj part: 0.250000
Queue size: 4
Visiting neighbor trace: 13
Intersection size: 1
Step: 0.015873
Tj part: 0.076923
Queue size: 4
Visiting neighbor trace: 15
Intersection size: 1
Step: 0.015873
Tj part: 0.083333
Queue size: 4
Visiting neighbor trace: 16
Intersection size: 1
Step: 0.015873
Tj part: 0.071429
Queue size: 4
Visiting neighbor trace: 17
Intersection size: 1
Step: 0.015873
Tj part: 0.125000
Queue size: 4
Visiting neighbor trace: 19
Intersection size: 1
Step: 0.015873
Tj part: 0.111111
Queue size: 4
Visiting neighbor trace: 20
Intersection size: 1
Step: 0.015873
Tj part: 0.111111
Queue size: 4
Visiting neighbor trace: 22
Intersection size: 2
Step: 0.031746
Tj part: 0.200000
Queue size: 4
Visiting neighbor trace: 23
Intersection size: 1
Step: 0.015873
Tj part: 0.111111
Queue size: 4
Current trace: 15 with activation 0.222222
Visited neighbors: 10
Visiting neighbor trace: 1
Intersection size: 1
Step: 0.018519
Tj part: 0.125000
Queue size: 3
Visiting neighbor trace: 5
Intersection size: 1
Step: 0.018519
Tj part: 0.096725
Queue size: 3
Visiting neighbor trace: 11
Intersection size: 1
Step: 0.018519
Tj part: 0.125000
Queue size: 3
Visiting neighbor trace: 13
Intersection size: 1
Step: 0.018519
Tj part: 0.076923
Queue size: 3
Visiting neighbor trace: 16
Intersection size: 2
Step: 0.037037
Tj part: 0.142857
Queue size: 3
Visiting neighbor trace: 17
Intersection size: 2
Step: 0.037037
Tj part: 0.250000
Queue size: 3
Visiting neighbor trace: 19
Intersection size: 4
Step: 0.074074
Tj part: 0.444444
Queue size: 3
Visiting neighbor trace: 20
Intersection size: 1
Step: 0.018519
Tj part: 0.111111
Queue size: 3
Visiting neighbor trace: 22
Intersection size: 1
Step: 0.018519
Tj part: 0.100000
Queue size: 3
Visiting neighbor trace: 23
Intersection size: 2
Step: 0.037037
Tj part: 0.222222
Queue size: 3
Current trace: 16 with activation 0.111111
Visited neighbors: 13
Visiting neighbor trace: 1
Intersection size: 1
Step: 0.007937
Tj part: 0.125000
Queue size: 2
Visiting neighbor trace: 5
Intersection size: 1
Step: 0.007937
Tj part: 0.096725
Queue size: 2
Visiting neighbor trace: 11
Intersection size: 1
Step: 0.007937
Tj part: 0.125000
Queue size: 2
Visiting neighbor trace: 13
Intersection size: 2
Step: 0.015873
Tj part: 0.153846
Queue size: 2
Visiting neighbor trace: 15
Intersection size: 2
Step: 0.015873
Tj part: 0.166667
Queue size: 2
Visiting neighbor trace: 17
Intersection size: 1
Step: 0.007937
Tj part: 0.125000
Queue size: 2
Visiting neighbor trace: 19
Intersection size: 2
Step: 0.015873
Tj part: 0.222222
Queue size: 2
Visiting neighbor trace: 20
Intersection size: 3
Step: 0.023810
Tj part: 0.333333
Queue size: 2
Visiting neighbor trace: 22
Intersection size: 2
Step: 0.015873
Tj part: 0.200000
Queue size: 2
Visiting neighbor trace: 23
Intersection size: 1
Step: 0.007937
Tj part: 0.111111
Queue size: 2
Visiting neighbor trace: 2
Intersection size: 1
Step: 0.007937
Tj part: 0.082242
Queue size: 2
Visiting neighbor trace: 6
Intersection size: 1
Step: 0.007937
Tj part: 0.081485
Queue size: 2
Visiting neighbor trace: 8
Intersection size: 1
Step: 0.007937
Tj part: 0.080893
Queue size: 2
Current trace: 22 with activation 0.222222
Visited neighbors: 14
Visiting neighbor trace: 1
Intersection size: 1
Step: 0.022222
Tj part: 0.125000
Queue size: 1
Visiting neighbor trace: 5
Intersection size: 2
Step: 0.044444
Tj part: 0.193449
Queue size: 1
Visiting neighbor trace: 11
Intersection size: 1
Step: 0.022222
Tj part: 0.125000
Queue size: 1
Visiting neighbor trace: 13
Intersection size: 3
Step: 0.066667
Tj part: 0.230769
Queue size: 1
Visiting neighbor trace: 15
Intersection size: 1
Step: 0.022222
Tj part: 0.083333
Queue size: 1
Visiting neighbor trace: 16
Intersection size: 2
Step: 0.044444
Tj part: 0.142857
Queue size: 1
Visiting neighbor trace: 17
Intersection size: 2
Step: 0.044444
Tj part: 0.250000
Queue size: 1
Visiting neighbor trace: 19
Intersection size: 1
Step: 0.022222
Tj part: 0.111111
Queue size: 1
Visiting neighbor trace: 20
Intersection size: 2
Step: 0.044444
Tj part: 0.222222
Queue size: 1
Visiting neighbor trace: 23
Intersection size: 2
Step: 0.044444
Tj part: 0.222222
Queue size: 1
Visiting neighbor trace: 6
Intersection size: 2
Step: 0.044444
Tj part: 0.162970
Queue size: 1
Visiting neighbor trace: 0
Intersection size: 1
Step: 0.022222
Tj part: 0.142857
Queue size: 1
Visiting neighbor trace: 10
Intersection size: 1
Step: 0.022222
Tj part: 0.142857
Queue size: 1
Visiting neighbor trace: 8
Intersection size: 1
Step: 0.022222
Tj part: 0.080893
Queue size: 1
Current trace: 2 with activation 0.222222
Visited neighbors: 7
Visiting neighbor trace: 0
Intersection size: 1
Step: 0.031746
Tj part: 0.142857
Queue size: 0
Visiting neighbor trace: 10
Intersection size: 1
Step: 0.031746
Tj part: 0.142857
Queue size: 0
Visiting neighbor trace: 23
Intersection size: 2
Step: 0.063492
Tj part: 0.222222
Queue size: 0
Visiting neighbor trace: 16
Intersection size: 1
Step: 0.031746
Tj part: 0.071429
Queue size: 0
Visiting neighbor trace: 20
Intersection size: 1
Step: 0.031746
Tj part: 0.111111
Queue size: 0
Visiting neighbor trace: 19
Intersection size: 1
Step: 0.031746
Tj part: 0.111111
Queue size: 0
Visiting neighbor trace: 9
Intersection size: 1
Step: 0.031746
Tj part: 0.125000
Queue size: 0
Propagated trace for words: 9
Pruned traces for words: 9
Predicted understanding for words: 9
Processed words: 9
Error: -0.166627
Updating proficiency for words: 9
Adding trace for words: 9
Added trace for words: 9
Propagating trace: 24 with activation 1.000000
Current trace: 24 with activation 1.000000
Visited neighbors: 15
Visiting neighbor trace: 17
Intersection size: 1
Step: 0.111111
Tj part: 0.125000
Queue size: 0
Visiting neighbor trace: 1
Intersection size: 1
Step: 0.111111
Tj part: 0.125000
Queue size: 0
Visiting neighbor trace: 13
Intersection size: 1
Step: 0.111111
Tj part: 0.076923
Queue size: 1
Visiting neighbor trace: 5
Intersection size: 1
Step: 0.111111
Tj part: 0.096725
Queue size: 2
Visiting neighbor trace: 19
Intersection size: 2
Step: 0.222222
Tj part: 0.222222
Queue size: 2
Visiting neighbor trace: 11
Intersection size: 1
Step: 0.111111
Tj part: 0.125000
Queue size: 2
Visiting neighbor trace: 15
Intersection size: 1
Step: 0.111111
Tj part: 0.083333
Queue size: 3
Visiting neighbor trace: 16
Intersection size: 2
Step: 0.222222
Tj part: 0.142857
Queue size: 4
Visiting neighbor trace: 20
Intersection size: 1
Step: 0.111111
Tj part: 0.111111
Queue size: 4
Visiting neighbor trace: 22
Intersection size: 1
Step: 0.111111
Tj part: 0.100000
Queue size: 5
Visiting neighbor trace: 23
Intersection size: 2
Step: 0.222222
Tj part: 0.222222
Queue size: 5
Visiting neighbor trace: 7
Intersection size: 1
Step: 0.111111
Tj part: 0.088569
Queue size: 6
Visiting neighbor trace: 12
Intersection size: 1
Step: 0.111111
Tj part: 0.125000
Queue size: 6
Visiting neighbor trace: 14
Intersection size: 1
Step: 0.111111
Tj part: 0.111111
Queue size: 6
Visiting neighbor trace: 2
Intersection size: 1
Step: 0.111111
Tj part: 0.082242
Queue size: 7
Current trace: 13 with activation 0.111111
Visited neighbors: 16
Visiting neighbor trace: 1
Intersection size: 3
Step: 0.025641
Tj part: 0.375000
Queue size: 6
Visiting neighbor trace: 3
Intersection size: 2
Step: 0.017094
Tj part: 0.201546
Queue size: 6
Visiting neighbor trace: 6
Intersection size: 1
Step: 0.008547
Tj part: 0.081485
Queue size: 6
Visiting neighbor trace: 9
Intersection size: 1
Step: 0.008547
Tj part: 0.125000
Queue size: 6
Visiting neighbor trace: 11
Intersection size: 3
Step: 0.025641
Tj part: 0.375000
Queue size: 6
Visiting neighbor trace: 19
Intersection size: 2
Step: 0.017094
Tj part: 0.222222
Queue size: 6
Visiting neighbor trace: 21
Intersection size: 1
Step: 0.008547
Tj part: 0.111111
Queue size: 6
Visiting neighbor trace: 5
Intersection size: 1
Step: 0.008547
Tj part: 0.098780
Queue size: 6
Visiting neighbor trace: 15
Intersection size: 1
Step: 0.008547
Tj part: 0.083333
Queue size: 6
Visiting neighbor trace: 16
Intersection size: 2
Step: 0.017094
Tj part: 0.142857
Queue size: 6
Visiting neighbor trace: 17
Intersection size: 1
Step: 0.008547
Tj part: 0.125000
Queue size: 6
Visiting neighbor trace: 20
Intersection size: 1
Step: 0.008547
Tj part: 0.111111
Queue size: 6
Visiting neighbor trace: 22
Intersection size: 3
Step: 0.025641
Tj part: 0.300000
Queue size: 6
Visiting neighbor trace: 23
Intersection size: 1
Step: 0.008547
Tj part: 0.111111
Queue size: 6
Visiting neighbor trace: 24
Intersection size: 1
Step: 0.008547
Tj part: 0.111111
Queue size: 6
Visiting neighbor trace: 14
Intersection size: 2
Step: 0.017094
Tj part: 0.222222
Queue size: 6
Current trace: 5 with activation 0.111111
Visited neighbors: 11
Visiting neighbor trace: 1
Intersection size: 2
Step: 0.031746
Tj part: 0.250000
Queue size: 5
Visiting neighbor trace: 11
Intersection size: 2
Step: 0.031746
Tj part: 0.250000
Queue size: 5
Visiting neighbor trace: 13
Intersection size: 1
Step: 0.015873
Tj part: 0.076923
Queue size: 5
Visiting neighbor trace: 15
Intersection size: 1
Step: 0.015873
Tj part: 0.083333
Queue size: 5
Visiting neighbor trace: 16
Intersection size: 1
Step: 0.015873
Tj part: 0.071429
Queue size: 5
Visiting neighbor trace: 17
Intersection size: 1
Step: 0.015873
Tj part: 0.125000
Queue size: 5
Visiting neighbor trace: 19
Intersection size: 1
Step: 0.015873
Tj part: 0.111111
Queue size: 5
Visiting neighbor trace: 20
Intersection size: 1
Step: 0.015873
Tj part: 0.111111
Queue size: 5
Visiting neighbor trace: 22
Intersection size: 2
Step: 0.031746
Tj part: 0.200000
Queue size: 5
Visiting neighbor trace: 23
Intersection size: 1
Step: 0.015873
Tj part: 0.111111
Queue size: 5
Visiting neighbor trace: 24
Intersection size: 1
Step: 0.015873
Tj part: 0.111111
Queue size: 5
Current trace: 15 with activation 0.111111
Visited neighbors: 11
Visiting neighbor trace: 1
Intersection size: 1
Step: 0.009259
Tj part: 0.125000
Queue size: 4
Visiting neighbor trace: 5
Intersection size: 1
Step: 0.009259
Tj part: 0.098780
Queue size: 4
Visiting neighbor trace: 11
Intersection size: 1
Step: 0.009259
Tj part: 0.125000
Queue size: 4
Visiting neighbor trace: 13
Intersection size: 1
Step: 0.009259
Tj part: 0.076923
Queue size: 4
Visiting neighbor trace: 16
Intersection size: 2
Step: 0.018519
Tj part: 0.142857
Queue size: 4
Visiting neighbor trace: 17
Intersection size: 2
Step: 0.018519
Tj part: 0.250000
Queue size: 4
Visiting neighbor trace: 19
Intersection size: 4
Step: 0.037037
Tj part: 0.444444
Queue size: 4
Visiting neighbor trace: 20
Intersection size: 1
Step: 0.009259
Tj part: 0.111111
Queue size: 4
Visiting neighbor trace: 22
Intersection size: 1
Step: 0.009259
Tj part: 0.100000
Queue size: 4
Visiting neighbor trace: 23
Intersection size: 2
Step: 0.018519
Tj part: 0.222222
Queue size: 4
Visiting neighbor trace: 24
Intersection size: 1
Step: 0.009259
Tj part: 0.111111
Queue size: 4
Current trace: 16 with activation 0.222222
Visited neighbors: 14
Visiting neighbor trace: 1
Intersection size: 1
Step: 0.015873
Tj part: 0.125000
Queue size: 3
Visiting neighbor trace: 5
Intersection size: 1
Step: 0.015873
Tj part: 0.098780
Queue size: 3
Visiting neighbor trace: 11
Intersection size: 1
Step: 0.015873
Tj part: 0.125000
Queue size: 3
Visiting neighbor trace: 13
Intersection size: 2
Step: 0.031746
Tj part: 0.153846
Queue size: 3
Visiting neighbor trace: 15
Intersection size: 2
Step: 0.031746
Tj part: 0.166667
Queue size: 3
Visiting neighbor trace: 17
Intersection size: 1
Step: 0.015873
Tj part: 0.125000
Queue size: 3
Visiting neighbor trace: 19
Intersection size: 2
Step: 0.031746
Tj part: 0.222222
Queue size: 3
Visiting neighbor trace: 20
Intersection size: 3
Step: 0.047619
Tj part: 0.333333
Queue size: 3
Visiting neighbor trace: 22
Intersection size: 2
Step: 0.031746
Tj part: 0.200000
Queue size: 3
Visiting neighbor trace: 23
Intersection size: 1
Step: 0.015873
Tj part: 0.111111
Queue size: 3
Visiting neighbor trace: 24
Intersection size: 2
Step: 0.031746
Tj part: 0.222222
Queue size: 3
Visiting neighbor trace: 2
Intersection size: 1
Step: 0.015873
Tj part: 0.086366
Queue size: 3
Visiting neighbor trace: 6
Intersection size: 1
Step: 0.015873
Tj part: 0.081485
Queue size: 3
Visiting neighbor trace: 8
Intersection size: 1
Step: 0.015873
Tj part: 0.080893
Queue size: 3
Current trace: 22 with activation 0.111111
Visited neighbors: 15
Visiting neighbor trace: 1
Intersection size: 1
Step: 0.011111
Tj part: 0.125000
Queue size: 2
Visiting neighbor trace: 5
Intersection size: 2
Step: 0.022222
Tj part: 0.197560
Queue size: 2
Visiting neighbor trace: 11
Intersection size: 1
Step: 0.011111
Tj part: 0.125000
Queue size: 2
Visiting neighbor trace: 13
Intersection size: 3
Step: 0.033333
Tj part: 0.230769
Queue size: 2
Visiting neighbor trace: 15
Intersection size: 1
Step: 0.011111
Tj part: 0.083333
Queue size: 2
Visiting neighbor trace: 16
Intersection size: 2
Step: 0.022222
Tj part: 0.142857
Queue size: 2
Visiting neighbor trace: 17
Intersection size: 2
Step: 0.022222
Tj part: 0.250000
Queue size: 2
Visiting neighbor trace: 19
Intersection size: 1
Step: 0.011111
Tj part: 0.111111
Queue size: 2
Visiting neighbor trace: 20
Intersection size: 2
Step: 0.022222
Tj part: 0.222222
Queue size: 2
Visiting neighbor trace: 23
Intersection size: 2
Step: 0.022222
Tj part: 0.222222
Queue size: 2
Visiting neighbor trace: 24
Intersection size: 1
Step: 0.011111
Tj part: 0.111111
Queue size: 2
Visiting neighbor trace: 6
Intersection size: 2
Step: 0.022222
Tj part: 0.162970
Queue size: 2
Visiting neighbor trace: 0
Intersection size: 1
Step: 0.011111
Tj part: 0.142857
Queue size: 2
Visiting neighbor trace: 10
Intersection size: 1
Step: 0.011111
Tj part: 0.142857
Queue size: 2
Visiting neighbor trace: 8
Intersection size: 1
Step: 0.011111
Tj part: 0.080893
Queue size: 2
Current trace: 7 with activation 0.111111
Visited neighbors: 1
Visiting neighbor trace: 24
Intersection size: 1
Step: 0.015873
Tj part: 0.111111
Queue size: 1
Current trace: 2 with activation 0.111111
Visited neighbors: 8
Visiting neighbor trace: 0
Intersection size: 1
Step: 0.015873
Tj part: 0.142857
Queue size: 0
Visiting neighbor trace: 10
Intersection size: 1
Step: 0.015873
Tj part: 0.142857
Queue size: 0
Visiting neighbor trace: 23
Intersection size: 2
Step: 0.031746
Tj part: 0.222222
Queue size: 0
Visiting neighbor trace: 16
Intersection size: 1
Step: 0.015873
Tj part: 0.071429
Queue size: 0
Visiting neighbor trace: 20
Intersection size: 1
Step: 0.015873
Tj part: 0.111111
Queue size: 0
Visiting neighbor trace: 19
Intersection size: 1
Step: 0.015873
Tj part: 0.111111
Queue size: 0
Visiting neighbor trace: 24
Intersection size: 1
Step: 0.015873
Tj part: 0.111111
Queue size: 0
Visiting neighbor trace: 9
Intersection size: 1
Step: 0.015873
Tj part: 0.125000
Queue size: 0
Propagated trace for words: 9
Pruned traces for words: 9
Predicted understanding for words: 9
Processed words: 9
Error: 0.341543
Updating proficiency for words: 12
Adding trace for words: 12
Added trace for words: 12
Propagating trace: 25 with activation 1.000000
Current trace: 25 with activation 1.000000
Visited neighbors: 18
Visiting neighbor trace: 17
Intersection size: 2
Step: 0.166667
Tj part: 0.250000
Queue size: 0
Visiting neighbor trace: 1
Intersection size: 1
Step: 0.083333
Tj part: 0.125000
Queue size: 0
Visiting neighbor trace: 13
Intersection size: 1
Step: 0.083333
Tj part: 0.076923
Queue size: 1
Visiting neighbor trace: 5
Intersection size: 1
Step: 0.083333
Tj part: 0.098780
Queue size: 1
Visiting neighbor trace: 19
Intersection size: 2
Step: 0.166667
Tj part: 0.222222
Queue size: 1
Visiting neighbor trace: 11
Intersection size: 1
Step: 0.083333
Tj part: 0.125000
Queue size: 1
Visiting neighbor trace: 15
Intersection size: 2
Step: 0.166667
Tj part: 0.166667
Queue size: 1
Visiting neighbor trace: 16
Intersection size: 3
Step: 0.250000
Tj part: 0.214286
Queue size: 2
Visiting neighbor trace: 20
Intersection size: 4
Step: 0.333333
Tj part: 0.444444
Queue size: 2
Visiting neighbor trace: 22
Intersection size: 2
Step: 0.166667
Tj part: 0.200000
Queue size: 2
Visiting neighbor trace: 23
Intersection size: 1
Step: 0.083333
Tj part: 0.111111
Queue size: 2
Visiting neighbor trace: 24
Intersection size: 2
Step: 0.166667
Tj part: 0.222222
Queue size: 2
Visiting neighbor trace: 12
Intersection size: 1
Step: 0.083333
Tj part: 0.125000
Queue size: 2
Visiting neighbor trace: 14
Intersection size: 1
Step: 0.083333
Tj part: 0.111111
Queue size: 2
Visiting neighbor trace: 9
Intersection size: 1
Step: 0.083333
Tj part: 0.125000
Queue size: 2
Visiting neighbor trace: 21
Intersection size: 2
Step: 0.166667
Tj part: 0.222222
Queue size: 2
Visiting neighbor trace: 6
Intersection size: 1
Step: 0.083333
Tj part: 0.081485
Queue size: 3
Visiting neighbor trace: 8
Intersection size: 1
Step: 0.083333
Tj part: 0.080893
Queue size: 4
Current trace: 13 with activation 0.083333
Visited neighbors: 17
Visiting neighbor trace: 1
Intersection size: 3
Step: 0.019231
Tj part: 0.375000
Queue size: 3
Visiting neighbor trace: 3
Intersection size: 2
Step: 0.012821
Tj part: 0.201546
Queue size: 3
Visiting neighbor trace: 6
Intersection size: 1
Step: 0.006410
Tj part: 0.081690
Queue size: 3
Visiting neighbor trace: 9
Intersection size: 1
Step: 0.006410
Tj part: 0.125000
Queue size: 3
Visiting neighbor trace: 11
Intersection size: 3
Step: 0.019231
Tj part: 0.375000
Queue size: 3
Visiting neighbor trace: 19
Intersection size: 2
Step: 0.012821
Tj part: 0.222222
Queue size: 3
Visiting neighbor trace: 21
Intersection size: 1
Step: 0.006410
Tj part: 0.111111
Queue size: 3
Visiting neighbor trace: 5
Intersection size: 1
Step: 0.006410
Tj part: 0.098780
Queue size: 3
Visiting neighbor trace: 15
Intersection size: 1
Step: 0.006410
Tj part: 0.083333
Queue size: 3
Visiting neighbor trace: 16
Intersection size: 2
Step: 0.012821
Tj part: 0.142857
Queue size: 3
Visiting neighbor trace: 17
Intersection size: 1
Step: 0.006410
Tj part: 0.125000
Queue size: 3
Visiting neighbor trace: 20
Intersection size: 1
Step: 0.006410
Tj part: 0.111111
Queue size: 3
Visiting neighbor trace: 22
Intersection size: 3
Step: 0.019231
Tj part: 0.300000
Queue size: 3
Visiting neighbor trace: 23
Intersection size: 1
Step: 0.006410
Tj part: 0.111111
Queue size: 3
Visiting neighbor trace: 24
Intersection size: 1
Step: 0.006410
Tj part: 0.111111
Queue size: 3
Visiting neighbor trace: 25
Intersection size: 1
Step: 0.006410
Tj part: 0.083333
Queue size: 3
Visiting neighbor trace: 14
Intersection size: 2
Step: 0.012821
Tj part: 0.222222
Queue size: 3
Current trace: 16 with activation 0.250000
Visited neighbors: 15
Visiting neighbor trace: 1
Intersection size: 1
Step: 0.017857
Tj part: 0.125000
Queue size: 2
Visiting neighbor trace: 5
Intersection size: 1
Step: 0.017857
Tj part: 0.098780
Queue size: 2
Visiting neighbor trace: 11
Intersection size: 1
Step: 0.017857
Tj part: 0.125000
Queue size: 2
Visiting neighbor trace: 13
Intersection size: 2
Step: 0.035714
Tj part: 0.153846
Queue size: 2
Visiting neighbor trace: 15
Intersection size: 2
Step: 0.035714
Tj part: 0.166667
Queue size: 2
Visiting neighbor trace: 17
Intersection size: 1
Step: 0.017857
Tj part: 0.125000
Queue size: 2
Visiting neighbor trace: 19
Intersection size: 2
Step: 0.035714
Tj part: 0.222222
Queue size: 2
Visiting neighbor trace: 20
Intersection size: 3
Step: 0.053571
Tj part: 0.333333
Queue size: 2
Visiting neighbor trace: 22
Intersection size: 2
Step: 0.035714
Tj part: 0.200000
Queue size: 2
Visiting neighbor trace: 23
Intersection size: 1
Step: 0.017857
Tj part: 0.111111
Queue size: 2
Visiting neighbor trace: 24
Intersection size: 2
Step: 0.035714
Tj part: 0.222222
Queue size: 2
Visiting neighbor trace: 25
Intersection size: 3
Step: 0.053571
Tj part: 0.250000
Queue size: 2
Visiting neighbor trace: 2
Intersection size: 1
Step: 0.017857
Tj part: 0.086366
Queue size: 2
Visiting neighbor trace: 6
Intersection size: 1
Step: 0.017857
Tj part: 0.081690
Queue size: 2
Visiting neighbor trace: 8
Intersection size: 1
Step: 0.017857
Tj part: 0.081164
Queue size: 2
Current trace: 6 with activation 0.083333
Visited neighbors: 13
Visiting neighbor trace: 1
Intersection size: 1
Step: 0.009259
Tj part: 0.125000
Queue size: 1
Visiting neighbor trace: 3
Intersection size: 1
Step: 0.009259
Tj part: 0.100773
Queue size: 1
Visiting neighbor trace: 9
Intersection size: 1
Step: 0.009259
Tj part: 0.125000
Queue size: 1
Visiting neighbor trace: 11
Intersection size: 1
Step: 0.009259
Tj part: 0.125000
Queue size: 1
Visiting neighbor trace: 13
Intersection size: 1
Step: 0.009259
Tj part: 0.076923
Queue size: 1
Visiting neighbor trace: 19
Intersection size: 1
Step: 0.009259
Tj part: 0.111111
Queue size: 1
Visiting neighbor trace: 21
Intersection size: 1
Step: 0.009259
Tj part: 0.111111
Queue size: 1
Visiting neighbor trace: 17
Intersection size: 1
Step: 0.009259
Tj part: 0.125000
Queue size: 1
Visiting neighbor trace: 22
Intersection size: 2
Step: 0.018519
Tj part: 0.200000
Queue size: 1
Visiting neighbor trace: 8
Intersection size: 1
Step: 0.009259
Tj part: 0.081164
Queue size: 1
Visiting neighbor trace: 16
Intersection size: 1
Step: 0.009259
Tj part: 0.071429
Queue size: 1
Visiting neighbor trace: 20
Intersection size: 1
Step: 0.009259
Tj part: 0.111111
Queue size: 1
Visiting neighbor trace: 25
Intersection size: 1
Step: 0.009259
Tj part: 0.083333
Queue size: 1
Current trace: 8 with activation 0.083333
Visited neighbors: 5
Visiting neighbor trace: 6
Intersection size: 1
Step: 0.009259
Tj part: 0.081690
Queue size: 0
Visiting neighbor trace: 16
Intersection size: 1
Step: 0.009259
Tj part: 0.071429
Queue size: 0
Visiting neighbor trace: 20
Intersection size: 2
Step: 0.018519
Tj part: 0.222222
Queue size: 0
Visiting neighbor trace: 22
Intersection size: 1
Step: 0.009259
Tj part: 0.100000
Queue size: 0
Visiting neighbor trace: 25
Intersection size: 1
Step: 0.009259
Tj part: 0.083333
Queue size: 0
Propagated trace for words: 12
Pruned traces for words: 12
Predicted understanding for words: 12
Processed words: 12
Error: 0.820009
Updating proficiency for words: 9
Adding trace for words: 9
Added trace for words: 9
Propagating trace: 26 with activation 1.000000
Current trace: 26 with activation 1.000000
Visited neighbors: 16
Visiting neighbor trace: 17
Intersection size: 1
Step: 0.111111
Tj part: 0.125000
Queue size: 0
Visiting neighbor trace: 1
Intersection size: 1
Step: 0.111111
Tj part: 0.125000
Queue size: 0
Visiting neighbor trace: 13
Intersection size: 2
Step: 0.222222
Tj part: 0.153846
Queue size: 1
Visiting neighbor trace: 5
Intersection size: 1
Step: 0.111111
Tj part: 0.098780
Queue size: 2
Visiting neighbor trace: 19
Intersection size: 1
Step: 0.111111
Tj part: 0.111111
Queue size: 2
Visiting neighbor trace: 11
Intersection size: 1
Step: 0.111111
Tj part: 0.125000
Queue size: 2
Visiting neighbor trace: 15
Intersection size: 2
Step: 0.222222
Tj part: 0.166667
Queue size: 3
Visiting neighbor trace: 16
Intersection size: 3
Step: 0.333333
Tj part: 0.214286
Queue size: 4
Visiting neighbor trace: 20
Intersection size: 2
Step: 0.222222
Tj part: 0.222222
Queue size: 4
Visiting neighbor trace: 22
Intersection size: 2
Step: 0.222222
Tj part: 0.200000
Queue size: 5
Visiting neighbor trace: 23
Intersection size: 1
Step: 0.111111
Tj part: 0.111111
Queue size: 5
Visiting neighbor trace: 24
Intersection size: 1
Step: 0.111111
Tj part: 0.111111
Queue size: 5
Visiting neighbor trace: 25
Intersection size: 2
Step: 0.222222
Tj part: 0.166667
Queue size: 6
Visiting neighbor trace: 14
Intersection size: 1
Step: 0.111111
Tj part: 0.111111
Queue size: 6
Visiting neighbor trace: 6
Intersection size: 1
Step: 0.111111
Tj part: 0.081690
Queue size: 7
Visiting neighbor trace: 8
Intersection size: 1
Step: 0.111111
Tj part: 0.081164
Queue size: 8
Current trace: 13 with activation 0.222222
Visited neighbors: 18
Visiting neighbor trace: 1
Intersection size: 3
Step: 0.051282
Tj part: 0.375000
Queue size: 7
Visiting neighbor trace: 3
Intersection size: 2
Step: 0.034188
Tj part: 0.201546
Queue size: 7
Visiting neighbor trace: 6
Intersection size: 1
Step: 0.017094
Tj part: 0.084959
Queue size: 7
Visiting neighbor trace: 9
Intersection size: 1
Step: 0.017094
Tj part: 0.125000
Queue size: 7
Visiting neighbor trace: 11
Intersection size: 3
Step: 0.051282
Tj part: 0.375000
Queue size: 7
Visiting neighbor trace: 19
Intersection size: 2
Step: 0.034188
Tj part: 0.222222
Queue size: 7
Visiting neighbor trace: 21
Intersection size: 1
Step: 0.017094
Tj part: 0.111111
Queue size: 7
Visiting neighbor trace: 5
Intersection size: 1
Step: 0.017094
Tj part: 0.100541
Queue size: 7
Visiting neighbor trace: 15
Intersection size: 1
Step: 0.017094
Tj part: 0.083333
Queue size: 7
Visiting neighbor trace: 16
Intersection size: 2
Step: 0.034188
Tj part: 0.142857
Queue size: 7
Visiting neighbor trace: 17
Intersection size: 1
Step: 0.017094
Tj part: 0.125000
Queue size: 7
Visiting neighbor trace: 20
Intersection size: 1
Step: 0.017094
Tj part: 0.111111
Queue size: 7
Visiting neighbor trace: 22
Intersection size: 3
Step: 0.051282
Tj part: 0.300000
Queue size: 7
Visiting neighbor trace: 23
Intersection size: 1
Step: 0.017094
Tj part: 0.111111
Queue size: 7
Visiting neighbor trace: 24
Intersection size: 1
Step: 0.017094
Tj part: 0.111111
Queue size: 7
Visiting neighbor trace: 25
Intersection size: 1
Step: 0.017094
Tj part: 0.083333
Queue size: 7
Visiting neighbor trace: 26
Intersection size: 2
Step: 0.034188
Tj part: 0.222222
Queue size: 7
Visiting neighbor trace: 14
Intersection size: 2
Step: 0.034188
Tj part: 0.222222
Queue size: 7
Current trace: 5 with activation 0.111111
Visited neighbors: 13
Visiting neighbor trace: 1
Intersection size: 2
Step: 0.031746
Tj part: 0.250000
Queue size: 6
Visiting neighbor trace: 11
Intersection size: 2
Step: 0.031746
Tj part: 0.250000
Queue size: 6
Visiting neighbor trace: 13
Intersection size: 1
Step: 0.015873
Tj part: 0.076923
Queue size: 6
Visiting neighbor trace: 15
Intersection size: 1
Step: 0.015873
Tj part: 0.083333
Queue size: 6
Visiting neighbor trace: 16
Intersection size: 1
Step: 0.015873
Tj part: 0.071429
Queue size: 6
Visiting neighbor trace: 17
Intersection size: 1
Step: 0.015873
Tj part: 0.125000
Queue size: 6
Visiting neighbor trace: 19
Intersection size: 1
Step: 0.015873
Tj part: 0.111111
Queue size: 6
Visiting neighbor trace: 20
Intersection size: 1
Step: 0.015873
Tj part: 0.111111
Queue size: 6
Visiting neighbor trace: 22
Intersection size: 2
Step: 0.031746
Tj part: 0.200000
Queue size: 6
Visiting neighbor trace: 23
Intersection size: 1
Step: 0.015873
Tj part: 0.111111
Queue size: 6
Visiting neighbor trace: 24
Intersection size: 1
Step: 0.015873
Tj part: 0.111111
Queue size: 6
Visiting neighbor trace: 25
Intersection size: 1
Step: 0.015873
Tj part: 0.083333
Queue size: 6
Visiting neighbor trace: 26
Intersection size: 1
Step: 0.015873
Tj part: 0.111111
Queue size: 6
Current trace: 15 with activation 0.222222
Visited neighbors: 13
Visiting neighbor trace: 1
Intersection size: 1
Step: 0.018519
Tj part: 0.125000
Queue size: 5
Visiting neighbor trace: 5
Intersection size: 1
Step: 0.018519
Tj part: 0.100541
Queue size: 5
Visiting neighbor trace: 11
Intersection size: 1
Step: 0.018519
Tj part: 0.125000
Queue size: 5
Visiting neighbor trace: 13
Intersection size: 1
Step: 0.018519
Tj part: 0.076923
Queue size: 5
Visiting neighbor trace: 16
Intersection size: 2
Step: 0.037037
Tj part: 0.142857
Queue size: 5
Visiting neighbor trace: 17
Intersection size: 2
Step: 0.037037
Tj part: 0.250000
Queue size: 5
Visiting neighbor trace: 19
Intersection size: 4
Step: 0.074074
Tj part: 0.444444
Queue size: 5
Visiting neighbor trace: 20
Intersection size: 1
Step: 0.018519
Tj part: 0.111111
Queue size: 5
Visiting neighbor trace: 22
Intersection size: 1
Step: 0.018519
Tj part: 0.100000
Queue size: 5
Visiting neighbor trace: 23
Intersection size: 2
Step: 0.037037
Tj part: 0.222222
Queue size: 5
Visiting neighbor trace: 24
Intersection size: 1
Step: 0.018519
Tj part: 0.111111
Queue size: 5
Visiting neighbor trace: 25
Intersection size: 2
Step: 0.037037
Tj part: 0.166667
Queue size: 5
Visiting neighbor trace: 26
Intersection size: 2
Step: 0.037037
Tj part: 0.222222
Queue size: 5
Current trace: 16 with activation 0.333333
Visited neighbors: 16
Visiting neighbor trace: 1
Intersection size: 1
Step: 0.023810
Tj part: 0.125000
Queue size: 4
Visiting neighbor trace: 5
Intersection size: 1
Step: 0.023810
Tj part: 0.100541
Queue size: 4
Visiting neighbor trace: 11
Intersection size: 1
Step: 0.023810
Tj part: 0.125000
Queue size: 4
Visiting neighbor trace: 13
Intersection size: 2
Step: 0.047619
Tj part: 0.153846
Queue size: 4
Visiting neighbor trace: 15
Intersection size: 2
Step: 0.047619
Tj part: 0.166667
Queue size: 4
Visiting neighbor trace: 17
Intersection size: 1
Step: 0.023810
Tj part: 0.125000
Queue size: 4
Visiting neighbor trace: 19
Intersection size: 2
Step: 0.047619
Tj part: 0.222222
Queue size: 4
Visiting neighbor trace: 20
Intersection size: 3
Step: 0.071429
Tj part: 0.333333
Queue size: 4
Visiting neighbor trace: 22
Intersection size: 2
Step: 0.047619
Tj part: 0.200000
Queue size: 4
Visiting neighbor trace: 23
Intersection size: 1
Step: 0.023810
Tj part: 0.111111
Queue size: 4
Visiting neighbor trace: 24
Intersection size: 2
Step: 0.047619
Tj part: 0.222222
Queue size: 4
Visiting neighbor trace: 25
Intersection size: 3
Step: 0.071429
Tj part: 0.250000
Queue size: 4
Visiting neighbor trace: 26
Intersection size: 3
Step: 0.071429
Tj part: 0.333333
Queue size: 4
Visiting neighbor trace: 2
Intersection size: 1
Step: 0.023810
Tj part: 0.086366
Queue size: 4
Visiting neighbor trace: 6
Intersection size: 1
Step: 0.023810
Tj part: 0.084959
Queue size: 4
Visiting neighbor trace: 8
Intersection size: 1
Step: 0.023810
Tj part: 0.084491
Queue size: 4
Current trace: 22 with activation 0.222222
Visited neighbors: 17
Visiting neighbor trace: 1
Intersection size: 1
Step: 0.022222
Tj part: 0.125000
Queue size: 3
Visiting neighbor trace: 5
Intersection size: 2
Step: 0.044444
Tj part: 0.201083
Queue size: 3
Visiting neighbor trace: 11
Intersection size: 1
Step: 0.022222
Tj part: 0.125000
Queue size: 3
Visiting neighbor trace: 13
Intersection size: 3
Step: 0.066667
Tj part: 0.230769
Queue size: 3
Visiting neighbor trace: 15
Intersection size: 1
Step: 0.022222
Tj part: 0.083333
Queue size: 3
Visiting neighbor trace: 16
Intersection size: 2
Step: 0.044444
Tj part: 0.142857
Queue size: 3
Visiting neighbor trace: 17
Intersection size: 2
Step: 0.044444
Tj part: 0.250000
Queue size: 3
Visiting neighbor trace: 19
Intersection size: 1
Step: 0.022222
Tj part: 0.111111
Queue size: 3
Visiting neighbor trace: 20
Intersection size: 2
Step: 0.044444
Tj part: 0.222222
Queue size: 3
Visiting neighbor trace: 23
Intersection size: 2
Step: 0.044444
Tj part: 0.222222
Queue size: 3
Visiting neighbor trace: 24
Intersection size: 1
Step: 0.022222
Tj part: 0.111111
Queue size: 3
Visiting neighbor trace: 25
Intersection size: 2
Step: 0.044444
Tj part: 0.166667
Queue size: 3
Visiting neighbor trace: 26
Intersection size: 2
Step: 0.044444
Tj part: 0.222222
Queue size: 3
Visiting neighbor trace: 6
Intersection size: 2
Step: 0.044444
Tj part: 0.169918
Queue size: 3
Visiting neighbor trace: 0
Intersection size: 1
Step: 0.022222
Tj part: 0.142857
Queue size: 3
Visiting neighbor trace: 10
Intersection size: 1
Step: 0.022222
Tj part: 0.142857
Queue size: 3
Visiting neighbor trace: 8
Intersection size: 1
Step: 0.022222
Tj part: 0.084491
Queue size: 3
Current trace: 25 with activation 0.222222
Visited neighbors: 19
Visiting neighbor trace: 1
Intersection size: 1
Step: 0.018519
Tj part: 0.125000
Queue size: 2
Visiting neighbor trace: 5
Intersection size: 1
Step: 0.018519
Tj part: 0.100541
Queue size: 2
Visiting neighbor trace: 11
Intersection size: 1
Step: 0.018519
Tj part: 0.125000
Queue size: 2
Visiting neighbor trace: 13
Intersection size: 1
Step: 0.018519
Tj part: 0.076923
Queue size: 2
Visiting neighbor trace: 15
Intersection size: 2
Step: 0.037037
Tj part: 0.166667
Queue size: 2
Visiting neighbor trace: 16
Intersection size: 3
Step: 0.055556
Tj part: 0.214286
Queue size: 2
Visiting neighbor trace: 17
Intersection size: 2
Step: 0.037037
Tj part: 0.250000
Queue size: 2
Visiting neighbor trace: 19
Intersection size: 2
Step: 0.037037
Tj part: 0.222222
Queue size: 2
Visiting neighbor trace: 20
Intersection size: 4
Step: 0.074074
Tj part: 0.444444
Queue size: 2
Visiting neighbor trace: 22
Intersection size: 2
Step: 0.037037
Tj part: 0.200000
Queue size: 2
Visiting neighbor trace: 23
Intersection size: 1
Step: 0.018519
Tj part: 0.111111
Queue size: 2
Visiting neighbor trace: 24
Intersection size: 2
Step: 0.037037
Tj part: 0.222222
Queue size: 2
Visiting neighbor trace: 26
Intersection size: 2
Step: 0.037037
Tj part: 0.222222
Queue size: 2
Visiting neighbor trace: 12
Intersection size: 1
Step: 0.018519
Tj part: 0.125000
Queue size: 2
Visiting neighbor trace: 14
Intersection size: 1
Step: 0.018519
Tj part: 0.111111
Queue size: 2
Visiting neighbor trace: 9
Intersection size: 1
Step: 0.018519
Tj part: 0.125000
Queue size: 2
Visiting neighbor trace: 21
Intersection size: 2
Step: 0.037037
Tj part: 0.222222
Queue size: 2
Visiting neighbor trace: 6
Intersection size: 1
Step: 0.018519
Tj part: 0.084959
Queue size: 2
Visiting neighbor trace: 8
Intersection size: 1
Step: 0.018519
Tj part: 0.084491
Queue size: 2
Current trace: 6 with activation 0.111111
Visited neighbors: 14
Visiting neighbor trace: 1
Intersection size: 1
Step: 0.012346
Tj part: 0.125000
Queue size: 1
Visiting neighbor trace: 3
Intersection size: 1
Step: 0.012346
Tj part: 0.100773
Queue size: 1
Visiting neighbor trace: 9
Intersection size: 1
Step: 0.012346
Tj part: 0.125000
Queue size: 1
Visiting neighbor trace: 11
Intersection size: 1
Step: 0.012346
Tj part: 0.125000
Queue size: 1
Visiting neighbor trace: 13
Intersection size: 1
Step: 0.012346
Tj part: 0.076923
Queue size: 1
Visiting neighbor trace: 19
Intersection size: 1
Step: 0.012346
Tj part: 0.111111
Queue size: 1
Visiting neighbor trace: 21
Intersection size: 1
Step: 0.012346
Tj part: 0.111111
Queue size: 1
Visiting neighbor trace: 17
Intersection size: 1
Step: 0.012346
Tj part: 0.125000
Queue size: 1
Visiting neighbor trace: 22
Intersection size: 2
Step: 0.024691
Tj part: 0.200000
Queue size: 1
Visiting neighbor trace: 8
Intersection size: 1
Step: 0.012346
Tj part: 0.084491
Queue size: 1
Visiting neighbor trace: 16
Intersection size: 1
Step: 0.012346
Tj part: 0.071429
Queue size: 1
Visiting neighbor trace: 20
Intersection size: 1
Step: 0.012346
Tj part: 0.111111
Queue size: 1
Visiting neighbor trace: 25
Intersection size: 1
Step: 0.012346
Tj part: 0.083333
Queue size: 1
Visiting neighbor trace: 26
Intersection size: 1
Step: 0.012346
Tj part: 0.111111
Queue size: 1
Current trace: 8 with activation 0.111111
Visited neighbors: 6
Visiting neighbor trace: 6
Intersection size: 1
Step: 0.012346
Tj part: 0.084959
Queue size: 0
Visiting neighbor trace: 16
Intersection size: 1
Step: 0.012346
Tj part: 0.071429
Queue size: 0
Visiting neighbor trace: 20
Intersection size: 2
Step: 0.024691
Tj part: 0.222222
Queue size: 0
Visiting neighbor trace: 22
Intersection size: 1
Step: 0.012346
Tj part: 0.100000
Queue size: 0
Visiting neighbor trace: 25
Intersection size: 1
Step: 0.012346
Tj part: 0.083333
Queue size: 0
Visiting neighbor trace: 26
Intersection size: 1
Step: 0.012346
Tj part: 0.111111
Queue size: 0
Propagated trace for words: 9
Pruned traces for words: 9
Predicted understanding for words: 9
Processed words: 9
Error: 0.834721
Updating proficiency for words: 9
Adding trace for words: 9
Added trace for words: 9
Propagating trace: 27 with activation 1.000000
Current trace: 27 with activation 1.000000
Visited neighbors: 18
Visiting neighbor trace: 9
Intersection size: 2
Step: 0.222222
Tj part: 0.250000
Queue size: 0
Visiting neighbor trace: 1
Intersection size: 1
Step: 0.111111
Tj part: 0.125000
Queue size: 0
Visiting neighbor trace: 19
Intersection size: 1
Step: 0.111111
Tj part: 0.111111
Queue size: 0
Visiting neighbor trace: 11
Intersection size: 1
Step: 0.111111
Tj part: 0.125000
Queue size: 0
Visiting neighbor trace: 3
Intersection size: 1
Step: 0.111111
Tj part: 0.100773
Queue size: 1
Visiting neighbor trace: 6
Intersection size: 1
Step: 0.111111
Tj part: 0.084959
Queue size: 2
Visiting neighbor trace: 21
Intersection size: 2
Step: 0.222222
Tj part: 0.222222
Queue size: 2
Visiting neighbor trace: 13
Intersection size: 2
Step: 0.222222
Tj part: 0.153846
Queue size: 3
Visiting neighbor trace: 15
Intersection size: 1
Step: 0.111111
Tj part: 0.083333
Queue size: 4
Visiting neighbor trace: 26
Intersection size: 3
Step: 0.333333
Tj part: 0.333333
Queue size: 4
Visiting neighbor trace: 0
Intersection size: 1
Step: 0.111111
Tj part: 0.142857
Queue size: 4
Visiting neighbor trace: 2
Intersection size: 1
Step: 0.111111
Tj part: 0.086366
Queue size: 5
Visiting neighbor trace: 10
Intersection size: 1
Step: 0.111111
Tj part: 0.142857
Queue size: 5
Visiting neighbor trace: 23
Intersection size: 1
Step: 0.111111
Tj part: 0.111111
Queue size: 5
Visiting neighbor trace: 17
Intersection size: 1
Step: 0.111111
Tj part: 0.125000
Queue size: 5
Visiting neighbor trace: 20
Intersection size: 1
Step: 0.111111
Tj part: 0.111111
Queue size: 5
Visiting neighbor trace: 25
Intersection size: 1
Step: 0.111111
Tj part: 0.083333
Queue size: 6
Visiting neighbor trace: 16
Intersection size: 1
Step: 0.111111
Tj part: 0.071429
Queue size: 7
Current trace: 3 with activation 0.111111
Visited neighbors: 9
Visiting neighbor trace: 1
Intersection size: 3
Step: 0.047619
Tj part: 0.375000
Queue size: 6
Visiting neighbor trace: 6
Intersection size: 1
Step: 0.015873
Tj part: 0.087865
Queue size: 6
Visiting neighbor trace: 9
Intersection size: 1
Step: 0.015873
Tj part: 0.125000
Queue size: 6
Visiting neighbor trace: 11
Intersection size: 3
Step: 0.047619
Tj part: 0.375000
Queue size: 6
Visiting neighbor trace: 13
Intersection size: 2
Step: 0.031746
Tj part: 0.153846
Queue size: 6
Visiting neighbor trace: 19
Intersection size: 1
Step: 0.015873
Tj part: 0.111111
Queue size: 6
Visiting neighbor trace: 21
Intersection size: 1
Step: 0.015873
Tj part: 0.111111
Queue size: 6
Visiting neighbor trace: 27
Intersection size: 1
Step: 0.015873
Tj part: 0.111111
Queue size: 6
Visiting neighbor trace: 14
Intersection size: 1
Step: 0.015873
Tj part: 0.111111
Queue size: 6
Current trace: 6 with activation 0.111111
Visited neighbors: 15
Visiting neighbor trace: 1
Intersection size: 1
Step: 0.012346
Tj part: 0.125000
Queue size: 5
Visiting neighbor trace: 3
Intersection size: 1
Step: 0.012346
Tj part: 0.102250
Queue size: 5
Visiting neighbor trace: 9
Intersection size: 1
Step: 0.012346
Tj part: 0.125000
Queue size: 5
Visiting neighbor trace: 11
Intersection size: 1
Step: 0.012346
Tj part: 0.125000
Queue size: 5
Visiting neighbor trace: 13
Intersection size: 1
Step: 0.012346
Tj part: 0.076923
Queue size: 5
Visiting neighbor trace: 19
Intersection size: 1
Step: 0.012346
Tj part: 0.111111
Queue size: 5
Visiting neighbor trace: 21
Intersection size: 1
Step: 0.012346
Tj part: 0.111111
Queue size: 5
Visiting neighbor trace: 27
Intersection size: 1
Step: 0.012346
Tj part: 0.111111
Queue size: 5
Visiting neighbor trace: 17
Intersection size: 1
Step: 0.012346
Tj part: 0.125000
Queue size: 5
Visiting neighbor trace: 22
Intersection size: 2
Step: 0.024691
Tj part: 0.200000
Queue size: 5
Visiting neighbor trace: 8
Intersection size: 1
Step: 0.012346
Tj part: 0.084491
Queue size: 5
Visiting neighbor trace: 16
Intersection size: 1
Step: 0.012346
Tj part: 0.071429
Queue size: 5
Visiting neighbor trace: 20
Intersection size: 1
Step: 0.012346
Tj part: 0.111111
Queue size: 5
Visiting neighbor trace: 25
Intersection size: 1
Step: 0.012346
Tj part: 0.083333
Queue size: 5
Visiting neighbor trace: 26
Intersection size: 1
Step: 0.012346
Tj part: 0.111111
Queue size: 5
Current trace: 13 with activation 0.222222
Visited neighbors: 19
Visiting neighbor trace: 1
Intersection size: 3
Step: 0.051282
Tj part: 0.375000
Queue size: 4
Visiting neighbor trace: 3
Intersection size: 2
Step: 0.034188
Tj part: 0.204500
Queue size: 4
Visiting neighbor trace: 6
Intersection size: 1
Step: 0.017094
Tj part: 0.087865
Queue size: 4
Visiting neighbor trace: 9
Intersection size: 1
Step: 0.017094
Tj part: 0.125000
Queue size: 4
Visiting neighbor trace: 11
Intersection size: 3
Step: 0.051282
Tj part: 0.375000
Queue size: 4
Visiting neighbor trace: 19
Intersection size: 2
Step: 0.034188
Tj part: 0.222222
Queue size: 4
Visiting neighbor trace: 21
Intersection size: 1
Step: 0.017094
Tj part: 0.111111
Queue size: 4
Visiting neighbor trace: 27
Intersection size: 2
Step: 0.034188
Tj part: 0.222222
Queue size: 4
Visiting neighbor trace: 5
Intersection size: 1
Step: 0.017094
Tj part: 0.100541
Queue size: 4
Visiting neighbor trace: 15
Intersection size: 1
Step: 0.017094
Tj part: 0.083333
Queue size: 4
Visiting neighbor trace: 16
Intersection size: 2
Step: 0.034188
Tj part: 0.142857
Queue size: 4
Visiting neighbor trace: 17
Intersection size: 1
Step: 0.017094
Tj part: 0.125000
Queue size: 4
Visiting neighbor trace: 20
Intersection size: 1
Step: 0.017094
Tj part: 0.111111
Queue size: 4
Visiting neighbor trace: 22
Intersection size: 3
Step: 0.051282
Tj part: 0.300000
Queue size: 4
Visiting neighbor trace: 23
Intersection size: 1
Step: 0.017094
Tj part: 0.111111
Queue size: 4
Visiting neighbor trace: 24
Intersection size: 1
Step: 0.017094
Tj part: 0.111111
Queue size: 4
Visiting neighbor trace: 25
Intersection size: 1
Step: 0.017094
Tj part: 0.083333
Queue size: 4
Visiting neighbor trace: 26
Intersection size: 2
Step: 0.034188
Tj part: 0.222222
Queue size: 4
Visiting neighbor trace: 14
Intersection size: 2
Step: 0.034188
Tj part: 0.222222
Queue size: 4
Current trace: 15 with activation 0.111111
Visited neighbors: 14
Visiting neighbor trace: 1
Intersection size: 1
Step: 0.009259
Tj part: 0.125000
Queue size: 3
Visiting neighbor trace: 5
Intersection size: 1
Step: 0.009259
Tj part: 0.100541
Queue size: 3
Visiting neighbor trace: 11
Intersection size: 1
Step: 0.009259
Tj part: 0.125000
Queue size: 3
Visiting neighbor trace: 13
Intersection size: 1
Step: 0.009259
Tj part: 0.076923
Queue size: 3
Visiting neighbor trace: 16
Intersection size: 2
Step: 0.018519
Tj part: 0.142857
Queue size: 3
Visiting neighbor trace: 17
Intersection size: 2
Step: 0.018519
Tj part: 0.250000
Queue size: 3
Visiting neighbor trace: 19
Intersection size: 4
Step: 0.037037
Tj part: 0.444444
Queue size: 3
Visiting neighbor trace: 20
Intersection size: 1
Step: 0.009259
Tj part: 0.111111
Queue size: 3
Visiting neighbor trace: 22
Intersection size: 1
Step: 0.009259
Tj part: 0.100000
Queue size: 3
Visiting neighbor trace: 23
Intersection size: 2
Step: 0.018519
Tj part: 0.222222
Queue size: 3
Visiting neighbor trace: 24
Intersection size: 1
Step: 0.009259
Tj part: 0.111111
Queue size: 3
Visiting neighbor trace: 25
Intersection size: 2
Step: 0.018519
Tj part: 0.166667
Queue size: 3
Visiting neighbor trace: 26
Intersection size: 2
Step: 0.018519
Tj part: 0.222222
Queue size: 3
Visiting neighbor trace: 27
Intersection size: 1
Step: 0.009259
Tj part: 0.111111
Queue size: 3
Current trace: 2 with activation 0.111111
Visited neighbors: 9
Visiting neighbor trace: 0
Intersection size: 1
Step: 0.015873
Tj part: 0.142857
Queue size: 2
Visiting neighbor trace: 10
Intersection size: 1
Step: 0.015873
Tj part: 0.142857
Queue size: 2
Visiting neighbor trace: 23
Intersection size: 2
Step: 0.031746
Tj part: 0.222222
Queue size: 2
Visiting neighbor trace: 27
Intersection size: 1
Step: 0.015873
Tj part: 0.111111
Queue size: 2
Visiting neighbor trace: 16
Intersection size: 1
Step: 0.015873
Tj part: 0.071429
Queue size: 2
Visiting neighbor trace: 20
Intersection size: 1
Step: 0.015873
Tj part: 0.111111
Queue size: 2
Visiting neighbor trace: 19
Intersection size: 1
Step: 0.015873
Tj part: 0.111111
Queue size: 2
Visiting neighbor trace: 24
Intersection size: 1
Step: 0.015873
Tj part: 0.111111
Queue size: 2
Visiting neighbor trace: 9
Intersection size: 1
Step: 0.015873
Tj part: 0.125000
Queue size: 2
Current trace: 25 with activation 0.111111
Visited neighbors: 20
Visiting neighbor trace: 1
Intersection size: 1
Step: 0.009259
Tj part: 0.125000
Queue size: 1
Visiting neighbor trace: 5
Intersection size: 1
Step: 0.009259
Tj part: 0.100541
Queue size: 1
Visiting neighbor trace: 11
Intersection size: 1
Step: 0.009259
Tj part: 0.125000
Queue size: 1
Visiting neighbor trace: 13
Intersection size: 1
Step: 0.009259
Tj part: 0.076923
Queue size: 1
Visiting neighbor trace: 15
Intersection size: 2
Step: 0.018519
Tj part: 0.166667
Queue size: 1
Visiting neighbor trace: 16
Intersection size: 3
Step: 0.027778
Tj part: 0.214286
Queue size: 1
Visiting neighbor trace: 17
Intersection size: 2
Step: 0.018519
Tj part: 0.250000
Queue size: 1
Visiting neighbor trace: 19
Intersection size: 2
Step: 0.018519
Tj part: 0.222222
Queue size: 1
Visiting neighbor trace: 20
Intersection size: 4
Step: 0.037037
Tj part: 0.444444
Queue size: 1
Visiting neighbor trace: 22
Intersection size: 2
Step: 0.018519
Tj part: 0.200000
Queue size: 1
Visiting neighbor trace: 23
Intersection size: 1
Step: 0.009259
Tj part: 0.111111
Queue size: 1
Visiting neighbor trace: 24
Intersection size: 2
Step: 0.018519
Tj part: 0.222222
Queue size: 1
Visiting neighbor trace: 26
Intersection size: 2
Step: 0.018519
Tj part: 0.222222
Queue size: 1
Visiting neighbor trace: 12
Intersection size: 1
Step: 0.009259
Tj part: 0.125000
Queue size: 1
Visiting neighbor trace: 14
Intersection size: 1
Step: 0.009259
Tj part: 0.111111
Queue size: 1
Visiting neighbor trace: 9
Intersection size: 1
Step: 0.009259
Tj part: 0.125000
Queue size: 1
Visiting neighbor trace: 21
Intersection size: 2
Step: 0.018519
Tj part: 0.222222
Queue size: 1
Visiting neighbor trace: 27
Intersection size: 1
Step: 0.009259
Tj part: 0.111111
Queue size: 1
Visiting neighbor trace: 6
Intersection size: 1
Step: 0.009259
Tj part: 0.087865
Queue size: 1
Visiting neighbor trace: 8
Intersection size: 1
Step: 0.009259
Tj part: 0.084491
Queue size: 1
Current trace: 16 with activation 0.111111
Visited neighbors: 17
Visiting neighbor trace: 1
Intersection size: 1
Step: 0.007937
Tj part: 0.125000
Queue size: 0
Visiting neighbor trace: 5
Intersection size: 1
Step: 0.007937
Tj part: 0.100541
Queue size: 0
Visiting neighbor trace: 11
Intersection size: 1
Step: 0.007937
Tj part: 0.125000
Queue size: 0
Visiting neighbor trace: 13
Intersection size: 2
Step: 0.015873
Tj part: 0.153846
Queue size: 0
Visiting neighbor trace: 15
Intersection size: 2
Step: 0.015873
Tj part: 0.166667
Queue size: 0
Visiting neighbor trace: 17
Intersection size: 1
Step: 0.007937
Tj part: 0.125000
Queue size: 0
Visiting neighbor trace: 19
Intersection size: 2
Step: 0.015873
Tj part: 0.222222
Queue size: 0
Visiting neighbor trace: 20
Intersection size: 3
Step: 0.023810
Tj part: 0.333333
Queue size: 0
Visiting neighbor trace: 22
Intersection size: 2
Step: 0.015873
Tj part: 0.200000
Queue size: 0
Visiting neighbor trace: 23
Intersection size: 1
Step: 0.007937
Tj part: 0.111111
Queue size: 0
Visiting neighbor trace: 24
Intersection size: 2
Step: 0.015873
Tj part: 0.222222
Queue size: 0
Visiting neighbor trace: 25
Intersection size: 3
Step: 0.023810
Tj part: 0.250000
Queue size: 0
Visiting neighbor trace: 26
Intersection size: 3
Step: 0.023810
Tj part: 0.333333
Queue size: 0
Visiting neighbor trace: 2
Intersection size: 1
Step: 0.007937
Tj part: 0.089901
Queue size: 0
Visiting neighbor trace: 6
Intersection size: 1
Step: 0.007937
Tj part: 0.087865
Queue size: 0
Visiting neighbor trace: 8
Intersection size: 1
Step: 0.007937
Tj part: 0.084491
Queue size: 0
Visiting neighbor trace: 27
Intersection size: 1
Step: 0.007937
Tj part: 0.111111
Queue size: 0
Propagated trace for words: 9
Pruned traces for words: 9
Predicted understanding for words: 9
Processed words: 9
Error: 0.826701
Updating proficiency for words: 11
Adding trace for words: 11
Added trace for words: 11
Propagating trace: 28 with activation 1.000000
Current trace: 28 with activation 1.000000
Visited neighbors: 9
Visiting neighbor trace: 24
Intersection size: 1
Step: 0.090909
Tj part: 0.111111
Queue size: 0
Visiting neighbor trace: 0
Intersection size: 1
Step: 0.090909
Tj part: 0.142857
Queue size: 0
Visiting neighbor trace: 26
Intersection size: 1
Step: 0.090909
Tj part: 0.111111
Queue size: 0
Visiting neighbor trace: 10
Intersection size: 1
Step: 0.090909
Tj part: 0.142857
Queue size: 0
Visiting neighbor trace: 2
Intersection size: 2
Step: 0.181818
Tj part: 0.179802
Queue size: 1
Visiting neighbor trace: 23
Intersection size: 2
Step: 0.181818
Tj part: 0.222222
Queue size: 1
Visiting neighbor trace: 19
Intersection size: 1
Step: 0.090909
Tj part: 0.111111
Queue size: 1
Visiting neighbor trace: 27
Intersection size: 3
Step: 0.272727
Tj part: 0.333333
Queue size: 1
Visiting neighbor trace: 7
Intersection size: 1
Step: 0.090909
Tj part: 0.091789
Queue size: 1
Current trace: 2 with activation 0.181818
Visited neighbors: 10
Visiting neighbor trace: 0
Intersection size: 1
Step: 0.025974
Tj part: 0.142857
Queue size: 0
Visiting neighbor trace: 10
Intersection size: 1
Step: 0.025974
Tj part: 0.142857
Queue size: 0
Visiting neighbor trace: 23
Intersection size: 2
Step: 0.051948
Tj part: 0.222222
Queue size: 0
Visiting neighbor trace: 27
Intersection size: 1
Step: 0.025974
Tj part: 0.111111
Queue size: 0
Visiting neighbor trace: 28
Intersection size: 2
Step: 0.051948
Tj part: 0.181818
Queue size: 0
Visiting neighbor trace: 16
Intersection size: 1
Step: 0.025974
Tj part: 0.071429
Queue size: 0
Visiting neighbor trace: 20
Intersection size: 1
Step: 0.025974
Tj part: 0.111111
Queue size: 0
Visiting neighbor trace: 19
Intersection size: 1
Step: 0.025974
Tj part: 0.111111
Queue size: 0
Visiting neighbor trace: 24
Intersection size: 1
Step: 0.025974
Tj part: 0.111111
Queue size: 0
Visiting neighbor trace: 9
Intersection size: 1
Step: 0.025974
Tj part: 0.125000
Queue size: 0
Propagated trace for words: 11
Pruned traces for words: 11
Predicted understanding for words: 11
Processed words: 11
Error: 0.843482
Updating proficiency for words: 9
Adding trace for words: 9
Added trace for words: 9
Propagating trace: 29 with activation 1.000000
Current trace: 29 with activation 1.000000
Visited neighbors: 17
Visiting neighbor trace: 17
Intersection size: 2
Step: 0.222222
Tj part: 0.250000
Queue size: 0
Visiting neighbor trace: 1
Intersection size: 1
Step: 0.111111
Tj part: 0.125000
Queue size: 0
Visiting neighbor trace: 13
Intersection size: 3
Step: 0.333333
Tj part: 0.230769
Queue size: 1
Visiting neighbor trace: 5
Intersection size: 1
Step: 0.111111
Tj part: 0.100541
Queue size: 2
Visiting neighbor trace: 19
Intersection size: 1
Step: 0.111111
Tj part: 0.111111
Queue size: 2
Visiting neighbor trace: 11
Intersection size: 1
Step: 0.111111
Tj part: 0.125000
Queue size: 2
Visiting neighbor trace: 15
Intersection size: 1
Step: 0.111111
Tj part: 0.083333
Queue size: 3
Visiting neighbor trace: 16
Intersection size: 1
Step: 0.111111
Tj part: 0.071429
Queue size: 4
Visiting neighbor trace: 20
Intersection size: 3
Step: 0.333333
Tj part: 0.333333
Queue size: 4
Visiting neighbor trace: 22
Intersection size: 3
Step: 0.333333
Tj part: 0.300000
Queue size: 5
Visiting neighbor trace: 23
Intersection size: 1
Step: 0.111111
Tj part: 0.111111
Queue size: 5
Visiting neighbor trace: 24
Intersection size: 1
Step: 0.111111
Tj part: 0.111111
Queue size: 5
Visiting neighbor trace: 25
Intersection size: 3
Step: 0.333333
Tj part: 0.250000
Queue size: 6
Visiting neighbor trace: 26
Intersection size: 1
Step: 0.111111
Tj part: 0.111111
Queue size: 6
Visiting neighbor trace: 9
Intersection size: 1
Step: 0.111111
Tj part: 0.125000
Queue size: 6
Visiting neighbor trace: 21
Intersection size: 1
Step: 0.111111
Tj part: 0.111111
Queue size: 6
Visiting neighbor trace: 27
Intersection size: 1
Step: 0.111111
Tj part: 0.111111
Queue size: 6
Current trace: 13 with activation 0.333333
Visited neighbors: 20
Visiting neighbor trace: 1
Intersection size: 3
Step: 0.076923
Tj part: 0.375000
Queue size: 5
Visiting neighbor trace: 3
Intersection size: 2
Step: 0.051282
Tj part: 0.204500
Queue size: 5
Visiting neighbor trace: 6
Intersection size: 1
Step: 0.025641
Tj part: 0.087865
Queue size: 5
Visiting neighbor trace: 9
Intersection size: 1
Step: 0.025641
Tj part: 0.125000
Queue size: 5
Visiting neighbor trace: 11
Intersection size: 3
Step: 0.076923
Tj part: 0.375000
Queue size: 5
Visiting neighbor trace: 19
Intersection size: 2
Step: 0.051282
Tj part: 0.222222
Queue size: 5
Visiting neighbor trace: 21
Intersection size: 1
Step: 0.025641
Tj part: 0.111111
Queue size: 5
Visiting neighbor trace: 27
Intersection size: 2
Step: 0.051282
Tj part: 0.222222
Queue size: 5
Visiting neighbor trace: 5
Intersection size: 1
Step: 0.025641
Tj part: 0.102051
Queue size: 5
Visiting neighbor trace: 15
Intersection size: 1
Step: 0.025641
Tj part: 0.083333
Queue size: 5
Visiting neighbor trace: 16
Intersection size: 2
Step: 0.051282
Tj part: 0.142857
Queue size: 5
Visiting neighbor trace: 17
Intersection size: 1
Step: 0.025641
Tj part: 0.125000
Queue size: 5
Visiting neighbor trace: 20
Intersection size: 1
Step: 0.025641
Tj part: 0.111111
Queue size: 5
Visiting neighbor trace: 22
Intersection size: 3
Step: 0.076923
Tj part: 0.300000
Queue size: 5
Visiting neighbor trace: 23
Intersection size: 1
Step: 0.025641
Tj part: 0.111111
Queue size: 5
Visiting neighbor trace: 24
Intersection size: 1
Step: 0.025641
Tj part: 0.111111
Queue size: 5
Visiting neighbor trace: 25
Intersection size: 1
Step: 0.025641
Tj part: 0.083333
Queue size: 5
Visiting neighbor trace: 26
Intersection size: 2
Step: 0.051282
Tj part: 0.222222
Queue size: 5
Visiting neighbor trace: 29
Intersection size: 3
Step: 0.076923
Tj part: 0.333333
Queue size: 5
Visiting neighbor trace: 14
Intersection size: 2
Step: 0.051282
Tj part: 0.222222
Queue size: 5
Current trace: 5 with activation 0.111111
Visited neighbors: 14
Visiting neighbor trace: 1
Intersection size: 2
Step: 0.031746
Tj part: 0.250000
Queue size: 4
Visiting neighbor trace: 11
Intersection size: 2
Step: 0.031746
Tj part: 0.250000
Queue size: 4
Visiting neighbor trace: 13
Intersection size: 1
Step: 0.015873
Tj part: 0.076923
Queue size: 4
Visiting neighbor trace: 15
Intersection size: 1
Step: 0.015873
Tj part: 0.083333
Queue size: 4
Visiting neighbor trace: 16
Intersection size: 1
Step: 0.015873
Tj part: 0.071429
Queue size: 4
Visiting neighbor trace: 17
Intersection size: 1
Step: 0.015873
Tj part: 0.125000
Queue size: 4
Visiting neighbor trace: 19
Intersection size: 1
Step: 0.015873
Tj part: 0.111111
Queue size: 4
Visiting neighbor trace: 20
Intersection size: 1
Step: 0.015873
Tj part: 0.111111
Queue size: 4
Visiting neighbor trace: 22
Intersection size: 2
Step: 0.031746
Tj part: 0.200000
Queue size: 4
Visiting neighbor trace: 23
Intersection size: 1
Step: 0.015873
Tj part: 0.111111
Queue size: 4
Visiting neighbor trace: 24
Intersection size: 1
Step: 0.015873
Tj part: 0.111111
Queue size: 4
Visiting neighbor trace: 25
Intersection size: 1
Step: 0.015873
Tj part: 0.083333
Queue size: 4
Visiting neighbor trace: 26
Intersection size: 1
Step: 0.015873
Tj part: 0.111111
Queue size: 4
Visiting neighbor trace: 29
Intersection size: 1
Step: 0.015873
Tj part: 0.111111
Queue size: 4
Current trace: 15 with activation 0.111111
Visited neighbors: 15
Visiting neighbor trace: 1
Intersection size: 1
Step: 0.009259
Tj part: 0.125000
Queue size: 3
Visiting neighbor trace: 5
Intersection size: 1
Step: 0.009259
Tj part: 0.102051
Queue size: 3
Visiting neighbor trace: 11
Intersection size: 1
Step: 0.009259
Tj part: 0.125000
Queue size: 3
Visiting neighbor trace: 13
Intersection size: 1
Step: 0.009259
Tj part: 0.076923
Queue size: 3
Visiting neighbor trace: 16
Intersection size: 2
Step: 0.018519
Tj part: 0.142857
Queue size: 3
Visiting neighbor trace: 17
Intersection size: 2
Step: 0.018519
Tj part: 0.250000
Queue size: 3
Visiting neighbor trace: 19
Intersection size: 4
Step: 0.037037
Tj part: 0.444444
Queue size: 3
Visiting neighbor trace: 20
Intersection size: 1
Step: 0.009259
Tj part: 0.111111
Queue size: 3
Visiting neighbor trace: 22
Intersection size: 1
Step: 0.009259
Tj part: 0.100000
Queue size: 3
Visiting neighbor trace: 23
Intersection size: 2
Step: 0.018519
Tj part: 0.222222
Queue size: 3
Visiting neighbor trace: 24
Intersection size: 1
Step: 0.009259
Tj part: 0.111111
Queue size: 3
Visiting neighbor trace: 25
Intersection size: 2
Step: 0.018519
Tj part: 0.166667
Queue size: 3
Visiting neighbor trace: 26
Intersection size: 2
Step: 0.018519
Tj part: 0.222222
Queue size: 3
Visiting neighbor trace: 29
Intersection size: 1
Step: 0.009259
Tj part: 0.111111
Queue size: 3
Visiting neighbor trace: 27
Intersection size: 1
Step: 0.009259
Tj part: 0.111111
Queue size: 3
Current trace: 16 with activation 0.111111
Visited neighbors: 18
Visiting neighbor trace: 1
Intersection size: 1
Step: 0.007937
Tj part: 0.125000
Queue size: 2
Visiting neighbor trace: 5
Intersection size: 1
Step: 0.007937
Tj part: 0.102051
Queue size: 2
Visiting neighbor trace: 11
Intersection size: 1
Step: 0.007937
Tj part: 0.125000
Queue size: 2
Visiting neighbor trace: 13
Intersection size: 2
Step: 0.015873
Tj part: 0.153846
Queue size: 2
Visiting neighbor trace: 15
Intersection size: 2
Step: 0.015873
Tj part: 0.166667
Queue size: 2
Visiting neighbor trace: 17
Intersection size: 1
Step: 0.007937
Tj part: 0.125000
Queue size: 2
Visiting neighbor trace: 19
Intersection size: 2
Step: 0.015873
Tj part: 0.222222
Queue size: 2
Visiting neighbor trace: 20
Intersection size: 3
Step: 0.023810
Tj part: 0.333333
Queue size: 2
Visiting neighbor trace: 22
Intersection size: 2
Step: 0.015873
Tj part: 0.200000
Queue size: 2
Visiting neighbor trace: 23
Intersection size: 1
Step: 0.007937
Tj part: 0.111111
Queue size: 2
Visiting neighbor trace: 24
Intersection size: 2
Step: 0.015873
Tj part: 0.222222
Queue size: 2
Visiting neighbor trace: 25
Intersection size: 3
Step: 0.023810
Tj part: 0.250000
Queue size: 2
Visiting neighbor trace: 26
Intersection size: 3
Step: 0.023810
Tj part: 0.333333
Queue size: 2
Visiting neighbor trace: 29
Intersection size: 1
Step: 0.007937
Tj part: 0.111111
Queue size: 2
Visiting neighbor trace: 2
Intersection size: 1
Step: 0.007937
Tj part: 0.090189
Queue size: 2
Visiting neighbor trace: 6
Intersection size: 1
Step: 0.007937
Tj part: 0.087865
Queue size: 2
Visiting neighbor trace: 8
Intersection size: 1
Step: 0.007937
Tj part: 0.084491
Queue size: 2
Visiting neighbor trace: 27
Intersection size: 1
Step: 0.007937
Tj part: 0.111111
Queue size: 2
Current trace: 22 with activation 0.333333
Visited neighbors: 18
Visiting neighbor trace: 1
Intersection size: 1
Step: 0.033333
Tj part: 0.125000
Queue size: 1
Visiting neighbor trace: 5
Intersection size: 2
Step: 0.066667
Tj part: 0.204103
Queue size: 1
Visiting neighbor trace: 11
Intersection size: 1
Step: 0.033333
Tj part: 0.125000
Queue size: 1
Visiting neighbor trace: 13
Intersection size: 3
Step: 0.100000
Tj part: 0.230769
Queue size: 1
Visiting neighbor trace: 15
Intersection size: 1
Step: 0.033333
Tj part: 0.083333
Queue size: 1
Visiting neighbor trace: 16
Intersection size: 2
Step: 0.066667
Tj part: 0.142857
Queue size: 1
Visiting neighbor trace: 17
Intersection size: 2
Step: 0.066667
Tj part: 0.250000
Queue size: 1
Visiting neighbor trace: 19
Intersection size: 1
Step: 0.033333
Tj part: 0.111111
Queue size: 1
Visiting neighbor trace: 20
Intersection size: 2
Step: 0.066667
Tj part: 0.222222
Queue size: 1
Visiting neighbor trace: 23
Intersection size: 2
Step: 0.066667
Tj part: 0.222222
Queue size: 1
Visiting neighbor trace: 24
Intersection size: 1
Step: 0.033333
Tj part: 0.111111
Queue size: 1
Visiting neighbor trace: 25
Intersection size: 2
Step: 0.066667
Tj part: 0.166667
Queue size: 1
Visiting neighbor trace: 26
Intersection size: 2
Step: 0.066667
Tj part: 0.222222
Queue size: 1
Visiting neighbor trace: 29
Intersection size: 3
Step: 0.100000
Tj part: 0.333333
Queue size: 1
Visiting neighbor trace: 6
Intersection size: 2
Step: 0.066667
Tj part: 0.175730
Queue size: 1
Visiting neighbor trace: 0
Intersection size: 1
Step: 0.033333
Tj part: 0.142857
Queue size: 1
Visiting neighbor trace: 10
Intersection size: 1
Step: 0.033333
Tj part: 0.142857
Queue size: 1
Visiting neighbor trace: 8
Intersection size: 1
Step: 0.033333
Tj part: 0.084491
Queue size: 1
Current trace: 25 with activation 0.333333
Visited neighbors: 21
Visiting neighbor trace: 1
Intersection size: 1
Step: 0.027778
Tj part: 0.125000
Queue size: 0
Visiting neighbor trace: 5
Intersection size: 1
Step: 0.027778
Tj part: 0.102051
Queue size: 0
Visiting neighbor trace: 11
Intersection size: 1
Step: 0.027778
Tj part: 0.125000
Queue size: 0
Visiting neighbor trace: 13
Intersection size: 1
Step: 0.027778
Tj part: 0.076923
Queue size: 0
Visiting neighbor trace: 15
Intersection size: 2
Step: 0.055556
Tj part: 0.166667
Queue size: 0
Visiting neighbor trace: 16
Intersection size: 3
Step: 0.083333
Tj part: 0.214286
Queue size: 0
Visiting neighbor trace: 17
Intersection size: 2
Step: 0.055556
Tj part: 0.250000
Queue size: 0
Visiting neighbor trace: 19
Intersection size: 2
Step: 0.055556
Tj part: 0.222222
Queue size: 0
Visiting neighbor trace: 20
Intersection size: 4
Step: 0.111111
Tj part: 0.444444
Queue size: 0
Visiting neighbor trace: 22
Intersection size: 2
Step: 0.055556
Tj part: 0.200000
Queue size: 0
Visiting neighbor trace: 23
Intersection size: 1
Step: 0.027778
Tj part: 0.111111
Queue size: 0
Visiting neighbor trace: 24
Intersection size: 2
Step: 0.055556
Tj part: 0.222222
Queue size: 0
Visiting neighbor trace: 26
Intersection size: 2
Step: 0.055556
Tj part: 0.222222
Queue size: 0
Visiting neighbor trace: 29
Intersection size: 3
Step: 0.083333
Tj part: 0.333333
Queue size: 0
Visiting neighbor trace: 12
Intersection size: 1
Step: 0.027778
Tj part: 0.125000
Queue size: 0
Visiting neighbor trace: 14
Intersection size: 1
Step: 0.027778
Tj part: 0.111111
Queue size: 0
Visiting neighbor trace: 9
Intersection size: 1
Step: 0.027778
Tj part: 0.125000
Queue size: 0
Visiting neighbor trace: 21
Intersection size: 2
Step: 0.055556
Tj part: 0.222222
Queue size: 0
Visiting neighbor trace: 27
Intersection size: 1
Step: 0.027778
Tj part: 0.111111
Queue size: 0
Visiting neighbor trace: 6
Intersection size: 1
Step: 0.027778
Tj part: 0.087865
Queue size: 0
Visiting neighbor trace: 8
Intersection size: 1
Step: 0.027778
Tj part: 0.084491
Queue size: 0
Propagated trace for words: 9
Pruned traces for words: 9
Predicted understanding for words: 9
Processed words: 9
Error: 0.830278
Updating proficiency for words: 7
Adding trace for words: 7
Added trace for words: 7
Propagating trace: 30 with activation 1.000000
Current trace: 30 with activation 1.000000
Visited neighbors: 16
Visiting neighbor trace: 17
Intersection size: 1
Step: 0.142857
Tj part: 0.125000
Queue size: 1
Visiting neighbor trace: 1
Intersection size: 1
Step: 0.142857
Tj part: 0.125000
Queue size: 2
Visiting neighbor trace: 13
Intersection size: 2
Step: 0.285714
Tj part: 0.153846
Queue size: 3
Visiting neighbor trace: 5
Intersection size: 1
Step: 0.142857
Tj part: 0.102051
Queue size: 4
Visiting neighbor trace: 19
Intersection size: 1
Step: 0.142857
Tj part: 0.111111
Queue size: 5
Visiting neighbor trace: 11
Intersection size: 1
Step: 0.142857
Tj part: 0.125000
Queue size: 6
Visiting neighbor trace: 15
Intersection size: 2
Step: 0.285714
Tj part: 0.166667
Queue size: 7
Visiting neighbor trace: 16
Intersection size: 2
Step: 0.285714
Tj part: 0.142857
Queue size: 8
Visiting neighbor trace: 20
Intersection size: 1
Step: 0.142857
Tj part: 0.111111
Queue size: 9
Visiting neighbor trace: 22
Intersection size: 1
Step: 0.142857
Tj part: 0.100000
Queue size: 10
Visiting neighbor trace: 23
Intersection size: 1
Step: 0.142857
Tj part: 0.111111
Queue size: 11
Visiting neighbor trace: 24
Intersection size: 1
Step: 0.142857
Tj part: 0.111111
Queue size: 12
Visiting neighbor trace: 25
Intersection size: 1
Step: 0.142857
Tj part: 0.083333
Queue size: 13
Visiting neighbor trace: 26
Intersection size: 4
Step: 0.571429
Tj part: 0.444444
Queue size: 14
Visiting neighbor trace: 29
Intersection size: 1
Step: 0.142857
Tj part: 0.111111
Queue size: 15
Visiting neighbor trace: 27
Intersection size: 3
Step: 0.428571
Tj part: 0.333333
Queue size: 16
Current trace: 17 with activation 0.142857
Visited neighbors: 19
Visiting neighbor trace: 1
Intersection size: 1
Step: 0.017857
Tj part: 0.125000
Queue size: 15
Visiting neighbor trace: 5
Intersection size: 1
Step: 0.017857
Tj part: 0.107881
Queue size: 15
Visiting neighbor trace: 11
Intersection size: 1
Step: 0.017857
Tj part: 0.125000
Queue size: 15
Visiting neighbor trace: 13
Intersection size: 1
Step: 0.017857
Tj part: 0.076923
Queue size: 15
Visiting neighbor trace: 15
Intersection size: 2
Step: 0.035714
Tj part: 0.166667
Queue size: 15
Visiting neighbor trace: 16
Intersection size: 1
Step: 0.017857
Tj part: 0.071429
Queue size: 15
Visiting neighbor trace: 19
Intersection size: 2
Step: 0.035714
Tj part: 0.222222
Queue size: 15
Visiting neighbor trace: 20
Intersection size: 2
Step: 0.035714
Tj part: 0.222222
Queue size: 15
Visiting neighbor trace: 22
Intersection size: 2
Step: 0.035714
Tj part: 0.200000
Queue size: 15
Visiting neighbor trace: 23
Intersection size: 1
Step: 0.017857
Tj part: 0.111111
Queue size: 15
Visiting neighbor trace: 24
Intersection size: 1
Step: 0.017857
Tj part: 0.111111
Queue size: 15
Visiting neighbor trace: 25
Intersection size: 2
Step: 0.035714
Tj part: 0.166667
Queue size: 15
Visiting neighbor trace: 26
Intersection size: 1
Step: 0.017857
Tj part: 0.111111
Queue size: 15
Visiting neighbor trace: 29
Intersection size: 2
Step: 0.035714
Tj part: 0.222222
Queue size: 15
Visiting neighbor trace: 30
Intersection size: 1
Step: 0.017857
Tj part: 0.142857
Queue size: 15
Visiting neighbor trace: 6
Intersection size: 1
Step: 0.017857
Tj part: 0.087865
Queue size: 15
Visiting neighbor trace: 9
Intersection size: 1
Step: 0.017857
Tj part: 0.125000
Queue size: 15
Visiting neighbor trace: 21
Intersection size: 1
Step: 0.017857
Tj part: 0.111111
Queue size: 15
Visiting neighbor trace: 27
Intersection size: 1
Step: 0.017857
Tj part: 0.111111
Queue size: 15
Current trace: 1 with activation 0.142857
Visited neighbors: 21
Visiting neighbor trace: 3
Intersection size: 3
Step: 0.053571
Tj part: 0.306749
Queue size: 14
Visiting neighbor trace: 6
Intersection size: 1
Step: 0.017857
Tj part: 0.087865
Queue size: 14
Visiting neighbor trace: 9
Intersection size: 1
Step: 0.017857
Tj part: 0.125000
Queue size: 14
Visiting neighbor trace: 11
Intersection size: 8
Step: 0.142857
Tj part: 1.000000
Queue size: 14
Visiting neighbor trace: 13
Intersection size: 3
Step: 0.053571
Tj part: 0.230769
Queue size: 14
Visiting neighbor trace: 19
Intersection size: 2
Step: 0.035714
Tj part: 0.222222
Queue size: 14
Visiting neighbor trace: 21
Intersection size: 1
Step: 0.017857
Tj part: 0.111111
Queue size: 14
Visiting neighbor trace: 27
Intersection size: 1
Step: 0.017857
Tj part: 0.111111
Queue size: 14
Visiting neighbor trace: 5
Intersection size: 2
Step: 0.035714
Tj part: 0.215762
Queue size: 14
Visiting neighbor trace: 15
Intersection size: 1
Step: 0.017857
Tj part: 0.083333
Queue size: 14
Visiting neighbor trace: 16
Intersection size: 1
Step: 0.017857
Tj part: 0.071429
Queue size: 14
Visiting neighbor trace: 17
Intersection size: 1
Step: 0.017857
Tj part: 0.125000
Queue size: 14
Visiting neighbor trace: 20
Intersection size: 1
Step: 0.017857
Tj part: 0.111111
Queue size: 14
Visiting neighbor trace: 22
Intersection size: 1
Step: 0.017857
Tj part: 0.100000
Queue size: 14
Visiting neighbor trace: 23
Intersection size: 1
Step: 0.017857
Tj part: 0.111111
Queue size: 14
Visiting neighbor trace: 24
Intersection size: 1
Step: 0.017857
Tj part: 0.111111
Queue size: 14
Visiting neighbor trace: 25
Intersection size: 1
Step: 0.017857
Tj part: 0.083333
Queue size: 14
Visiting neighbor trace: 26
Intersection size: 1
Step: 0.017857
Tj part: 0.111111
Queue size: 14
Visiting neighbor trace: 29
Intersection size: 1
Step: 0.017857
Tj part: 0.111111
Queue size: 14
Visiting neighbor trace: 30
Intersection size: 1
Step: 0.017857
Tj part: 0.142857
Queue size: 14
Visiting neighbor trace: 14
Intersection size: 1
Step: 0.017857
Tj part: 0.111111
Queue size: 14
Current trace: 13 with activation 0.285714
Visited neighbors: 21
Visiting neighbor trace: 1
Intersection size: 3
Step: 0.065934
Tj part: 0.375000
Queue size: 13
Visiting neighbor trace: 3
Intersection size: 2
Step: 0.043956
Tj part: 0.204500
Queue size: 13
Visiting neighbor trace: 6
Intersection size: 1
Step: 0.021978
Tj part: 0.087865
Queue size: 13
Visiting neighbor trace: 9
Intersection size: 1
Step: 0.021978
Tj part: 0.125000
Queue size: 13
Visiting neighbor trace: 11
Intersection size: 3
Step: 0.065934
Tj part: 0.375000
Queue size: 13
Visiting neighbor trace: 19
Intersection size: 2
Step: 0.043956
Tj part: 0.222222
Queue size: 13
Visiting neighbor trace: 21
Intersection size: 1
Step: 0.021978
Tj part: 0.111111
Queue size: 13
Visiting neighbor trace: 27
Intersection size: 2
Step: 0.043956
Tj part: 0.222222
Queue size: 13
Visiting neighbor trace: 5
Intersection size: 1
Step: 0.021978
Tj part: 0.107881
Queue size: 13
Visiting neighbor trace: 15
Intersection size: 1
Step: 0.021978
Tj part: 0.083333
Queue size: 13
Visiting neighbor trace: 16
Intersection size: 2
Step: 0.043956
Tj part: 0.142857
Queue size: 13
Visiting neighbor trace: 17
Intersection size: 1
Step: 0.021978
Tj part: 0.125000
Queue size: 13
Visiting neighbor trace: 20
Intersection size: 1
Step: 0.021978
Tj part: 0.111111
Queue size: 13
Visiting neighbor trace: 22
Intersection size: 3
Step: 0.065934
Tj part: 0.300000
Queue size: 13
Visiting neighbor trace: 23
Intersection size: 1
Step: 0.021978
Tj part: 0.111111
Queue size: 13
Visiting neighbor trace: 24
Intersection size: 1
Step: 0.021978
Tj part: 0.111111
Queue size: 13
Visiting neighbor trace: 25
Intersection size: 1
Step: 0.021978
Tj part: 0.083333
Queue size: 13
Visiting neighbor trace: 26
Intersection size: 2
Step: 0.043956
Tj part: 0.222222
Queue size: 13
Visiting neighbor trace: 29
Intersection size: 3
Step: 0.065934
Tj part: 0.333333
Queue size: 13
Visiting neighbor trace: 30
Intersection size: 2
Step: 0.043956
Tj part: 0.285714
Queue size: 13
Visiting neighbor trace: 14
Intersection size: 2
Step: 0.043956
Tj part: 0.222222
Queue size: 13
Current trace: 5 with activation 0.142857
Visited neighbors: 15
Visiting neighbor trace: 1
Intersection size: 2
Step: 0.040816
Tj part: 0.250000
Queue size: 12
Visiting neighbor trace: 11
Intersection size: 2
Step: 0.040816
Tj part: 0.250000
Queue size: 12
Visiting neighbor trace: 13
Intersection size: 1
Step: 0.020408
Tj part: 0.076923
Queue size: 12
Visiting neighbor trace: 15
Intersection size: 1
Step: 0.020408
Tj part: 0.083333
Queue size: 12
Visiting neighbor trace: 16
Intersection size: 1
Step: 0.020408
Tj part: 0.071429
Queue size: 12
Visiting neighbor trace: 17
Intersection size: 1
Step: 0.020408
Tj part: 0.125000
Queue size: 12
Visiting neighbor trace: 19
Intersection size: 1
Step: 0.020408
Tj part: 0.111111
Queue size: 12
Visiting neighbor trace: 20
Intersection size: 1
Step: 0.020408
Tj part: 0.111111
Queue size: 12
Visiting neighbor trace: 22
Intersection size: 2
Step: 0.040816
Tj part: 0.200000
Queue size: 12
Visiting neighbor trace: 23
Intersection size: 1
Step: 0.020408
Tj part: 0.111111
Queue size: 12
Visiting neighbor trace: 24
Intersection size: 1
Step: 0.020408
Tj part: 0.111111
Queue size: 12
Visiting neighbor trace: 25
Intersection size: 1
Step: 0.020408
Tj part: 0.083333
Queue size: 12
Visiting neighbor trace: 26
Intersection size: 1
Step: 0.020408
Tj part: 0.111111
Queue size: 12
Visiting neighbor trace: 29
Intersection size: 1
Step: 0.020408
Tj part: 0.111111
Queue size: 12
Visiting neighbor trace: 30
Intersection size: 1
Step: 0.020408
Tj part: 0.142857
Queue size: 12
Current trace: 19 with activation 0.142857
Visited neighbors: 22
Visiting neighbor trace: 1
Intersection size: 2
Step: 0.031746
Tj part: 0.250000
Queue size: 11
Visiting neighbor trace: 3
Intersection size: 1
Step: 0.015873
Tj part: 0.102250
Queue size: 11
Visiting neighbor trace: 6
Intersection size: 1
Step: 0.015873
Tj part: 0.087865
Queue size: 11
Visiting neighbor trace: 9
Intersection size: 1
Step: 0.015873
Tj part: 0.125000
Queue size: 11
Visiting neighbor trace: 11
Intersection size: 2
Step: 0.031746
Tj part: 0.250000
Queue size: 11
Visiting neighbor trace: 13
Intersection size: 2
Step: 0.031746
Tj part: 0.153846
Queue size: 11
Visiting neighbor trace: 21
Intersection size: 1
Step: 0.015873
Tj part: 0.111111
Queue size: 11
Visiting neighbor trace: 27
Intersection size: 1
Step: 0.015873
Tj part: 0.111111
Queue size: 11
Visiting neighbor trace: 5
Intersection size: 1
Step: 0.015873
Tj part: 0.107881
Queue size: 11
Visiting neighbor trace: 15
Intersection size: 4
Step: 0.063492
Tj part: 0.333333
Queue size: 11
Visiting neighbor trace: 16
Intersection size: 2
Step: 0.031746
Tj part: 0.142857
Queue size: 11
Visiting neighbor trace: 17
Intersection size: 2
Step: 0.031746
Tj part: 0.250000
Queue size: 11
Visiting neighbor trace: 20
Intersection size: 1
Step: 0.015873
Tj part: 0.111111
Queue size: 11
Visiting neighbor trace: 22
Intersection size: 1
Step: 0.015873
Tj part: 0.100000
Queue size: 11
Visiting neighbor trace: 23
Intersection size: 4
Step: 0.063492
Tj part: 0.444444
Queue size: 11
Visiting neighbor trace: 24
Intersection size: 2
Step: 0.031746
Tj part: 0.222222
Queue size: 11
Visiting neighbor trace: 25
Intersection size: 2
Step: 0.031746
Tj part: 0.166667
Queue size: 11
Visiting neighbor trace: 26
Intersection size: 1
Step: 0.015873
Tj part: 0.111111
Queue size: 11
Visiting neighbor trace: 29
Intersection size: 1
Step: 0.015873
Tj part: 0.111111
Queue size: 11
Visiting neighbor trace: 30
Intersection size: 1
Step: 0.015873
Tj part: 0.142857
Queue size: 11
Visiting neighbor trace: 2
Intersection size: 1
Step: 0.015873
Tj part: 0.090189
Queue size: 11
Visiting neighbor trace: 28
Intersection size: 1
Step: 0.015873
Tj part: 0.090909
Queue size: 11
Current trace: 11 with activation 0.142857
Visited neighbors: 21
Visiting neighbor trace: 1
Intersection size: 8
Step: 0.142857
Tj part: 1.000000
Queue size: 10
Visiting neighbor trace: 3
Intersection size: 3
Step: 0.053571
Tj part: 0.306749
Queue size: 10
Visiting neighbor trace: 6
Intersection size: 1
Step: 0.017857
Tj part: 0.087865
Queue size: 10
Visiting neighbor trace: 9
Intersection size: 1
Step: 0.017857
Tj part: 0.125000
Queue size: 10
Visiting neighbor trace: 13
Intersection size: 3
Step: 0.053571
Tj part: 0.230769
Queue size: 10
Visiting neighbor trace: 19
Intersection size: 2
Step: 0.035714
Tj part: 0.222222
Queue size: 10
Visiting neighbor trace: 21
Intersection size: 1
Step: 0.017857
Tj part: 0.111111
Queue size: 10
Visiting neighbor trace: 27
Intersection size: 1
Step: 0.017857
Tj part: 0.111111
Queue size: 10
Visiting neighbor trace: 5
Intersection size: 2
Step: 0.035714
Tj part: 0.215762
Queue size: 10
Visiting neighbor trace: 15
Intersection size: 1
Step: 0.017857
Tj part: 0.083333
Queue size: 10
Visiting neighbor trace: 16
Intersection size: 1
Step: 0.017857
Tj part: 0.071429
Queue size: 10
Visiting neighbor trace: 17
Intersection size: 1
Step: 0.017857
Tj part: 0.125000
Queue size: 10
Visiting neighbor trace: 20
Intersection size: 1
Step: 0.017857
Tj part: 0.111111
Queue size: 10
Visiting neighbor trace: 22
Intersection size: 1
Step: 0.017857
Tj part: 0.100000
Queue size: 10
Visiting neighbor trace: 23
Intersection size: 1
Step: 0.017857
Tj part: 0.111111
Queue size: 10
Visiting neighbor trace: 24
Intersection size: 1
Step: 0.017857
Tj part: 0.111111
Queue size: 10
Visiting neighbor trace: 25
Intersection size: 1
Step: 0.017857
Tj part: 0.083333
Queue size: 10
Visiting neighbor trace: 26
Intersection size: 1
Step: 0.017857
Tj part: 0.111111
Queue size: 10
Visiting neighbor trace: 29
Intersection size: 1
Step: 0.017857
Tj part: 0.111111
Queue size: 10
Visiting neighbor trace: 30
Intersection size: 1
Step: 0.017857
Tj part: 0.142857
Queue size: 10
Visiting neighbor trace: 14
Intersection size: 1
Step: 0.017857
Tj part: 0.111111
Queue size: 10
Current trace: 15 with activation 0.285714
Visited neighbors: 16
Visiting neighbor trace: 1
Intersection size: 1
Step: 0.023810
Tj part: 0.125000
Queue size: 9
Visiting neighbor trace: 5
Intersection size: 1
Step: 0.023810
Tj part: 0.107881
Queue size: 9
Visiting neighbor trace: 11
Intersection size: 1
Step: 0.023810
Tj part: 0.125000
Queue size: 9
Visiting neighbor trace: 13
Intersection size: 1
Step: 0.023810
Tj part: 0.076923
Queue size: 9
Visiting neighbor trace: 16
Intersection size: 2
Step: 0.047619
Tj part: 0.142857
Queue size: 9
Visiting neighbor trace: 17
Intersection size: 2
Step: 0.047619
Tj part: 0.250000
Queue size: 9
Visiting neighbor trace: 19
Intersection size: 4
Step: 0.095238
Tj part: 0.444444
Queue size: 9
Visiting neighbor trace: 20
Intersection size: 1
Step: 0.023810
Tj part: 0.111111
Queue size: 9
Visiting neighbor trace: 22
Intersection size: 1
Step: 0.023810
Tj part: 0.100000
Queue size: 9
Visiting neighbor trace: 23
Intersection size: 2
Step: 0.047619
Tj part: 0.222222
Queue size: 9
Visiting neighbor trace: 24
Intersection size: 1
Step: 0.023810
Tj part: 0.111111
Queue size: 9
Visiting neighbor trace: 25
Intersection size: 2
Step: 0.047619
Tj part: 0.166667
Queue size: 9
Visiting neighbor trace: 26
Intersection size: 2
Step: 0.047619
Tj part: 0.222222
Queue size: 9
Visiting neighbor trace: 29
Intersection size: 1
Step: 0.023810
Tj part: 0.111111
Queue size: 9
Visiting neighbor trace: 30
Intersection size: 2
Step: 0.047619
Tj part: 0.285714
Queue size: 9
Visiting neighbor trace: 27
Intersection size: 1
Step: 0.023810
Tj part: 0.111111
Queue size: 9
Current trace: 16 with activation 0.285714
Visited neighbors: 19
Visiting neighbor trace: 1
Intersection size: 1
Step: 0.020408
Tj part: 0.125000
Queue size: 8
Visiting neighbor trace: 5
Intersection size: 1
Step: 0.020408
Tj part: 0.107881
Queue size: 8
Visiting neighbor trace: 11
Intersection size: 1
Step: 0.020408
Tj part: 0.125000
Queue size: 8
Visiting neighbor trace: 13
Intersection size: 2
Step: 0.040816
Tj part: 0.153846
Queue size: 8
Visiting neighbor trace: 15
Intersection size: 2
Step: 0.040816
Tj part: 0.166667
Queue size: 8
Visiting neighbor trace: 17
Intersection size: 1
Step: 0.020408
Tj part: 0.125000
Queue size: 8
Visiting neighbor trace: 19
Intersection size: 2
Step: 0.040816
Tj part: 0.222222
Queue size: 8
Visiting neighbor trace: 20
Intersection size: 3
Step: 0.061224
Tj part: 0.333333
Queue size: 8
Visiting neighbor trace: 22
Intersection size: 2
Step: 0.040816
Tj part: 0.200000
Queue size: 8
Visiting neighbor trace: 23
Intersection size: 1
Step: 0.020408
Tj part: 0.111111
Queue size: 8
Visiting neighbor trace: 24
Intersection size: 2
Step: 0.040816
Tj part: 0.222222
Queue size: 8
Visiting neighbor trace: 25
Intersection size: 3
Step: 0.061224
Tj part: 0.250000
Queue size: 8
Visiting neighbor trace: 26
Intersection size: 3
Step: 0.061224
Tj part: 0.333333
Queue size: 8
Visiting neighbor trace: 29
Intersection size: 1
Step: 0.020408
Tj part: 0.111111
Queue size: 8
Visiting neighbor trace: 30
Intersection size: 2
Step: 0.040816
Tj part: 0.285714
Queue size: 8
Visiting neighbor trace: 2
Intersection size: 1
Step: 0.020408
Tj part: 0.090189
Queue size: 8
Visiting neighbor trace: 6
Intersection size: 1
Step: 0.020408
Tj part: 0.087865
Queue size: 8
Visiting neighbor trace: 8
Intersection size: 1
Step: 0.020408
Tj part: 0.084491
Queue size: 8
Visiting neighbor trace: 27
Intersection size: 1
Step: 0.020408
Tj part: 0.111111
Queue size: 8
Current trace: 20 with activation 0.142857
Visited neighbors: 21
Visiting neighbor trace: 1
Intersection size: 1
Step: 0.015873
Tj part: 0.125000
Queue size: 7
Visiting neighbor trace: 5
Intersection size: 1
Step: 0.015873
Tj part: 0.107881
Queue size: 7
Visiting neighbor trace: 11
Intersection size: 1
Step: 0.015873
Tj part: 0.125000
Queue size: 7
Visiting neighbor trace: 13
Intersection size: 1
Step: 0.015873
Tj part: 0.076923
Queue size: 7
Visiting neighbor trace: 15
Intersection size: 1
Step: 0.015873
Tj part: 0.083333
Queue size: 7
Visiting neighbor trace: 16
Intersection size: 3
Step: 0.047619
Tj part: 0.214286
Queue size: 7
Visiting neighbor trace: 17
Intersection size: 2
Step: 0.031746
Tj part: 0.250000
Queue size: 7
Visiting neighbor trace: 19
Intersection size: 1
Step: 0.015873
Tj part: 0.111111
Queue size: 7
Visiting neighbor trace: 22
Intersection size: 2
Step: 0.031746
Tj part: 0.200000
Queue size: 7
Visiting neighbor trace: 23
Intersection size: 1
Step: 0.015873
Tj part: 0.111111
Queue size: 7
Visiting neighbor trace: 24
Intersection size: 1
Step: 0.015873
Tj part: 0.111111
Queue size: 7
Visiting neighbor trace: 25
Intersection size: 4
Step: 0.063492
Tj part: 0.333333
Queue size: 7
Visiting neighbor trace: 26
Intersection size: 2
Step: 0.031746
Tj part: 0.222222
Queue size: 7
Visiting neighbor trace: 29
Intersection size: 3
Step: 0.047619
Tj part: 0.333333
Queue size: 7
Visiting neighbor trace: 30
Intersection size: 1
Step: 0.015873
Tj part: 0.142857
Queue size: 7
Visiting neighbor trace: 2
Intersection size: 1
Step: 0.015873
Tj part: 0.090189
Queue size: 7
Visiting neighbor trace: 9
Intersection size: 1
Step: 0.015873
Tj part: 0.125000
Queue size: 7
Visiting neighbor trace: 21
Intersection size: 2
Step: 0.031746
Tj part: 0.222222
Queue size: 7
Visiting neighbor trace: 27
Intersection size: 1
Step: 0.015873
Tj part: 0.111111
Queue size: 7
Visiting neighbor trace: 6
Intersection size: 1
Step: 0.015873
Tj part: 0.087865
Queue size: 7
Visiting neighbor trace: 8
Intersection size: 2
Step: 0.031746
Tj part: 0.168983
Queue size: 7
Current trace: 22 with activation 0.142857
Visited neighbors: 19
Visiting neighbor trace: 1
Intersection size: 1
Step: 0.014286
Tj part: 0.125000
Queue size: 6
Visiting neighbor trace: 5
Intersection size: 2
Step: 0.028571
Tj part: 0.215762
Queue size: 6
Visiting neighbor trace: 11
Intersection size: 1
Step: 0.014286
Tj part: 0.125000
Queue size: 6
Visiting neighbor trace: 13
Intersection size: 3
Step: 0.042857
Tj part: 0.230769
Queue size: 6
Visiting neighbor trace: 15
Intersection size: 1
Step: 0.014286
Tj part: 0.083333
Queue size: 6
Visiting neighbor trace: 16
Intersection size: 2
Step: 0.028571
Tj part: 0.142857
Queue size: 6
Visiting neighbor trace: 17
Intersection size: 2
Step: 0.028571
Tj part: 0.250000
Queue size: 6
Visiting neighbor trace: 19
Intersection size: 1
Step: 0.014286
Tj part: 0.111111
Queue size: 6
Visiting neighbor trace: 20
Intersection size: 2
Step: 0.028571
Tj part: 0.222222
Queue size: 6
Visiting neighbor trace: 23
Intersection size: 2
Step: 0.028571
Tj part: 0.222222
Queue size: 6
Visiting neighbor trace: 24
Intersection size: 1
Step: 0.014286
Tj part: 0.111111
Queue size: 6
Visiting neighbor trace: 25
Intersection size: 2
Step: 0.028571
Tj part: 0.166667
Queue size: 6
Visiting neighbor trace: 26
Intersection size: 2
Step: 0.028571
Tj part: 0.222222
Queue size: 6
Visiting neighbor trace: 29
Intersection size: 3
Step: 0.042857
Tj part: 0.333333
Queue size: 6
Visiting neighbor trace: 30
Intersection size: 1
Step: 0.014286
Tj part: 0.142857
Queue size: 6
Visiting neighbor trace: 6
Intersection size: 2
Step: 0.028571
Tj part: 0.175730
Queue size: 6
Visiting neighbor trace: 0
Intersection size: 1
Step: 0.014286
Tj part: 0.142857
Queue size: 6
Visiting neighbor trace: 10
Intersection size: 1
Step: 0.014286
Tj part: 0.142857
Queue size: 6
Visiting neighbor trace: 8
Intersection size: 1
Step: 0.014286
Tj part: 0.084491
Queue size: 6
Current trace: 23 with activation 0.142857
Visited neighbors: 20
Visiting neighbor trace: 1
Intersection size: 1
Step: 0.015873
Tj part: 0.125000
Queue size: 5
Visiting neighbor trace: 5
Intersection size: 1
Step: 0.015873
Tj part: 0.107881
Queue size: 5
Visiting neighbor trace: 11
Intersection size: 1
Step: 0.015873
Tj part: 0.125000
Queue size: 5
Visiting neighbor trace: 13
Intersection size: 1
Step: 0.015873
Tj part: 0.076923
Queue size: 5
Visiting neighbor trace: 15
Intersection size: 2
Step: 0.031746
Tj part: 0.166667
Queue size: 5
Visiting neighbor trace: 16
Intersection size: 1
Step: 0.015873
Tj part: 0.071429
Queue size: 5
Visiting neighbor trace: 17
Intersection size: 1
Step: 0.015873
Tj part: 0.125000
Queue size: 5
Visiting neighbor trace: 19
Intersection size: 4
Step: 0.063492
Tj part: 0.444444
Queue size: 5
Visiting neighbor trace: 20
Intersection size: 1
Step: 0.015873
Tj part: 0.111111
Queue size: 5
Visiting neighbor trace: 22
Intersection size: 2
Step: 0.031746
Tj part: 0.200000
Queue size: 5
Visiting neighbor trace: 24
Intersection size: 2
Step: 0.031746
Tj part: 0.222222
Queue size: 5
Visiting neighbor trace: 25
Intersection size: 1
Step: 0.015873
Tj part: 0.083333
Queue size: 5
Visiting neighbor trace: 26
Intersection size: 1
Step: 0.015873
Tj part: 0.111111
Queue size: 5
Visiting neighbor trace: 29
Intersection size: 1
Step: 0.015873
Tj part: 0.111111
Queue size: 5
Visiting neighbor trace: 30
Intersection size: 1
Step: 0.015873
Tj part: 0.142857
Queue size: 5
Visiting neighbor trace: 0
Intersection size: 1
Step: 0.015873
Tj part: 0.142857
Queue size: 5
Visiting neighbor trace: 2
Intersection size: 2
Step: 0.031746
Tj part: 0.180378
Queue size: 5
Visiting neighbor trace: 10
Intersection size: 1
Step: 0.015873
Tj part: 0.142857
Queue size: 5
Visiting neighbor trace: 27
Intersection size: 1
Step: 0.015873
Tj part: 0.111111
Queue size: 5
Visiting neighbor trace: 28
Intersection size: 2
Step: 0.031746
Tj part: 0.181818
Queue size: 5
Current trace: 24 with activation 0.142857
Visited neighbors: 20
Visiting neighbor trace: 1
Intersection size: 1
Step: 0.015873
Tj part: 0.125000
Queue size: 4
Visiting neighbor trace: 5
Intersection size: 1
Step: 0.015873
Tj part: 0.107881
Queue size: 4
Visiting neighbor trace: 11
Intersection size: 1
Step: 0.015873
Tj part: 0.125000
Queue size: 4
Visiting neighbor trace: 13
Intersection size: 1
Step: 0.015873
Tj part: 0.076923
Queue size: 4
Visiting neighbor trace: 15
Intersection size: 1
Step: 0.015873
Tj part: 0.083333
Queue size: 4
Visiting neighbor trace: 16
Intersection size: 2
Step: 0.031746
Tj part: 0.142857
Queue size: 4
Visiting neighbor trace: 17
Intersection size: 1
Step: 0.015873
Tj part: 0.125000
Queue size: 4
Visiting neighbor trace: 19
Intersection size: 2
Step: 0.031746
Tj part: 0.222222
Queue size: 4
Visiting neighbor trace: 20
Intersection size: 1
Step: 0.015873
Tj part: 0.111111
Queue size: 4
Visiting neighbor trace: 22
Intersection size: 1
Step: 0.015873
Tj part: 0.100000
Queue size: 4
Visiting neighbor trace: 23
Intersection size: 2
Step: 0.031746
Tj part: 0.222222
Queue size: 4
Visiting neighbor trace: 25
Intersection size: 2
Step: 0.031746
Tj part: 0.166667
Queue size: 4
Visiting neighbor trace: 26
Intersection size: 1
Step: 0.015873
Tj part: 0.111111
Queue size: 4
Visiting neighbor trace: 29
Intersection size: 1
Step: 0.015873
Tj part: 0.111111
Queue size: 4
Visiting neighbor trace: 30
Intersection size: 1
Step: 0.015873
Tj part: 0.142857
Queue size: 4
Visiting neighbor trace: 7
Intersection size: 1
Step: 0.015873
Tj part: 0.091789
Queue size: 4
Visiting neighbor trace: 12
Intersection size: 1
Step: 0.015873
Tj part: 0.125000
Queue size: 4
Visiting neighbor trace: 14
Intersection size: 1
Step: 0.015873
Tj part: 0.111111
Queue size: 4
Visiting neighbor trace: 2
Intersection size: 1
Step: 0.015873
Tj part: 0.090189
Queue size: 4
Visiting neighbor trace: 28
Intersection size: 1
Step: 0.015873
Tj part: 0.090909
Queue size: 4
Current trace: 25 with activation 0.142857
Visited neighbors: 22
Visiting neighbor trace: 1
Intersection size: 1
Step: 0.011905
Tj part: 0.125000
Queue size: 3
Visiting neighbor trace: 5
Intersection size: 1
Step: 0.011905
Tj part: 0.107881
Queue size: 3
Visiting neighbor trace: 11
Intersection size: 1
Step: 0.011905
Tj part: 0.125000
Queue size: 3
Visiting neighbor trace: 13
Intersection size: 1
Step: 0.011905
Tj part: 0.076923
Queue size: 3
Visiting neighbor trace: 15
Intersection size: 2
Step: 0.023810
Tj part: 0.166667
Queue size: 3
Visiting neighbor trace: 16
Intersection size: 3
Step: 0.035714
Tj part: 0.214286
Queue size: 3
Visiting neighbor trace: 17
Intersection size: 2
Step: 0.023810
Tj part: 0.250000
Queue size: 3
Visiting neighbor trace: 19
Intersection size: 2
Step: 0.023810
Tj part: 0.222222
Queue size: 3
Visiting neighbor trace: 20
Intersection size: 4
Step: 0.047619
Tj part: 0.444444
Queue size: 3
Visiting neighbor trace: 22
Intersection size: 2
Step: 0.023810
Tj part: 0.200000
Queue size: 3
Visiting neighbor trace: 23
Intersection size: 1
Step: 0.011905
Tj part: 0.111111
Queue size: 3
Visiting neighbor trace: 24
Intersection size: 2
Step: 0.023810
Tj part: 0.222222
Queue size: 3
Visiting neighbor trace: 26
Intersection size: 2
Step: 0.023810
Tj part: 0.222222
Queue size: 3
Visiting neighbor trace: 29
Intersection size: 3
Step: 0.035714
Tj part: 0.333333
Queue size: 3
Visiting neighbor trace: 30
Intersection size: 1
Step: 0.011905
Tj part: 0.142857
Queue size: 3
Visiting neighbor trace: 12
Intersection size: 1
Step: 0.011905
Tj part: 0.125000
Queue size: 3
Visiting neighbor trace: 14
Intersection size: 1
Step: 0.011905
Tj part: 0.111111
Queue size: 3
Visiting neighbor trace: 9
Intersection size: 1
Step: 0.011905
Tj part: 0.125000
Queue size: 3
Visiting neighbor trace: 21
Intersection size: 2
Step: 0.023810
Tj part: 0.222222
Queue size: 3
Visiting neighbor trace: 27
Intersection size: 1
Step: 0.011905
Tj part: 0.111111
Queue size: 3
Visiting neighbor trace: 6
Intersection size: 1
Step: 0.011905
Tj part: 0.087865
Queue size: 3
Visiting neighbor trace: 8
Intersection size: 1
Step: 0.011905
Tj part: 0.084491
Queue size: 3
Current trace: 26 with activation 0.571429
Visited neighbors: 20
Visiting neighbor trace: 1
Intersection size: 1
Step: 0.063492
Tj part: 0.125000
Queue size: 2
Visiting neighbor trace: 5
Intersection size: 1
Step: 0.063492
Tj part: 0.107881
Queue size: 2
Visiting neighbor trace: 11
Intersection size: 1
Step: 0.063492
Tj part: 0.125000
Queue size: 2
Visiting neighbor trace: 13
Intersection size: 2
Step: 0.126984
Tj part: 0.153846
Queue size: 2
Visiting neighbor trace: 15
Intersection size: 2
Step: 0.126984
Tj part: 0.166667
Queue size: 2
Visiting neighbor trace: 16
Intersection size: 3
Step: 0.190476
Tj part: 0.214286
Queue size: 2
Visiting neighbor trace: 17
Intersection size: 1
Step: 0.063492
Tj part: 0.125000
Queue size: 2
Visiting neighbor trace: 19
Intersection size: 1
Step: 0.063492
Tj part: 0.111111
Queue size: 2
Visiting neighbor trace: 20
Intersection size: 2
Step: 0.126984
Tj part: 0.222222
Queue size: 2
Visiting neighbor trace: 22
Intersection size: 2
Step: 0.126984
Tj part: 0.200000
Queue size: 2
Visiting neighbor trace: 23
Intersection size: 1
Step: 0.063492
Tj part: 0.111111
Queue size: 2
Visiting neighbor trace: 24
Intersection size: 1
Step: 0.063492
Tj part: 0.111111
Queue size: 2
Visiting neighbor trace: 25
Intersection size: 2
Step: 0.126984
Tj part: 0.166667
Queue size: 2
Visiting neighbor trace: 29
Intersection size: 1
Step: 0.063492
Tj part: 0.111111
Queue size: 2
Visiting neighbor trace: 30
Intersection size: 4
Step: 0.253968
Tj part: 0.571429
Queue size: 2
Visiting neighbor trace: 27
Intersection size: 3
Step: 0.190476
Tj part: 0.333333
Queue size: 2
Visiting neighbor trace: 14
Intersection size: 1
Step: 0.063492
Tj part: 0.111111
Queue size: 2
Visiting neighbor trace: 6
Intersection size: 1
Step: 0.063492
Tj part: 0.087865
Queue size: 2
Visiting neighbor trace: 8
Intersection size: 1
Step: 0.063492
Tj part: 0.084491
Queue size: 2
Visiting neighbor trace: 28
Intersection size: 1
Step: 0.063492
Tj part: 0.090909
Queue size: 2
Current trace: 29 with activation 0.142857
Visited neighbors: 18
Visiting neighbor trace: 1
Intersection size: 1
Step: 0.015873
Tj part: 0.125000
Queue size: 1
Visiting neighbor trace: 5
Intersection size: 1
Step: 0.015873
Tj part: 0.107881
Queue size: 1
Visiting neighbor trace: 11
Intersection size: 1
Step: 0.015873
Tj part: 0.125000
Queue size: 1
Visiting neighbor trace: 13
Intersection size: 3
Step: 0.047619
Tj part: 0.230769
Queue size: 1
Visiting neighbor trace: 15
Intersection size: 1
Step: 0.015873
Tj part: 0.083333
Queue size: 1
Visiting neighbor trace: 16
Intersection size: 1
Step: 0.015873
Tj part: 0.071429
Queue size: 1
Visiting neighbor trace: 17
Intersection size: 2
Step: 0.031746
Tj part: 0.250000
Queue size: 1
Visiting neighbor trace: 19
Intersection size: 1
Step: 0.015873
Tj part: 0.111111
Queue size: 1
Visiting neighbor trace: 20
Intersection size: 3
Step: 0.047619
Tj part: 0.333333
Queue size: 1
Visiting neighbor trace: 22
Intersection size: 3
Step: 0.047619
Tj part: 0.300000
Queue size: 1
Visiting neighbor trace: 23
Intersection size: 1
Step: 0.015873
Tj part: 0.111111
Queue size: 1
Visiting neighbor trace: 24
Intersection size: 1
Step: 0.015873
Tj part: 0.111111
Queue size: 1
Visiting neighbor trace: 25
Intersection size: 3
Step: 0.047619
Tj part: 0.250000
Queue size: 1
Visiting neighbor trace: 26
Intersection size: 1
Step: 0.015873
Tj part: 0.111111
Queue size: 1
Visiting neighbor trace: 30
Intersection size: 1
Step: 0.015873
Tj part: 0.142857
Queue size: 1
Visiting neighbor trace: 9
Intersection size: 1
Step: 0.015873
Tj part: 0.125000
Queue size: 1
Visiting neighbor trace: 21
Intersection size: 1
Step: 0.015873
Tj part: 0.111111
Queue size: 1
Visiting neighbor trace: 27
Intersection size: 1
Step: 0.015873
Tj part: 0.111111
Queue size: 1
Current trace: 27 with activation 0.428571
Visited neighbors: 21
Visiting neighbor trace: 1
Intersection size: 1
Step: 0.047619
Tj part: 0.125000
Queue size: 0
Visiting neighbor trace: 3
Intersection size: 1
Step: 0.047619
Tj part: 0.102250
Queue size: 0
Visiting neighbor trace: 6
Intersection size: 1
Step: 0.047619
Tj part: 0.087865
Queue size: 0
Visiting neighbor trace: 9
Intersection size: 2
Step: 0.095238
Tj part: 0.250000
Queue size: 0
Visiting neighbor trace: 11
Intersection size: 1
Step: 0.047619
Tj part: 0.125000
Queue size: 0
Visiting neighbor trace: 13
Intersection size: 2
Step: 0.095238
Tj part: 0.153846
Queue size: 0
Visiting neighbor trace: 19
Intersection size: 1
Step: 0.047619
Tj part: 0.111111
Queue size: 0
Visiting neighbor trace: 21
Intersection size: 2
Step: 0.095238
Tj part: 0.222222
Queue size: 0
Visiting neighbor trace: 15
Intersection size: 1
Step: 0.047619
Tj part: 0.083333
Queue size: 0
Visiting neighbor trace: 26
Intersection size: 3
Step: 0.142857
Tj part: 0.333333
Queue size: 0
Visiting neighbor trace: 30
Intersection size: 3
Step: 0.142857
Tj part: 0.428571
Queue size: 0
Visiting neighbor trace: 0
Intersection size: 1
Step: 0.047619
Tj part: 0.142857
Queue size: 0
Visiting neighbor trace: 2
Intersection size: 1
Step: 0.047619
Tj part: 0.090189
Queue size: 0
Visiting neighbor trace: 10
Intersection size: 1
Step: 0.047619
Tj part: 0.142857
Queue size: 0
Visiting neighbor trace: 23
Intersection size: 1
Step: 0.047619
Tj part: 0.111111
Queue size: 0
Visiting neighbor trace: 28
Intersection size: 3
Step: 0.142857
Tj part: 0.272727
Queue size: 0
Visiting neighbor trace: 17
Intersection size: 1
Step: 0.047619
Tj part: 0.125000
Queue size: 0
Visiting neighbor trace: 20
Intersection size: 1
Step: 0.047619
Tj part: 0.111111
Queue size: 0
Visiting neighbor trace: 25
Intersection size: 1
Step: 0.047619
Tj part: 0.083333
Queue size: 0
Visiting neighbor trace: 29
Intersection size: 1
Step: 0.047619
Tj part: 0.111111
Queue size: 0
Visiting neighbor trace: 16
Intersection size: 1
Step: 0.047619
Tj part: 0.071429
Queue size: 0
Propagated trace for words: 7
Pruned traces for words: 7
Predicted understanding for words: 7
Processed words: 7
Error: 0.829856
Updating proficiency for words: 11
Adding trace for words: 11
Added trace for words: 11
Propagating trace: 31 with activation 1.000000
Current trace: 31 with activation 1.000000
Visited neighbors: 17
Visiting neighbor trace: 17
Intersection size: 2
Step: 0.181818
Tj part: 0.250000
Queue size: 0
Visiting neighbor trace: 1
Intersection size: 1
Step: 0.090909
Tj part: 0.125000
Queue size: 0
Visiting neighbor trace: 13
Intersection size: 2
Step: 0.181818
Tj part: 0.153846
Queue size: 1
Visiting neighbor trace: 5
Intersection size: 1
Step: 0.090909
Tj part: 0.107881
Queue size: 1
Visiting neighbor trace: 19
Intersection size: 2
Step: 0.181818
Tj part: 0.222222
Queue size: 1
Visiting neighbor trace: 11
Intersection size: 1
Step: 0.090909
Tj part: 0.125000
Queue size: 1
Visiting neighbor trace: 15
Intersection size: 2
Step: 0.181818
Tj part: 0.166667
Queue size: 2
Visiting neighbor trace: 16
Intersection size: 1
Step: 0.090909
Tj part: 0.071429
Queue size: 3
Visiting neighbor trace: 20
Intersection size: 2
Step: 0.181818
Tj part: 0.222222
Queue size: 3
Visiting neighbor trace: 22
Intersection size: 1
Step: 0.090909
Tj part: 0.100000
Queue size: 3
Visiting neighbor trace: 23
Intersection size: 1
Step: 0.090909
Tj part: 0.111111
Queue size: 3
Visiting neighbor trace: 24
Intersection size: 1
Step: 0.090909
Tj part: 0.111111
Queue size: 3
Visiting neighbor trace: 25
Intersection size: 1
Step: 0.090909
Tj part: 0.083333
Queue size: 4
Visiting neighbor trace: 26
Intersection size: 1
Step: 0.090909
Tj part: 0.111111
Queue size: 4
Visiting neighbor trace: 29
Intersection size: 1
Step: 0.090909
Tj part: 0.111111
Queue size: 4
Visiting neighbor trace: 30
Intersection size: 2
Step: 0.181818
Tj part: 0.285714
Queue size: 4
Visiting neighbor trace: 21
Intersection size: 2
Step: 0.181818
Tj part: 0.222222
Queue size: 4
Current trace: 13 with activation 0.181818
Visited neighbors: 22
Visiting neighbor trace: 1
Intersection size: 3
Step: 0.041958
Tj part: 0.375000
Queue size: 3
Visiting neighbor trace: 3
Intersection size: 2
Step: 0.027972
Tj part: 0.204500
Queue size: 3
Visiting neighbor trace: 6
Intersection size: 1
Step: 0.013986
Tj part: 0.087865
Queue size: 3
Visiting neighbor trace: 9
Intersection size: 1
Step: 0.013986
Tj part: 0.125000
Queue size: 3
Visiting neighbor trace: 11
Intersection size: 3
Step: 0.041958
Tj part: 0.375000
Queue size: 3
Visiting neighbor trace: 19
Intersection size: 2
Step: 0.027972
Tj part: 0.222222
Queue size: 3
Visiting neighbor trace: 21
Intersection size: 1
Step: 0.013986
Tj part: 0.111111
Queue size: 3
Visiting neighbor trace: 27
Intersection size: 2
Step: 0.027972
Tj part: 0.222222
Queue size: 3
Visiting neighbor trace: 5
Intersection size: 1
Step: 0.013986
Tj part: 0.107881
Queue size: 3
Visiting neighbor trace: 15
Intersection size: 1
Step: 0.013986
Tj part: 0.083333
Queue size: 3
Visiting neighbor trace: 16
Intersection size: 2
Step: 0.027972
Tj part: 0.142857
Queue size: 3
Visiting neighbor trace: 17
Intersection size: 1
Step: 0.013986
Tj part: 0.125000
Queue size: 3
Visiting neighbor trace: 20
Intersection size: 1
Step: 0.013986
Tj part: 0.111111
Queue size: 3
Visiting neighbor trace: 22
Intersection size: 3
Step: 0.041958
Tj part: 0.300000
Queue size: 3
Visiting neighbor trace: 23
Intersection size: 1
Step: 0.013986
Tj part: 0.111111
Queue size: 3
Visiting neighbor trace: 24
Intersection size: 1
Step: 0.013986
Tj part: 0.111111
Queue size: 3
Visiting neighbor trace: 25
Intersection size: 1
Step: 0.013986
Tj part: 0.083333
Queue size: 3
Visiting neighbor trace: 26
Intersection size: 2
Step: 0.027972
Tj part: 0.222222
Queue size: 3
Visiting neighbor trace: 29
Intersection size: 3
Step: 0.041958
Tj part: 0.333333
Queue size: 3
Visiting neighbor trace: 30
Intersection size: 2
Step: 0.027972
Tj part: 0.285714
Queue size: 3
Visiting neighbor trace: 31
Intersection size: 2
Step: 0.027972
Tj part: 0.181818
Queue size: 3
Visiting neighbor trace: 14
Intersection size: 2
Step: 0.027972
Tj part: 0.222222
Queue size: 3
Current trace: 15 with activation 0.181818
Visited neighbors: 17
Visiting neighbor trace: 1
Intersection size: 1
Step: 0.015152
Tj part: 0.125000
Queue size: 2
Visiting neighbor trace: 5
Intersection size: 1
Step: 0.015152
Tj part: 0.107881
Queue size: 2
Visiting neighbor trace: 11
Intersection size: 1
Step: 0.015152
Tj part: 0.125000
Queue size: 2
Visiting neighbor trace: 13
Intersection size: 1
Step: 0.015152
Tj part: 0.076923
Queue size: 2
Visiting neighbor trace: 16
Intersection size: 2
Step: 0.030303
Tj part: 0.142857
Queue size: 2
Visiting neighbor trace: 17
Intersection size: 2
Step: 0.030303
Tj part: 0.250000
Queue size: 2
Visiting neighbor trace: 19
Intersection size: 4
Step: 0.060606
Tj part: 0.444444
Queue size: 2
Visiting neighbor trace: 20
Intersection size: 1
Step: 0.015152
Tj part: 0.111111
Queue size: 2
Visiting neighbor trace: 22
Intersection size: 1
Step: 0.015152
Tj part: 0.100000
Queue size: 2
Visiting neighbor trace: 23
Intersection size: 2
Step: 0.030303
Tj part: 0.222222
Queue size: 2
Visiting neighbor trace: 24
Intersection size: 1
Step: 0.015152
Tj part: 0.111111
Queue size: 2
Visiting neighbor trace: 25
Intersection size: 2
Step: 0.030303
Tj part: 0.166667
Queue size: 2
Visiting neighbor trace: 26
Intersection size: 2
Step: 0.030303
Tj part: 0.222222
Queue size: 2
Visiting neighbor trace: 29
Intersection size: 1
Step: 0.015152
Tj part: 0.111111
Queue size: 2
Visiting neighbor trace: 30
Intersection size: 2
Step: 0.030303
Tj part: 0.285714
Queue size: 2
Visiting neighbor trace: 31
Intersection size: 2
Step: 0.030303
Tj part: 0.181818
Queue size: 2
Visiting neighbor trace: 27
Intersection size: 1
Step: 0.015152
Tj part: 0.111111
Queue size: 2
Current trace: 16 with activation 0.090909
Visited neighbors: 20
Visiting neighbor trace: 1
Intersection size: 1
Step: 0.006494
Tj part: 0.125000
Queue size: 1
Visiting neighbor trace: 5
Intersection size: 1
Step: 0.006494
Tj part: 0.107881
Queue size: 1
Visiting neighbor trace: 11
Intersection size: 1
Step: 0.006494
Tj part: 0.125000
Queue size: 1
Visiting neighbor trace: 13
Intersection size: 2
Step: 0.012987
Tj part: 0.153846
Queue size: 1
Visiting neighbor trace: 15
Intersection size: 2
Step: 0.012987
Tj part: 0.166667
Queue size: 1
Visiting neighbor trace: 17
Intersection size: 1
Step: 0.006494
Tj part: 0.125000
Queue size: 1
Visiting neighbor trace: 19
Intersection size: 2
Step: 0.012987
Tj part: 0.222222
Queue size: 1
Visiting neighbor trace: 20
Intersection size: 3
Step: 0.019481
Tj part: 0.333333
Queue size: 1
Visiting neighbor trace: 22
Intersection size: 2
Step: 0.012987
Tj part: 0.200000
Queue size: 1
Visiting neighbor trace: 23
Intersection size: 1
Step: 0.006494
Tj part: 0.111111
Queue size: 1
Visiting neighbor trace: 24
Intersection size: 2
Step: 0.012987
Tj part: 0.222222
Queue size: 1
Visiting neighbor trace: 25
Intersection size: 3
Step: 0.019481
Tj part: 0.250000
Queue size: 1
Visiting neighbor trace: 26
Intersection size: 3
Step: 0.019481
Tj part: 0.333333
Queue size: 1
Visiting neighbor trace: 29
Intersection size: 1
Step: 0.006494
Tj part: 0.111111
Queue size: 1
Visiting neighbor trace: 30
Intersection size: 2
Step: 0.012987
Tj part: 0.285714
Queue size: 1
Visiting neighbor trace: 31
Intersection size: 1
Step: 0.006494
Tj part: 0.090909
Queue size: 1
Visiting neighbor trace: 2
Intersection size: 1
Step: 0.006494
Tj part: 0.090189
Queue size: 1
Visiting neighbor trace: 6
Intersection size: 1
Step: 0.006494
Tj part: 0.087865
Queue size: 1
Visiting neighbor trace: 8
Intersection size: 1
Step: 0.006494
Tj part: 0.084491
Queue size: 1
Visiting neighbor trace: 27
Intersection size: 1
Step: 0.006494
Tj part: 0.111111
Queue size: 1
Current trace: 25 with activation 0.090909
Visited neighbors: 23
Visiting neighbor trace: 1
Intersection size: 1
Step: 0.007576
Tj part: 0.125000
Queue size: 0
Visiting neighbor trace: 5
Intersection size: 1
Step: 0.007576
Tj part: 0.107881
Queue size: 0
Visiting neighbor trace: 11
Intersection size: 1
Step: 0.007576
Tj part: 0.125000
Queue size: 0
Visiting neighbor trace: 13
Intersection size: 1
Step: 0.007576
Tj part: 0.076923
Queue size: 0
Visiting neighbor trace: 15
Intersection size: 2
Step: 0.015152
Tj part: 0.166667
Queue size: 0
Visiting neighbor trace: 16
Intersection size: 3
Step: 0.022727
Tj part: 0.214286
Queue size: 0
Visiting neighbor trace: 17
Intersection size: 2
Step: 0.015152
Tj part: 0.250000
Queue size: 0
Visiting neighbor trace: 19
Intersection size: 2
Step: 0.015152
Tj part: 0.222222
Queue size: 0
Visiting neighbor trace: 20
Intersection size: 4
Step: 0.030303
Tj part: 0.444444
Queue size: 0
Visiting neighbor trace: 22
Intersection size: 2
Step: 0.015152
Tj part: 0.200000
Queue size: 0
Visiting neighbor trace: 23
Intersection size: 1
Step: 0.007576
Tj part: 0.111111
Queue size: 0
Visiting neighbor trace: 24
Intersection size: 2
Step: 0.015152
Tj part: 0.222222
Queue size: 0
Visiting neighbor trace: 26
Intersection size: 2
Step: 0.015152
Tj part: 0.222222
Queue size: 0
Visiting neighbor trace: 29
Intersection size: 3
Step: 0.022727
Tj part: 0.333333
Queue size: 0
Visiting neighbor trace: 30
Intersection size: 1
Step: 0.007576
Tj part: 0.142857
Queue size: 0
Visiting neighbor trace: 31
Intersection size: 1
Step: 0.007576
Tj part: 0.090909
Queue size: 0
Visiting neighbor trace: 12
Intersection size: 1
Step: 0.007576
Tj part: 0.125000
Queue size: 0
Visiting neighbor trace: 14
Intersection size: 1
Step: 0.007576
Tj part: 0.111111
Queue size: 0
Visiting neighbor trace: 9
Intersection size: 1
Step: 0.007576
Tj part: 0.125000
Queue size: 0
Visiting neighbor trace: 21
Intersection size: 2
Step: 0.015152
Tj part: 0.222222
Queue size: 0
Visiting neighbor trace: 27
Intersection size: 1
Step: 0.007576
Tj part: 0.111111
Queue size: 0
Visiting neighbor trace: 6
Intersection size: 1
Step: 0.007576
Tj part: 0.087865
Queue size: 0
Visiting neighbor trace: 8
Intersection size: 1
Step: 0.007576
Tj part: 0.084491
Queue size: 0
Propagated trace for words: 11
Pruned traces for words: 11
Predicted understanding for words: 11
Processed words: 11
Error: 0.835583
Updating proficiency for words: 9
Adding trace for words: 9
Added trace for words: 9
Propagating trace: 32 with activation 1.000000
Current trace: 32 with activation 1.000000
Visited neighbors: 19
Visiting neighbor trace: 17
Intersection size: 1
Step: 0.111111
Tj part: 0.125000
Queue size: 0
Visiting neighbor trace: 1
Intersection size: 1
Step: 0.111111
Tj part: 0.125000
Queue size: 0
Visiting neighbor trace: 13
Intersection size: 2
Step: 0.222222
Tj part: 0.153846
Queue size: 1
Visiting neighbor trace: 5
Intersection size: 1
Step: 0.111111
Tj part: 0.107881
Queue size: 2
Visiting neighbor trace: 19
Intersection size: 2
Step: 0.222222
Tj part: 0.222222
Queue size: 2
Visiting neighbor trace: 11
Intersection size: 1
Step: 0.111111
Tj part: 0.125000
Queue size: 2
Visiting neighbor trace: 15
Intersection size: 1
Step: 0.111111
Tj part: 0.083333
Queue size: 3
Visiting neighbor trace: 16
Intersection size: 2
Step: 0.222222
Tj part: 0.142857
Queue size: 4
Visiting neighbor trace: 20
Intersection size: 1
Step: 0.111111
Tj part: 0.111111
Queue size: 4
Visiting neighbor trace: 22
Intersection size: 1
Step: 0.111111
Tj part: 0.100000
Queue size: 5
Visiting neighbor trace: 23
Intersection size: 2
Step: 0.222222
Tj part: 0.222222
Queue size: 5
Visiting neighbor trace: 24
Intersection size: 3
Step: 0.333333
Tj part: 0.333333
Queue size: 5
Visiting neighbor trace: 25
Intersection size: 1
Step: 0.111111
Tj part: 0.083333
Queue size: 6
Visiting neighbor trace: 26
Intersection size: 1
Step: 0.111111
Tj part: 0.111111
Queue size: 6
Visiting neighbor trace: 29
Intersection size: 1
Step: 0.111111
Tj part: 0.111111
Queue size: 6
Visiting neighbor trace: 30
Intersection size: 2
Step: 0.222222
Tj part: 0.285714
Queue size: 6
Visiting neighbor trace: 31
Intersection size: 3
Step: 0.333333
Tj part: 0.272727
Queue size: 7
Visiting neighbor trace: 2
Intersection size: 1
Step: 0.111111
Tj part: 0.090189
Queue size: 8
Visiting neighbor trace: 28
Intersection size: 1
Step: 0.111111
Tj part: 0.090909
Queue size: 9
Current trace: 13 with activation 0.222222
Visited neighbors: 23
Visiting neighbor trace: 1
Intersection size: 3
Step: 0.051282
Tj part: 0.375000
Queue size: 8
Visiting neighbor trace: 3
Intersection size: 2
Step: 0.034188
Tj part: 0.204500
Queue size: 8
Visiting neighbor trace: 6
Intersection size: 1
Step: 0.017094
Tj part: 0.087865
Queue size: 8
Visiting neighbor trace: 9
Intersection size: 1
Step: 0.017094
Tj part: 0.125000
Queue size: 8
Visiting neighbor trace: 11
Intersection size: 3
Step: 0.051282
Tj part: 0.375000
Queue size: 8
Visiting neighbor trace: 19
Intersection size: 2
Step: 0.034188
Tj part: 0.222222
Queue size: 8
Visiting neighbor trace: 21
Intersection size: 1
Step: 0.017094
Tj part: 0.111111
Queue size: 8
Visiting neighbor trace: 27
Intersection size: 2
Step: 0.034188
Tj part: 0.222222
Queue size: 8
Visiting neighbor trace: 5
Intersection size: 1
Step: 0.017094
Tj part: 0.108342
Queue size: 8
Visiting neighbor trace: 15
Intersection size: 1
Step: 0.017094
Tj part: 0.083333
Queue size: 8
Visiting neighbor trace: 16
Intersection size: 2
Step: 0.034188
Tj part: 0.142857
Queue size: 8
Visiting neighbor trace: 17
Intersection size: 1
Step: 0.017094
Tj part: 0.125000
Queue size: 8
Visiting neighbor trace: 20
Intersection size: 1
Step: 0.017094
Tj part: 0.111111
Queue size: 8
Visiting neighbor trace: 22
Intersection size: 3
Step: 0.051282
Tj part: 0.300000
Queue size: 8
Visiting neighbor trace: 23
Intersection size: 1
Step: 0.017094
Tj part: 0.111111
Queue size: 8
Visiting neighbor trace: 24
Intersection size: 1
Step: 0.017094
Tj part: 0.111111
Queue size: 8
Visiting neighbor trace: 25
Intersection size: 1
Step: 0.017094
Tj part: 0.083333
Queue size: 8
Visiting neighbor trace: 26
Intersection size: 2
Step: 0.034188
Tj part: 0.222222
Queue size: 8
Visiting neighbor trace: 29
Intersection size: 3
Step: 0.051282
Tj part: 0.333333
Queue size: 8
Visiting neighbor trace: 30
Intersection size: 2
Step: 0.034188
Tj part: 0.285714
Queue size: 8
Visiting neighbor trace: 31
Intersection size: 2
Step: 0.034188
Tj part: 0.181818
Queue size: 8
Visiting neighbor trace: 32
Intersection size: 2
Step: 0.034188
Tj part: 0.222222
Queue size: 8
Visiting neighbor trace: 14
Intersection size: 2
Step: 0.034188
Tj part: 0.222222
Queue size: 8
Current trace: 5 with activation 0.111111
Visited neighbors: 17
Visiting neighbor trace: 1
Intersection size: 2
Step: 0.031746
Tj part: 0.250000
Queue size: 7
Visiting neighbor trace: 11
Intersection size: 2
Step: 0.031746
Tj part: 0.250000
Queue size: 7
Visiting neighbor trace: 13
Intersection size: 1
Step: 0.015873
Tj part: 0.076923
Queue size: 7
Visiting neighbor trace: 15
Intersection size: 1
Step: 0.015873
Tj part: 0.083333
Queue size: 7
Visiting neighbor trace: 16
Intersection size: 1
Step: 0.015873
Tj part: 0.071429
Queue size: 7
Visiting neighbor trace: 17
Intersection size: 1
Step: 0.015873
Tj part: 0.125000
Queue size: 7
Visiting neighbor trace: 19
Intersection size: 1
Step: 0.015873
Tj part: 0.111111
Queue size: 7
Visiting neighbor trace: 20
Intersection size: 1
Step: 0.015873
Tj part: 0.111111
Queue size: 7
Visiting neighbor trace: 22
Intersection size: 2
Step: 0.031746
Tj part: 0.200000
Queue size: 7
Visiting neighbor trace: 23
Intersection size: 1
Step: 0.015873
Tj part: 0.111111
Queue size: 7
Visiting neighbor trace: 24
Intersection size: 1
Step: 0.015873
Tj part: 0.111111
Queue size: 7
Visiting neighbor trace: 25
Intersection size: 1
Step: 0.015873
Tj part: 0.083333
Queue size: 7
Visiting neighbor trace: 26
Intersection size: 1
Step: 0.015873
Tj part: 0.111111
Queue size: 7
Visiting neighbor trace: 29
Intersection size: 1
Step: 0.015873
Tj part: 0.111111
Queue size: 7
Visiting neighbor trace: 30
Intersection size: 1
Step: 0.015873
Tj part: 0.142857
Queue size: 7
Visiting neighbor trace: 31
Intersection size: 1
Step: 0.015873
Tj part: 0.090909
Queue size: 7
Visiting neighbor trace: 32
Intersection size: 1
Step: 0.015873
Tj part: 0.111111
Queue size: 7
Current trace: 15 with activation 0.111111
Visited neighbors: 18
Visiting neighbor trace: 1
Intersection size: 1
Step: 0.009259
Tj part: 0.125000
Queue size: 6
Visiting neighbor trace: 5
Intersection size: 1
Step: 0.009259
Tj part: 0.108342
Queue size: 6
Visiting neighbor trace: 11
Intersection size: 1
Step: 0.009259
Tj part: 0.125000
Queue size: 6
Visiting neighbor trace: 13
Intersection size: 1
Step: 0.009259
Tj part: 0.076923
Queue size: 6
Visiting neighbor trace: 16
Intersection size: 2
Step: 0.018519
Tj part: 0.142857
Queue size: 6
Visiting neighbor trace: 17
Intersection size: 2
Step: 0.018519
Tj part: 0.250000
Queue size: 6
Visiting neighbor trace: 19
Intersection size: 4
Step: 0.037037
Tj part: 0.444444
Queue size: 6
Visiting neighbor trace: 20
Intersection size: 1
Step: 0.009259
Tj part: 0.111111
Queue size: 6
Visiting neighbor trace: 22
Intersection size: 1
Step: 0.009259
Tj part: 0.100000
Queue size: 6
Visiting neighbor trace: 23
Intersection size: 2
Step: 0.018519
Tj part: 0.222222
Queue size: 6
Visiting neighbor trace: 24
Intersection size: 1
Step: 0.009259
Tj part: 0.111111
Queue size: 6
Visiting neighbor trace: 25
Intersection size: 2
Step: 0.018519
Tj part: 0.166667
Queue size: 6
Visiting neighbor trace: 26
Intersection size: 2
Step: 0.018519
Tj part: 0.222222
Queue size: 6
Visiting neighbor trace: 29
Intersection size: 1
Step: 0.009259
Tj part: 0.111111
Queue size: 6
Visiting neighbor trace: 30
Intersection size: 2
Step: 0.018519
Tj part: 0.285714
Queue size: 6
Visiting neighbor trace: 31
Intersection size: 2
Step: 0.018519
Tj part: 0.181818
Queue size: 6
Visiting neighbor trace: 32
Intersection size: 1
Step: 0.009259
Tj part: 0.111111
Queue size: 6
Visiting neighbor trace: 27
Intersection size: 1
Step: 0.009259
Tj part: 0.111111
Queue size: 6
Current trace: 16 with activation 0.222222
Visited neighbors: 21
Visiting neighbor trace: 1
Intersection size: 1
Step: 0.015873
Tj part: 0.125000
Queue size: 5
Visiting neighbor trace: 5
Intersection size: 1
Step: 0.015873
Tj part: 0.108342
Queue size: 5
Visiting neighbor trace: 11
Intersection size: 1
Step: 0.015873
Tj part: 0.125000
Queue size: 5
Visiting neighbor trace: 13
Intersection size: 2
Step: 0.031746
Tj part: 0.153846
Queue size: 5
Visiting neighbor trace: 15
Intersection size: 2
Step: 0.031746
Tj part: 0.166667
Queue size: 5
Visiting neighbor trace: 17
Intersection size: 1
Step: 0.015873
Tj part: 0.125000
Queue size: 5
Visiting neighbor trace: 19
Intersection size: 2
Step: 0.031746
Tj part: 0.222222
Queue size: 5
Visiting neighbor trace: 20
Intersection size: 3
Step: 0.047619
Tj part: 0.333333
Queue size: 5
Visiting neighbor trace: 22
Intersection size: 2
Step: 0.031746
Tj part: 0.200000
Queue size: 5
Visiting neighbor trace: 23
Intersection size: 1
Step: 0.015873
Tj part: 0.111111
Queue size: 5
Visiting neighbor trace: 24
Intersection size: 2
Step: 0.031746
Tj part: 0.222222
Queue size: 5
Visiting neighbor trace: 25
Intersection size: 3
Step: 0.047619
Tj part: 0.250000
Queue size: 5
Visiting neighbor trace: 26
Intersection size: 3
Step: 0.047619
Tj part: 0.333333
Queue size: 5
Visiting neighbor trace: 29
Intersection size: 1
Step: 0.015873
Tj part: 0.111111
Queue size: 5
Visiting neighbor trace: 30
Intersection size: 2
Step: 0.031746
Tj part: 0.285714
Queue size: 5
Visiting neighbor trace: 31
Intersection size: 1
Step: 0.015873
Tj part: 0.090909
Queue size: 5
Visiting neighbor trace: 32
Intersection size: 2
Step: 0.031746
Tj part: 0.222222
Queue size: 5
Visiting neighbor trace: 2
Intersection size: 1
Step: 0.015873
Tj part: 0.093178
Queue size: 5
Visiting neighbor trace: 6
Intersection size: 1
Step: 0.015873
Tj part: 0.087865
Queue size: 5
Visiting neighbor trace: 8
Intersection size: 1
Step: 0.015873
Tj part: 0.084491
Queue size: 5
Visiting neighbor trace: 27
Intersection size: 1
Step: 0.015873
Tj part: 0.111111
Queue size: 5
Current trace: 22 with activation 0.111111
Visited neighbors: 21
Visiting neighbor trace: 1
Intersection size: 1
Step: 0.011111
Tj part: 0.125000
Queue size: 4
Visiting neighbor trace: 5
Intersection size: 2
Step: 0.022222
Tj part: 0.216685
Queue size: 4
Visiting neighbor trace: 11
Intersection size: 1
Step: 0.011111
Tj part: 0.125000
Queue size: 4
Visiting neighbor trace: 13
Intersection size: 3
Step: 0.033333
Tj part: 0.230769
Queue size: 4
Visiting neighbor trace: 15
Intersection size: 1
Step: 0.011111
Tj part: 0.083333
Queue size: 4
Visiting neighbor trace: 16
Intersection size: 2
Step: 0.022222
Tj part: 0.142857
Queue size: 4
Visiting neighbor trace: 17
Intersection size: 2
Step: 0.022222
Tj part: 0.250000
Queue size: 4
Visiting neighbor trace: 19
Intersection size: 1
Step: 0.011111
Tj part: 0.111111
Queue size: 4
Visiting neighbor trace: 20
Intersection size: 2
Step: 0.022222
Tj part: 0.222222
Queue size: 4
Visiting neighbor trace: 23
Intersection size: 2
Step: 0.022222
Tj part: 0.222222
Queue size: 4
Visiting neighbor trace: 24
Intersection size: 1
Step: 0.011111
Tj part: 0.111111
Queue size: 4
Visiting neighbor trace: 25
Intersection size: 2
Step: 0.022222
Tj part: 0.166667
Queue size: 4
Visiting neighbor trace: 26
Intersection size: 2
Step: 0.022222
Tj part: 0.222222
Queue size: 4
Visiting neighbor trace: 29
Intersection size: 3
Step: 0.033333
Tj part: 0.333333
Queue size: 4
Visiting neighbor trace: 30
Intersection size: 1
Step: 0.011111
Tj part: 0.142857
Queue size: 4
Visiting neighbor trace: 31
Intersection size: 1
Step: 0.011111
Tj part: 0.090909
Queue size: 4
Visiting neighbor trace: 32
Intersection size: 1
Step: 0.011111
Tj part: 0.111111
Queue size: 4
Visiting neighbor trace: 6
Intersection size: 2
Step: 0.022222
Tj part: 0.175730
Queue size: 4
Visiting neighbor trace: 0
Intersection size: 1
Step: 0.011111
Tj part: 0.142857
Queue size: 4
Visiting neighbor trace: 10
Intersection size: 1
Step: 0.011111
Tj part: 0.142857
Queue size: 4
Visiting neighbor trace: 8
Intersection size: 1
Step: 0.011111
Tj part: 0.084491
Queue size: 4
Current trace: 25 with activation 0.111111
Visited neighbors: 24
Visiting neighbor trace: 1
Intersection size: 1
Step: 0.009259
Tj part: 0.125000
Queue size: 3
Visiting neighbor trace: 5
Intersection size: 1
Step: 0.009259
Tj part: 0.108342
Queue size: 3
Visiting neighbor trace: 11
Intersection size: 1
Step: 0.009259
Tj part: 0.125000
Queue size: 3
Visiting neighbor trace: 13
Intersection size: 1
Step: 0.009259
Tj part: 0.076923
Queue size: 3
Visiting neighbor trace: 15
Intersection size: 2
Step: 0.018519
Tj part: 0.166667
Queue size: 3
Visiting neighbor trace: 16
Intersection size: 3
Step: 0.027778
Tj part: 0.214286
Queue size: 3
Visiting neighbor trace: 17
Intersection size: 2
Step: 0.018519
Tj part: 0.250000
Queue size: 3
Visiting neighbor trace: 19
Intersection size: 2
Step: 0.018519
Tj part: 0.222222
Queue size: 3
Visiting neighbor trace: 20
Intersection size: 4
Step: 0.037037
Tj part: 0.444444
Queue size: 3
Visiting neighbor trace: 22
Intersection size: 2
Step: 0.018519
Tj part: 0.200000
Queue size: 3
Visiting neighbor trace: 23
Intersection size: 1
Step: 0.009259
Tj part: 0.111111
Queue size: 3
Visiting neighbor trace: 24
Intersection size: 2
Step: 0.018519
Tj part: 0.222222
Queue size: 3
Visiting neighbor trace: 26
Intersection size: 2
Step: 0.018519
Tj part: 0.222222
Queue size: 3
Visiting neighbor trace: 29
Intersection size: 3
Step: 0.027778
Tj part: 0.333333
Queue size: 3
Visiting neighbor trace: 30
Intersection size: 1
Step: 0.009259
Tj part: 0.142857
Queue size: 3
Visiting neighbor trace: 31
Intersection size: 1
Step: 0.009259
Tj part: 0.090909
Queue size: 3
Visiting neighbor trace: 32
Intersection size: 1
Step: 0.009259
Tj part: 0.111111
Queue size: 3
Visiting neighbor trace: 12
Intersection size: 1
Step: 0.009259
Tj part: 0.125000
Queue size: 3
Visiting neighbor trace: 14
Intersection size: 1
Step: 0.009259
Tj part: 0.111111
Queue size: 3
Visiting neighbor trace: 9
Intersection size: 1
Step: 0.009259
Tj part: 0.125000
Queue size: 3
Visiting neighbor trace: 21
Intersection size: 2
Step: 0.018519
Tj part: 0.222222
Queue size: 3
Visiting neighbor trace: 27
Intersection size: 1
Step: 0.009259
Tj part: 0.111111
Queue size: 3
Visiting neighbor trace: 6
Intersection size: 1
Step: 0.009259
Tj part: 0.087865
Queue size: 3
Visiting neighbor trace: 8
Intersection size: 1
Step: 0.009259
Tj part: 0.084491
Queue size: 3
Current trace: 31 with activation 0.333333
Visited neighbors: 18
Visiting neighbor trace: 1
Intersection size: 1
Step: 0.030303
Tj part: 0.125000
Queue size: 2
Visiting neighbor trace: 5
Intersection size: 1
Step: 0.030303
Tj part: 0.108342
Queue size: 2
Visiting neighbor trace: 11
Intersection size: 1
Step: 0.030303
Tj part: 0.125000
Queue size: 2
Visiting neighbor trace: 13
Intersection size: 2
Step: 0.060606
Tj part: 0.153846
Queue size: 2
Visiting neighbor trace: 15
Intersection size: 2
Step: 0.060606
Tj part: 0.166667
Queue size: 2
Visiting neighbor trace: 16
Intersection size: 1
Step: 0.030303
Tj part: 0.071429
Queue size: 2
Visiting neighbor trace: 17
Intersection size: 2
Step: 0.060606
Tj part: 0.250000
Queue size: 2
Visiting neighbor trace: 19
Intersection size: 2
Step: 0.060606
Tj part: 0.222222
Queue size: 2
Visiting neighbor trace: 20
Intersection size: 2
Step: 0.060606
Tj part: 0.222222
Queue size: 2
Visiting neighbor trace: 22
Intersection size: 1
Step: 0.030303
Tj part: 0.100000
Queue size: 2
Visiting neighbor trace: 23
Intersection size: 1
Step: 0.030303
Tj part: 0.111111
Queue size: 2
Visiting neighbor trace: 24
Intersection size: 1
Step: 0.030303
Tj part: 0.111111
Queue size: 2
Visiting neighbor trace: 25
Intersection size: 1
Step: 0.030303
Tj part: 0.083333
Queue size: 2
Visiting neighbor trace: 26
Intersection size: 1
Step: 0.030303
Tj part: 0.111111
Queue size: 2
Visiting neighbor trace: 29
Intersection size: 1
Step: 0.030303
Tj part: 0.111111
Queue size: 2
Visiting neighbor trace: 30
Intersection size: 2
Step: 0.060606
Tj part: 0.285714
Queue size: 2
Visiting neighbor trace: 32
Intersection size: 3
Step: 0.090909
Tj part: 0.333333
Queue size: 2
Visiting neighbor trace: 21
Intersection size: 2
Step: 0.060606
Tj part: 0.222222
Queue size: 2
Current trace: 2 with activation 0.111111
Visited neighbors: 11
Visiting neighbor trace: 0
Intersection size: 1
Step: 0.015873
Tj part: 0.142857
Queue size: 1
Visiting neighbor trace: 10
Intersection size: 1
Step: 0.015873
Tj part: 0.142857
Queue size: 1
Visiting neighbor trace: 23
Intersection size: 2
Step: 0.031746
Tj part: 0.222222
Queue size: 1
Visiting neighbor trace: 27
Intersection size: 1
Step: 0.015873
Tj part: 0.111111
Queue size: 1
Visiting neighbor trace: 28
Intersection size: 2
Step: 0.031746
Tj part: 0.181818
Queue size: 1
Visiting neighbor trace: 16
Intersection size: 1
Step: 0.015873
Tj part: 0.071429
Queue size: 1
Visiting neighbor trace: 20
Intersection size: 1
Step: 0.015873
Tj part: 0.111111
Queue size: 1
Visiting neighbor trace: 19
Intersection size: 1
Step: 0.015873
Tj part: 0.111111
Queue size: 1
Visiting neighbor trace: 24
Intersection size: 1
Step: 0.015873
Tj part: 0.111111
Queue size: 1
Visiting neighbor trace: 32
Intersection size: 1
Step: 0.015873
Tj part: 0.111111
Queue size: 1
Visiting neighbor trace: 9
Intersection size: 1
Step: 0.015873
Tj part: 0.125000
Queue size: 1
Current trace: 28 with activation 0.111111
Visited neighbors: 10
Visiting neighbor trace: 0
Intersection size: 1
Step: 0.010101
Tj part: 0.142857
Queue size: 0
Visiting neighbor trace: 2
Intersection size: 2
Step: 0.020202
Tj part: 0.186356
Queue size: 0
Visiting neighbor trace: 10
Intersection size: 1
Step: 0.010101
Tj part: 0.142857
Queue size: 0
Visiting neighbor trace: 23
Intersection size: 2
Step: 0.020202
Tj part: 0.222222
Queue size: 0
Visiting neighbor trace: 27
Intersection size: 3
Step: 0.030303
Tj part: 0.333333
Queue size: 0
Visiting neighbor trace: 19
Intersection size: 1
Step: 0.010101
Tj part: 0.111111
Queue size: 0
Visiting neighbor trace: 24
Intersection size: 1
Step: 0.010101
Tj part: 0.111111
Queue size: 0
Visiting neighbor trace: 32
Intersection size: 1
Step: 0.010101
Tj part: 0.111111
Queue size: 0
Visiting neighbor trace: 26
Intersection size: 1
Step: 0.010101
Tj part: 0.111111
Queue size: 0
Visiting neighbor trace: 7
Intersection size: 1
Step: 0.010101
Tj part: 0.091789
Queue size: 0
Propagated trace for words: 9
Pruned traces for words: 9
Predicted understanding for words: 9
Processed words: 9
Error: 0.834607
Updating proficiency for words: 13
Adding trace for words: 13
Added trace for words: 13
Propagating trace: 33 with activation 1.000000
Current trace: 33 with activation 1.000000
Visited neighbors: 22
Visiting neighbor trace: 17
Intersection size: 1
Step: 0.076923
Tj part: 0.125000
Queue size: 0
Visiting neighbor trace: 1
Intersection size: 1
Step: 0.076923
Tj part: 0.125000
Queue size: 0
Visiting neighbor trace: 13
Intersection size: 1
Step: 0.076923
Tj part: 0.076923
Queue size: 0
Visiting neighbor trace: 5
Intersection size: 1
Step: 0.076923
Tj part: 0.108342
Queue size: 0
Visiting neighbor trace: 19
Intersection size: 5
Step: 0.384615
Tj part: 0.555556
Queue size: 0
Visiting neighbor trace: 11
Intersection size: 1
Step: 0.076923
Tj part: 0.125000
Queue size: 0
Visiting neighbor trace: 15
Intersection size: 3
Step: 0.230769
Tj part: 0.250000
Queue size: 0
Visiting neighbor trace: 16
Intersection size: 2
Step: 0.153846
Tj part: 0.142857
Queue size: 1
Visiting neighbor trace: 20
Intersection size: 1
Step: 0.076923
Tj part: 0.111111
Queue size: 1
Visiting neighbor trace: 22
Intersection size: 1
Step: 0.076923
Tj part: 0.100000
Queue size: 1
Visiting neighbor trace: 23
Intersection size: 4
Step: 0.307692
Tj part: 0.444444
Queue size: 1
Visiting neighbor trace: 24
Intersection size: 2
Step: 0.153846
Tj part: 0.222222
Queue size: 1
Visiting neighbor trace: 25
Intersection size: 2
Step: 0.153846
Tj part: 0.166667
Queue size: 1
Visiting neighbor trace: 26
Intersection size: 2
Step: 0.153846
Tj part: 0.222222
Queue size: 1
Visiting neighbor trace: 29
Intersection size: 1
Step: 0.076923
Tj part: 0.111111
Queue size: 1
Visiting neighbor trace: 30
Intersection size: 1
Step: 0.076923
Tj part: 0.142857
Queue size: 1
Visiting neighbor trace: 31
Intersection size: 1
Step: 0.076923
Tj part: 0.090909
Queue size: 1
Visiting neighbor trace: 32
Intersection size: 2
Step: 0.153846
Tj part: 0.222222
Queue size: 1
Visiting neighbor trace: 14
Intersection size: 1
Step: 0.076923
Tj part: 0.111111
Queue size: 1
Visiting neighbor trace: 3
Intersection size: 1
Step: 0.076923
Tj part: 0.102250
Queue size: 1
Visiting neighbor trace: 2
Intersection size: 1
Step: 0.076923
Tj part: 0.093178
Queue size: 1
Visiting neighbor trace: 28
Intersection size: 1
Step: 0.076923
Tj part: 0.090909
Queue size: 1
Current trace: 16 with activation 0.153846
Visited neighbors: 22
Visiting neighbor trace: 1
Intersection size: 1
Step: 0.010989
Tj part: 0.125000
Queue size: 0
Visiting neighbor trace: 5
Intersection size: 1
Step: 0.010989
Tj part: 0.108342
Queue size: 0
Visiting neighbor trace: 11
Intersection size: 1
Step: 0.010989
Tj part: 0.125000
Queue size: 0
Visiting neighbor trace: 13
Intersection size: 2
Step: 0.021978
Tj part: 0.153846
Queue size: 0
Visiting neighbor trace: 15
Intersection size: 2
Step: 0.021978
Tj part: 0.166667
Queue size: 0
Visiting neighbor trace: 17
Intersection size: 1
Step: 0.010989
Tj part: 0.125000
Queue size: 0
Visiting neighbor trace: 19
Intersection size: 2
Step: 0.021978
Tj part: 0.222222
Queue size: 0
Visiting neighbor trace: 20
Intersection size: 3
Step: 0.032967
Tj part: 0.333333
Queue size: 0
Visiting neighbor trace: 22
Intersection size: 2
Step: 0.021978
Tj part: 0.200000
Queue size: 0
Visiting neighbor trace: 23
Intersection size: 1
Step: 0.010989
Tj part: 0.111111
Queue size: 0
Visiting neighbor trace: 24
Intersection size: 2
Step: 0.021978
Tj part: 0.222222
Queue size: 0
Visiting neighbor trace: 25
Intersection size: 3
Step: 0.032967
Tj part: 0.250000
Queue size: 0
Visiting neighbor trace: 26
Intersection size: 3
Step: 0.032967
Tj part: 0.333333
Queue size: 0
Visiting neighbor trace: 29
Intersection size: 1
Step: 0.010989
Tj part: 0.111111
Queue size: 0
Visiting neighbor trace: 30
Intersection size: 2
Step: 0.021978
Tj part: 0.285714
Queue size: 0
Visiting neighbor trace: 31
Intersection size: 1
Step: 0.010989
Tj part: 0.090909
Queue size: 0
Visiting neighbor trace: 32
Intersection size: 2
Step: 0.021978
Tj part: 0.222222
Queue size: 0
Visiting neighbor trace: 33
Intersection size: 2
Step: 0.021978
Tj part: 0.153846
Queue size: 0
Visiting neighbor trace: 2
Intersection size: 1
Step: 0.010989
Tj part: 0.093178
Queue size: 0
Visiting neighbor trace: 6
Intersection size: 1
Step: 0.010989
Tj part: 0.087865
Queue size: 0
Visiting neighbor trace: 8
Intersection size: 1
Step: 0.010989
Tj part: 0.084491
Queue size: 0
Visiting neighbor trace: 27
Intersection size: 1
Step: 0.010989
Tj part: 0.111111
Queue size: 0
Propagated trace for words: 13
Pruned traces for words: 13
Predicted understanding for words: 13
Processed words: 13
Error: 0.832067
Updating proficiency for words: 11
Adding trace for words: 11
Added trace for words: 11
Propagating trace: 34 with activation 1.000000
Current trace: 34 with activation 1.000000
Visited neighbors: 20
Visiting neighbor trace: 17
Intersection size: 1
Step: 0.090909
Tj part: 0.125000
Queue size: 0
Visiting neighbor trace: 1
Intersection size: 1
Step: 0.090909
Tj part: 0.125000
Queue size: 0
Visiting neighbor trace: 13
Intersection size: 1
Step: 0.090909
Tj part: 0.076923
Queue size: 1
Visiting neighbor trace: 5
Intersection size: 1
Step: 0.090909
Tj part: 0.108342
Queue size: 1
Visiting neighbor trace: 19
Intersection size: 1
Step: 0.090909
Tj part: 0.111111
Queue size: 1
Visiting neighbor trace: 11
Intersection size: 1
Step: 0.090909
Tj part: 0.125000
Queue size: 1
Visiting neighbor trace: 15
Intersection size: 1
Step: 0.090909
Tj part: 0.083333
Queue size: 2
Visiting neighbor trace: 16
Intersection size: 1
Step: 0.090909
Tj part: 0.071429
Queue size: 3
Visiting neighbor trace: 20
Intersection size: 2
Step: 0.181818
Tj part: 0.222222
Queue size: 3
Visiting neighbor trace: 22
Intersection size: 1
Step: 0.090909
Tj part: 0.100000
Queue size: 3
Visiting neighbor trace: 23
Intersection size: 1
Step: 0.090909
Tj part: 0.111111
Queue size: 3
Visiting neighbor trace: 24
Intersection size: 3
Step: 0.272727
Tj part: 0.333333
Queue size: 3
Visiting neighbor trace: 25
Intersection size: 1
Step: 0.090909
Tj part: 0.083333
Queue size: 4
Visiting neighbor trace: 26
Intersection size: 1
Step: 0.090909
Tj part: 0.111111
Queue size: 4
Visiting neighbor trace: 29
Intersection size: 1
Step: 0.090909
Tj part: 0.111111
Queue size: 4
Visiting neighbor trace: 30
Intersection size: 1
Step: 0.090909
Tj part: 0.142857
Queue size: 4
Visiting neighbor trace: 31
Intersection size: 1
Step: 0.090909
Tj part: 0.090909
Queue size: 4
Visiting neighbor trace: 32
Intersection size: 1
Step: 0.090909
Tj part: 0.111111
Queue size: 4
Visiting neighbor trace: 33
Intersection size: 2
Step: 0.181818
Tj part: 0.153846
Queue size: 5
Visiting neighbor trace: 7
Intersection size: 2
Step: 0.181818
Tj part: 0.183578
Queue size: 5
Current trace: 13 with activation 0.090909
Visited neighbors: 25
Visiting neighbor trace: 1
Intersection size: 3
Step: 0.020979
Tj part: 0.375000
Queue size: 4
Visiting neighbor trace: 3
Intersection size: 2
Step: 0.013986
Tj part: 0.204500
Queue size: 4
Visiting neighbor trace: 6
Intersection size: 1
Step: 0.006993
Tj part: 0.087865
Queue size: 4
Visiting neighbor trace: 9
Intersection size: 1
Step: 0.006993
Tj part: 0.125000
Queue size: 4
Visiting neighbor trace: 11
Intersection size: 3
Step: 0.020979
Tj part: 0.375000
Queue size: 4
Visiting neighbor trace: 19
Intersection size: 2
Step: 0.013986
Tj part: 0.222222
Queue size: 4
Visiting neighbor trace: 21
Intersection size: 1
Step: 0.006993
Tj part: 0.111111
Queue size: 4
Visiting neighbor trace: 27
Intersection size: 2
Step: 0.013986
Tj part: 0.222222
Queue size: 4
Visiting neighbor trace: 5
Intersection size: 1
Step: 0.006993
Tj part: 0.108342
Queue size: 4
Visiting neighbor trace: 15
Intersection size: 1
Step: 0.006993
Tj part: 0.083333
Queue size: 4
Visiting neighbor trace: 16
Intersection size: 2
Step: 0.013986
Tj part: 0.142857
Queue size: 4
Visiting neighbor trace: 17
Intersection size: 1
Step: 0.006993
Tj part: 0.125000
Queue size: 4
Visiting neighbor trace: 20
Intersection size: 1
Step: 0.006993
Tj part: 0.111111
Queue size: 4
Visiting neighbor trace: 22
Intersection size: 3
Step: 0.020979
Tj part: 0.300000
Queue size: 4
Visiting neighbor trace: 23
Intersection size: 1
Step: 0.006993
Tj part: 0.111111
Queue size: 4
Visiting neighbor trace: 24
Intersection size: 1
Step: 0.006993
Tj part: 0.111111
Queue size: 4
Visiting neighbor trace: 25
Intersection size: 1
Step: 0.006993
Tj part: 0.083333
Queue size: 4
Visiting neighbor trace: 26
Intersection size: 2
Step: 0.013986
Tj part: 0.222222
Queue size: 4
Visiting neighbor trace: 29
Intersection size: 3
Step: 0.020979
Tj part: 0.333333
Queue size: 4
Visiting neighbor trace: 30
Intersection size: 2
Step: 0.013986
Tj part: 0.285714
Queue size: 4
Visiting neighbor trace: 31
Intersection size: 2
Step: 0.013986
Tj part: 0.181818
Queue size: 4
Visiting neighbor trace: 32
Intersection size: 2
Step: 0.013986
Tj part: 0.222222
Queue size: 4
Visiting neighbor trace: 33
Intersection size: 1
Step: 0.006993
Tj part: 0.076923
Queue size: 4
Visiting neighbor trace: 34
Intersection size: 1
Step: 0.006993
Tj part: 0.090909
Queue size: 4
Visiting neighbor trace: 14
Intersection size: 2
Step: 0.013986
Tj part: 0.222222
Queue size: 4
Current trace: 15 with activation 0.090909
Visited neighbors: 20
Visiting neighbor trace: 1
Intersection size: 1
Step: 0.007576
Tj part: 0.125000
Queue size: 3
Visiting neighbor trace: 5
Intersection size: 1
Step: 0.007576
Tj part: 0.108342
Queue size: 3
Visiting neighbor trace: 11
Intersection size: 1
Step: 0.007576
Tj part: 0.125000
Queue size: 3
Visiting neighbor trace: 13
Intersection size: 1
Step: 0.007576
Tj part: 0.076923
Queue size: 3
Visiting neighbor trace: 16
Intersection size: 2
Step: 0.015152
Tj part: 0.142857
Queue size: 3
Visiting neighbor trace: 17
Intersection size: 2
Step: 0.015152
Tj part: 0.250000
Queue size: 3
Visiting neighbor trace: 19
Intersection size: 4
Step: 0.030303
Tj part: 0.444444
Queue size: 3
Visiting neighbor trace: 20
Intersection size: 1
Step: 0.007576
Tj part: 0.111111
Queue size: 3
Visiting neighbor trace: 22
Intersection size: 1
Step: 0.007576
Tj part: 0.100000
Queue size: 3
Visiting neighbor trace: 23
Intersection size: 2
Step: 0.015152
Tj part: 0.222222
Queue size: 3
Visiting neighbor trace: 24
Intersection size: 1
Step: 0.007576
Tj part: 0.111111
Queue size: 3
Visiting neighbor trace: 25
Intersection size: 2
Step: 0.015152
Tj part: 0.166667
Queue size: 3
Visiting neighbor trace: 26
Intersection size: 2
Step: 0.015152
Tj part: 0.222222
Queue size: 3
Visiting neighbor trace: 29
Intersection size: 1
Step: 0.007576
Tj part: 0.111111
Queue size: 3
Visiting neighbor trace: 30
Intersection size: 2
Step: 0.015152
Tj part: 0.285714
Queue size: 3
Visiting neighbor trace: 31
Intersection size: 2
Step: 0.015152
Tj part: 0.181818
Queue size: 3
Visiting neighbor trace: 32
Intersection size: 1
Step: 0.007576
Tj part: 0.111111
Queue size: 3
Visiting neighbor trace: 33
Intersection size: 3
Step: 0.022727
Tj part: 0.230769
Queue size: 3
Visiting neighbor trace: 34
Intersection size: 1
Step: 0.007576
Tj part: 0.090909
Queue size: 3
Visiting neighbor trace: 27
Intersection size: 1
Step: 0.007576
Tj part: 0.111111
Queue size: 3
Current trace: 16 with activation 0.090909
Visited neighbors: 23
Visiting neighbor trace: 1
Intersection size: 1
Step: 0.006494
Tj part: 0.125000
Queue size: 2
Visiting neighbor trace: 5
Intersection size: 1
Step: 0.006494
Tj part: 0.108342
Queue size: 2
Visiting neighbor trace: 11
Intersection size: 1
Step: 0.006494
Tj part: 0.125000
Queue size: 2
Visiting neighbor trace: 13
Intersection size: 2
Step: 0.012987
Tj part: 0.153846
Queue size: 2
Visiting neighbor trace: 15
Intersection size: 2
Step: 0.012987
Tj part: 0.166667
Queue size: 2
Visiting neighbor trace: 17
Intersection size: 1
Step: 0.006494
Tj part: 0.125000
Queue size: 2
Visiting neighbor trace: 19
Intersection size: 2
Step: 0.012987
Tj part: 0.222222
Queue size: 2
Visiting neighbor trace: 20
Intersection size: 3
Step: 0.019481
Tj part: 0.333333
Queue size: 2
Visiting neighbor trace: 22
Intersection size: 2
Step: 0.012987
Tj part: 0.200000
Queue size: 2
Visiting neighbor trace: 23
Intersection size: 1
Step: 0.006494
Tj part: 0.111111
Queue size: 2
Visiting neighbor trace: 24
Intersection size: 2
Step: 0.012987
Tj part: 0.222222
Queue size: 2
Visiting neighbor trace: 25
Intersection size: 3
Step: 0.019481
Tj part: 0.250000
Queue size: 2
Visiting neighbor trace: 26
Intersection size: 3
Step: 0.019481
Tj part: 0.333333
Queue size: 2
Visiting neighbor trace: 29
Intersection size: 1
Step: 0.006494
Tj part: 0.111111
Queue size: 2
Visiting neighbor trace: 30
Intersection size: 2
Step: 0.012987
Tj part: 0.285714
Queue size: 2
Visiting neighbor trace: 31
Intersection size: 1
Step: 0.006494
Tj part: 0.090909
Queue size: 2
Visiting neighbor trace: 32
Intersection size: 2
Step: 0.012987
Tj part: 0.222222
Queue size: 2
Visiting neighbor trace: 33
Intersection size: 2
Step: 0.012987
Tj part: 0.153846
Queue size: 2
Visiting neighbor trace: 34
Intersection size: 1
Step: 0.006494
Tj part: 0.090909
Queue size: 2
Visiting neighbor trace: 2
Intersection size: 1
Step: 0.006494
Tj part: 0.093178
Queue size: 2
Visiting neighbor trace: 6
Intersection size: 1
Step: 0.006494
Tj part: 0.087865
Queue size: 2
Visiting neighbor trace: 8
Intersection size: 1
Step: 0.006494
Tj part: 0.084491
Queue size: 2
Visiting neighbor trace: 27
Intersection size: 1
Step: 0.006494
Tj part: 0.111111
Queue size: 2
Current trace: 25 with activation 0.090909
Visited neighbors: 26
Visiting neighbor trace: 1
Intersection size: 1
Step: 0.007576
Tj part: 0.125000
Queue size: 1
Visiting neighbor trace: 5
Intersection size: 1
Step: 0.007576
Tj part: 0.108342
Queue size: 1
Visiting neighbor trace: 11
Intersection size: 1
Step: 0.007576
Tj part: 0.125000
Queue size: 1
Visiting neighbor trace: 13
Intersection size: 1
Step: 0.007576
Tj part: 0.076923
Queue size: 1
Visiting neighbor trace: 15
Intersection size: 2
Step: 0.015152
Tj part: 0.166667
Queue size: 1
Visiting neighbor trace: 16
Intersection size: 3
Step: 0.022727
Tj part: 0.214286
Queue size: 1
Visiting neighbor trace: 17
Intersection size: 2
Step: 0.015152
Tj part: 0.250000
Queue size: 1
Visiting neighbor trace: 19
Intersection size: 2
Step: 0.015152
Tj part: 0.222222
Queue size: 1
Visiting neighbor trace: 20
Intersection size: 4
Step: 0.030303
Tj part: 0.444444
Queue size: 1
Visiting neighbor trace: 22
Intersection size: 2
Step: 0.015152
Tj part: 0.200000
Queue size: 1
Visiting neighbor trace: 23
Intersection size: 1
Step: 0.007576
Tj part: 0.111111
Queue size: 1
Visiting neighbor trace: 24
Intersection size: 2
Step: 0.015152
Tj part: 0.222222
Queue size: 1
Visiting neighbor trace: 26
Intersection size: 2
Step: 0.015152
Tj part: 0.222222
Queue size: 1
Visiting neighbor trace: 29
Intersection size: 3
Step: 0.022727
Tj part: 0.333333
Queue size: 1
Visiting neighbor trace: 30
Intersection size: 1
Step: 0.007576
Tj part: 0.142857
Queue size: 1
Visiting neighbor trace: 31
Intersection size: 1
Step: 0.007576
Tj part: 0.090909
Queue size: 1
Visiting neighbor trace: 32
Intersection size: 1
Step: 0.007576
Tj part: 0.111111
Queue size: 1
Visiting neighbor trace: 33
Intersection size: 2
Step: 0.015152
Tj part: 0.153846
Queue size: 1
Visiting neighbor trace: 34
Intersection size: 1
Step: 0.007576
Tj part: 0.090909
Queue size: 1
Visiting neighbor trace: 12
Intersection size: 1
Step: 0.007576
Tj part: 0.125000
Queue size: 1
Visiting neighbor trace: 14
Intersection size: 1
Step: 0.007576
Tj part: 0.111111
Queue size: 1
Visiting neighbor trace: 9
Intersection size: 1
Step: 0.007576
Tj part: 0.125000
Queue size: 1
Visiting neighbor trace: 21
Intersection size: 2
Step: 0.015152
Tj part: 0.222222
Queue size: 1
Visiting neighbor trace: 27
Intersection size: 1
Step: 0.007576
Tj part: 0.111111
Queue size: 1
Visiting neighbor trace: 6
Intersection size: 1
Step: 0.007576
Tj part: 0.087865
Queue size: 1
Visiting neighbor trace: 8
Intersection size: 1
Step: 0.007576
Tj part: 0.084491
Queue size: 1
Current trace: 33 with activation 0.181818
Visited neighbors: 23
Visiting neighbor trace: 1
Intersection size: 1
Step: 0.013986
Tj part: 0.125000
Queue size: 0
Visiting neighbor trace: 5
Intersection size: 1
Step: 0.013986
Tj part: 0.108342
Queue size: 0
Visiting neighbor trace: 11
Intersection size: 1
Step: 0.013986
Tj part: 0.125000
Queue size: 0
Visiting neighbor trace: 13
Intersection size: 1
Step: 0.013986
Tj part: 0.076923
Queue size: 0
Visiting neighbor trace: 15
Intersection size: 3
Step: 0.041958
Tj part: 0.250000
Queue size: 0
Visiting neighbor trace: 16
Intersection size: 2
Step: 0.027972
Tj part: 0.142857
Queue size: 0
Visiting neighbor trace: 17
Intersection size: 1
Step: 0.013986
Tj part: 0.125000
Queue size: 0
Visiting neighbor trace: 19
Intersection size: 5
Step: 0.069930
Tj part: 0.555556
Queue size: 0
Visiting neighbor trace: 20
Intersection size: 1
Step: 0.013986
Tj part: 0.111111
Queue size: 0
Visiting neighbor trace: 22
Intersection size: 1
Step: 0.013986
Tj part: 0.100000
Queue size: 0
Visiting neighbor trace: 23
Intersection size: 4
Step: 0.055944
Tj part: 0.444444
Queue size: 0
Visiting neighbor trace: 24
Intersection size: 2
Step: 0.027972
Tj part: 0.222222
Queue size: 0
Visiting neighbor trace: 25
Intersection size: 2
Step: 0.027972
Tj part: 0.166667
Queue size: 0
Visiting neighbor trace: 26
Intersection size: 2
Step: 0.027972
Tj part: 0.222222
Queue size: 0
Visiting neighbor trace: 29
Intersection size: 1
Step: 0.013986
Tj part: 0.111111
Queue size: 0
Visiting neighbor trace: 30
Intersection size: 1
Step: 0.013986
Tj part: 0.142857
Queue size: 0
Visiting neighbor trace: 31
Intersection size: 1
Step: 0.013986
Tj part: 0.090909
Queue size: 0
Visiting neighbor trace: 32
Intersection size: 2
Step: 0.027972
Tj part: 0.222222
Queue size: 0
Visiting neighbor trace: 34
Intersection size: 2
Step: 0.027972
Tj part: 0.181818
Queue size: 0
Visiting neighbor trace: 14
Intersection size: 1
Step: 0.013986
Tj part: 0.111111
Queue size: 0
Visiting neighbor trace: 3
Intersection size: 1
Step: 0.013986
Tj part: 0.102250
Queue size: 0
Visiting neighbor trace: 2
Intersection size: 1
Step: 0.013986
Tj part: 0.093178
Queue size: 0
Visiting neighbor trace: 28
Intersection size: 1
Step: 0.013986
Tj part: 0.090909
Queue size: 0
Propagated trace for words: 11
Pruned traces for words: 11
Predicted understanding for words: 11
Processed words: 11
Error: 0.837953
Updating proficiency for words: 11
Adding trace for words: 11
Added trace for words: 11
Propagating trace: 35 with activation 1.000000
Current trace: 35 with activation 1.000000
Visited neighbors: 24
Visiting neighbor trace: 17
Intersection size: 1
Step: 0.090909
Tj part: 0.125000
Queue size: 0
Visiting neighbor trace: 1
Intersection size: 1
Step: 0.090909
Tj part: 0.125000
Queue size: 0
Visiting neighbor trace: 13
Intersection size: 1
Step: 0.090909
Tj part: 0.076923
Queue size: 1
Visiting neighbor trace: 5
Intersection size: 1
Step: 0.090909
Tj part: 0.108342
Queue size: 1
Visiting neighbor trace: 19
Intersection size: 1
Step: 0.090909
Tj part: 0.111111
Queue size: 1
Visiting neighbor trace: 11
Intersection size: 1
Step: 0.090909
Tj part: 0.125000
Queue size: 1
Visiting neighbor trace: 15
Intersection size: 1
Step: 0.090909
Tj part: 0.083333
Queue size: 2
Visiting neighbor trace: 16
Intersection size: 2
Step: 0.181818
Tj part: 0.142857
Queue size: 3
Visiting neighbor trace: 20
Intersection size: 2
Step: 0.181818
Tj part: 0.222222
Queue size: 3
Visiting neighbor trace: 22
Intersection size: 2
Step: 0.181818
Tj part: 0.200000
Queue size: 3
Visiting neighbor trace: 23
Intersection size: 1
Step: 0.090909
Tj part: 0.111111
Queue size: 3
Visiting neighbor trace: 24
Intersection size: 2
Step: 0.181818
Tj part: 0.222222
Queue size: 3
Visiting neighbor trace: 25
Intersection size: 3
Step: 0.272727
Tj part: 0.250000
Queue size: 4
Visiting neighbor trace: 26
Intersection size: 2
Step: 0.181818
Tj part: 0.222222
Queue size: 4
Visiting neighbor trace: 29
Intersection size: 1
Step: 0.090909
Tj part: 0.111111
Queue size: 4
Visiting neighbor trace: 30
Intersection size: 1
Step: 0.090909
Tj part: 0.142857
Queue size: 4
Visiting neighbor trace: 31
Intersection size: 1
Step: 0.090909
Tj part: 0.090909
Queue size: 4
Visiting neighbor trace: 32
Intersection size: 1
Step: 0.090909
Tj part: 0.111111
Queue size: 4
Visiting neighbor trace: 33
Intersection size: 1
Step: 0.090909
Tj part: 0.076923
Queue size: 5
Visiting neighbor trace: 34
Intersection size: 3
Step: 0.272727
Tj part: 0.272727
Queue size: 5
Visiting neighbor trace: 6
Intersection size: 1
Step: 0.090909
Tj part: 0.087865
Queue size: 6
Visiting neighbor trace: 8
Intersection size: 1
Step: 0.090909
Tj part: 0.084491
Queue size: 7
Visiting neighbor trace: 7
Intersection size: 1
Step: 0.090909
Tj part: 0.091789
Queue size: 7
Visiting neighbor trace: 28
Intersection size: 1
Step: 0.090909
Tj part: 0.090909
Queue size: 7
Current trace: 13 with activation 0.090909
Visited neighbors: 26
Visiting neighbor trace: 1
Intersection size: 3
Step: 0.020979
Tj part: 0.375000
Queue size: 6
Visiting neighbor trace: 3
Intersection size: 2
Step: 0.013986
Tj part: 0.204500
Queue size: 6
Visiting neighbor trace: 6
Intersection size: 1
Step: 0.006993
Tj part: 0.088203
Queue size: 6
Visiting neighbor trace: 9
Intersection size: 1
Step: 0.006993
Tj part: 0.125000
Queue size: 6
Visiting neighbor trace: 11
Intersection size: 3
Step: 0.020979
Tj part: 0.375000
Queue size: 6
Visiting neighbor trace: 19
Intersection size: 2
Step: 0.013986
Tj part: 0.222222
Queue size: 6
Visiting neighbor trace: 21
Intersection size: 1
Step: 0.006993
Tj part: 0.111111
Queue size: 6
Visiting neighbor trace: 27
Intersection size: 2
Step: 0.013986
Tj part: 0.222222
Queue size: 6
Visiting neighbor trace: 5
Intersection size: 1
Step: 0.006993
Tj part: 0.108342
Queue size: 6
Visiting neighbor trace: 15
Intersection size: 1
Step: 0.006993
Tj part: 0.083333
Queue size: 6
Visiting neighbor trace: 16
Intersection size: 2
Step: 0.013986
Tj part: 0.142857
Queue size: 6
Visiting neighbor trace: 17
Intersection size: 1
Step: 0.006993
Tj part: 0.125000
Queue size: 6
Visiting neighbor trace: 20
Intersection size: 1
Step: 0.006993
Tj part: 0.111111
Queue size: 6
Visiting neighbor trace: 22
Intersection size: 3
Step: 0.020979
Tj part: 0.300000
Queue size: 6
Visiting neighbor trace: 23
Intersection size: 1
Step: 0.006993
Tj part: 0.111111
Queue size: 6
Visiting neighbor trace: 24
Intersection size: 1
Step: 0.006993
Tj part: 0.111111
Queue size: 6
Visiting neighbor trace: 25
Intersection size: 1
Step: 0.006993
Tj part: 0.083333
Queue size: 6
Visiting neighbor trace: 26
Intersection size: 2
Step: 0.013986
Tj part: 0.222222
Queue size: 6
Visiting neighbor trace: 29
Intersection size: 3
Step: 0.020979
Tj part: 0.333333
Queue size: 6
Visiting neighbor trace: 30
Intersection size: 2
Step: 0.013986
Tj part: 0.285714
Queue size: 6
Visiting neighbor trace: 31
Intersection size: 2
Step: 0.013986
Tj part: 0.181818
Queue size: 6
Visiting neighbor trace: 32
Intersection size: 2
Step: 0.013986
Tj part: 0.222222
Queue size: 6
Visiting neighbor trace: 33
Intersection size: 1
Step: 0.006993
Tj part: 0.076923
Queue size: 6
Visiting neighbor trace: 34
Intersection size: 1
Step: 0.006993
Tj part: 0.090909
Queue size: 6
Visiting neighbor trace: 35
Intersection size: 1
Step: 0.006993
Tj part: 0.090909
Queue size: 6
Visiting neighbor trace: 14
Intersection size: 2
Step: 0.013986
Tj part: 0.222222
Queue size: 6
Current trace: 15 with activation 0.090909
Visited neighbors: 21
Visiting neighbor trace: 1
Intersection size: 1
Step: 0.007576
Tj part: 0.125000
Queue size: 5
Visiting neighbor trace: 5
Intersection size: 1
Step: 0.007576
Tj part: 0.108342
Queue size: 5
Visiting neighbor trace: 11
Intersection size: 1
Step: 0.007576
Tj part: 0.125000
Queue size: 5
Visiting neighbor trace: 13
Intersection size: 1
Step: 0.007576
Tj part: 0.076923
Queue size: 5
Visiting neighbor trace: 16
Intersection size: 2
Step: 0.015152
Tj part: 0.142857
Queue size: 5
Visiting neighbor trace: 17
Intersection size: 2
Step: 0.015152
Tj part: 0.250000
Queue size: 5
Visiting neighbor trace: 19
Intersection size: 4
Step: 0.030303
Tj part: 0.444444
Queue size: 5
Visiting neighbor trace: 20
Intersection size: 1
Step: 0.007576
Tj part: 0.111111
Queue size: 5
Visiting neighbor trace: 22
Intersection size: 1
Step: 0.007576
Tj part: 0.100000
Queue size: 5
Visiting neighbor trace: 23
Intersection size: 2
Step: 0.015152
Tj part: 0.222222
Queue size: 5
Visiting neighbor trace: 24
Intersection size: 1
Step: 0.007576
Tj part: 0.111111
Queue size: 5
Visiting neighbor trace: 25
Intersection size: 2
Step: 0.015152
Tj part: 0.166667
Queue size: 5
Visiting neighbor trace: 26
Intersection size: 2
Step: 0.015152
Tj part: 0.222222
Queue size: 5
Visiting neighbor trace: 29
Intersection size: 1
Step: 0.007576
Tj part: 0.111111
Queue size: 5
Visiting neighbor trace: 30
Intersection size: 2
Step: 0.015152
Tj part: 0.285714
Queue size: 5
Visiting neighbor trace: 31
Intersection size: 2
Step: 0.015152
Tj part: 0.181818
Queue size: 5
Visiting neighbor trace: 32
Intersection size: 1
Step: 0.007576
Tj part: 0.111111
Queue size: 5
Visiting neighbor trace: 33
Intersection size: 3
Step: 0.022727
Tj part: 0.230769
Queue size: 5
Visiting neighbor trace: 34
Intersection size: 1
Step: 0.007576
Tj part: 0.090909
Queue size: 5
Visiting neighbor trace: 35
Intersection size: 1
Step: 0.007576
Tj part: 0.090909
Queue size: 5
Visiting neighbor trace: 27
Intersection size: 1
Step: 0.007576
Tj part: 0.111111
Queue size: 5
Current trace: 16 with activation 0.181818
Visited neighbors: 24
Visiting neighbor trace: 1
Intersection size: 1
Step: 0.012987
Tj part: 0.125000
Queue size: 4
Visiting neighbor trace: 5
Intersection size: 1
Step: 0.012987
Tj part: 0.108342
Queue size: 4
Visiting neighbor trace: 11
Intersection size: 1
Step: 0.012987
Tj part: 0.125000
Queue size: 4
Visiting neighbor trace: 13
Intersection size: 2
Step: 0.025974
Tj part: 0.153846
Queue size: 4
Visiting neighbor trace: 15
Intersection size: 2
Step: 0.025974
Tj part: 0.166667
Queue size: 4
Visiting neighbor trace: 17
Intersection size: 1
Step: 0.012987
Tj part: 0.125000
Queue size: 4
Visiting neighbor trace: 19
Intersection size: 2
Step: 0.025974
Tj part: 0.222222
Queue size: 4
Visiting neighbor trace: 20
Intersection size: 3
Step: 0.038961
Tj part: 0.333333
Queue size: 4
Visiting neighbor trace: 22
Intersection size: 2
Step: 0.025974
Tj part: 0.200000
Queue size: 4
Visiting neighbor trace: 23
Intersection size: 1
Step: 0.012987
Tj part: 0.111111
Queue size: 4
Visiting neighbor trace: 24
Intersection size: 2
Step: 0.025974
Tj part: 0.222222
Queue size: 4
Visiting neighbor trace: 25
Intersection size: 3
Step: 0.038961
Tj part: 0.250000
Queue size: 4
Visiting neighbor trace: 26
Intersection size: 3
Step: 0.038961
Tj part: 0.333333
Queue size: 4
Visiting neighbor trace: 29
Intersection size: 1
Step: 0.012987
Tj part: 0.111111
Queue size: 4
Visiting neighbor trace: 30
Intersection size: 2
Step: 0.025974
Tj part: 0.285714
Queue size: 4
Visiting neighbor trace: 31
Intersection size: 1
Step: 0.012987
Tj part: 0.090909
Queue size: 4
Visiting neighbor trace: 32
Intersection size: 2
Step: 0.025974
Tj part: 0.222222
Queue size: 4
Visiting neighbor trace: 33
Intersection size: 2
Step: 0.025974
Tj part: 0.153846
Queue size: 4
Visiting neighbor trace: 34
Intersection size: 1
Step: 0.012987
Tj part: 0.090909
Queue size: 4
Visiting neighbor trace: 35
Intersection size: 2
Step: 0.025974
Tj part: 0.181818
Queue size: 4
Visiting neighbor trace: 2
Intersection size: 1
Step: 0.012987
Tj part: 0.093178
Queue size: 4
Visiting neighbor trace: 6
Intersection size: 1
Step: 0.012987
Tj part: 0.088203
Queue size: 4
Visiting neighbor trace: 8
Intersection size: 1
Step: 0.012987
Tj part: 0.085205
Queue size: 4
Visiting neighbor trace: 27
Intersection size: 1
Step: 0.012987
Tj part: 0.111111
Queue size: 4
Current trace: 25 with activation 0.272727
Visited neighbors: 27
Visiting neighbor trace: 1
Intersection size: 1
Step: 0.022727
Tj part: 0.125000
Queue size: 3
Visiting neighbor trace: 5
Intersection size: 1
Step: 0.022727
Tj part: 0.108342
Queue size: 3
Visiting neighbor trace: 11
Intersection size: 1
Step: 0.022727
Tj part: 0.125000
Queue size: 3
Visiting neighbor trace: 13
Intersection size: 1
Step: 0.022727
Tj part: 0.076923
Queue size: 3
Visiting neighbor trace: 15
Intersection size: 2
Step: 0.045455
Tj part: 0.166667
Queue size: 3
Visiting neighbor trace: 16
Intersection size: 3
Step: 0.068182
Tj part: 0.214286
Queue size: 3
Visiting neighbor trace: 17
Intersection size: 2
Step: 0.045455
Tj part: 0.250000
Queue size: 3
Visiting neighbor trace: 19
Intersection size: 2
Step: 0.045455
Tj part: 0.222222
Queue size: 3
Visiting neighbor trace: 20
Intersection size: 4
Step: 0.090909
Tj part: 0.444444
Queue size: 3
Visiting neighbor trace: 22
Intersection size: 2
Step: 0.045455
Tj part: 0.200000
Queue size: 3
Visiting neighbor trace: 23
Intersection size: 1
Step: 0.022727
Tj part: 0.111111
Queue size: 3
Visiting neighbor trace: 24
Intersection size: 2
Step: 0.045455
Tj part: 0.222222
Queue size: 3
Visiting neighbor trace: 26
Intersection size: 2
Step: 0.045455
Tj part: 0.222222
Queue size: 3
Visiting neighbor trace: 29
Intersection size: 3
Step: 0.068182
Tj part: 0.333333
Queue size: 3
Visiting neighbor trace: 30
Intersection size: 1
Step: 0.022727
Tj part: 0.142857
Queue size: 3
Visiting neighbor trace: 31
Intersection size: 1
Step: 0.022727
Tj part: 0.090909
Queue size: 3
Visiting neighbor trace: 32
Intersection size: 1
Step: 0.022727
Tj part: 0.111111
Queue size: 3
Visiting neighbor trace: 33
Intersection size: 2
Step: 0.045455
Tj part: 0.153846
Queue size: 3
Visiting neighbor trace: 34
Intersection size: 1
Step: 0.022727
Tj part: 0.090909
Queue size: 3
Visiting neighbor trace: 35
Intersection size: 3
Step: 0.068182
Tj part: 0.272727
Queue size: 3
Visiting neighbor trace: 12
Intersection size: 1
Step: 0.022727
Tj part: 0.125000
Queue size: 3
Visiting neighbor trace: 14
Intersection size: 1
Step: 0.022727
Tj part: 0.111111
Queue size: 3
Visiting neighbor trace: 9
Intersection size: 1
Step: 0.022727
Tj part: 0.125000
Queue size: 3
Visiting neighbor trace: 21
Intersection size: 2
Step: 0.045455
Tj part: 0.222222
Queue size: 3
Visiting neighbor trace: 27
Intersection size: 1
Step: 0.022727
Tj part: 0.111111
Queue size: 3
Visiting neighbor trace: 6
Intersection size: 1
Step: 0.022727
Tj part: 0.088203
Queue size: 3
Visiting neighbor trace: 8
Intersection size: 1
Step: 0.022727
Tj part: 0.085205
Queue size: 3
Current trace: 33 with activation 0.090909
Visited neighbors: 24
Visiting neighbor trace: 1
Intersection size: 1
Step: 0.006993
Tj part: 0.125000
Queue size: 2
Visiting neighbor trace: 5
Intersection size: 1
Step: 0.006993
Tj part: 0.108342
Queue size: 2
Visiting neighbor trace: 11
Intersection size: 1
Step: 0.006993
Tj part: 0.125000
Queue size: 2
Visiting neighbor trace: 13
Intersection size: 1
Step: 0.006993
Tj part: 0.076923
Queue size: 2
Visiting neighbor trace: 15
Intersection size: 3
Step: 0.020979
Tj part: 0.250000
Queue size: 2
Visiting neighbor trace: 16
Intersection size: 2
Step: 0.013986
Tj part: 0.142857
Queue size: 2
Visiting neighbor trace: 17
Intersection size: 1
Step: 0.006993
Tj part: 0.125000
Queue size: 2
Visiting neighbor trace: 19
Intersection size: 5
Step: 0.034965
Tj part: 0.555556
Queue size: 2
Visiting neighbor trace: 20
Intersection size: 1
Step: 0.006993
Tj part: 0.111111
Queue size: 2
Visiting neighbor trace: 22
Intersection size: 1
Step: 0.006993
Tj part: 0.100000
Queue size: 2
Visiting neighbor trace: 23
Intersection size: 4
Step: 0.027972
Tj part: 0.444444
Queue size: 2
Visiting neighbor trace: 24
Intersection size: 2
Step: 0.013986
Tj part: 0.222222
Queue size: 2
Visiting neighbor trace: 25
Intersection size: 2
Step: 0.013986
Tj part: 0.166667
Queue size: 2
Visiting neighbor trace: 26
Intersection size: 2
Step: 0.013986
Tj part: 0.222222
Queue size: 2
Visiting neighbor trace: 29
Intersection size: 1
Step: 0.006993
Tj part: 0.111111
Queue size: 2
Visiting neighbor trace: 30
Intersection size: 1
Step: 0.006993
Tj part: 0.142857
Queue size: 2
Visiting neighbor trace: 31
Intersection size: 1
Step: 0.006993
Tj part: 0.090909
Queue size: 2
Visiting neighbor trace: 32
Intersection size: 2
Step: 0.013986
Tj part: 0.222222
Queue size: 2
Visiting neighbor trace: 34
Intersection size: 2
Step: 0.013986
Tj part: 0.181818
Queue size: 2
Visiting neighbor trace: 35
Intersection size: 1
Step: 0.006993
Tj part: 0.090909
Queue size: 2
Visiting neighbor trace: 14
Intersection size: 1
Step: 0.006993
Tj part: 0.111111
Queue size: 2
Visiting neighbor trace: 3
Intersection size: 1
Step: 0.006993
Tj part: 0.102250
Queue size: 2
Visiting neighbor trace: 2
Intersection size: 1
Step: 0.006993
Tj part: 0.093178
Queue size: 2
Visiting neighbor trace: 28
Intersection size: 1
Step: 0.006993
Tj part: 0.090909
Queue size: 2
Current trace: 6 with activation 0.090909
Visited neighbors: 16
Visiting neighbor trace: 1
Intersection size: 1
Step: 0.010101
Tj part: 0.125000
Queue size: 1
Visiting neighbor trace: 3
Intersection size: 1
Step: 0.010101
Tj part: 0.102250
Queue size: 1
Visiting neighbor trace: 9
Intersection size: 1
Step: 0.010101
Tj part: 0.125000
Queue size: 1
Visiting neighbor trace: 11
Intersection size: 1
Step: 0.010101
Tj part: 0.125000
Queue size: 1
Visiting neighbor trace: 13
Intersection size: 1
Step: 0.010101
Tj part: 0.076923
Queue size: 1
Visiting neighbor trace: 19
Intersection size: 1
Step: 0.010101
Tj part: 0.111111
Queue size: 1
Visiting neighbor trace: 21
Intersection size: 1
Step: 0.010101
Tj part: 0.111111
Queue size: 1
Visiting neighbor trace: 27
Intersection size: 1
Step: 0.010101
Tj part: 0.111111
Queue size: 1
Visiting neighbor trace: 17
Intersection size: 1
Step: 0.010101
Tj part: 0.125000
Queue size: 1
Visiting neighbor trace: 22
Intersection size: 2
Step: 0.020202
Tj part: 0.200000
Queue size: 1
Visiting neighbor trace: 8
Intersection size: 1
Step: 0.010101
Tj part: 0.085205
Queue size: 1
Visiting neighbor trace: 16
Intersection size: 1
Step: 0.010101
Tj part: 0.071429
Queue size: 1
Visiting neighbor trace: 20
Intersection size: 1
Step: 0.010101
Tj part: 0.111111
Queue size: 1
Visiting neighbor trace: 25
Intersection size: 1
Step: 0.010101
Tj part: 0.083333
Queue size: 1
Visiting neighbor trace: 26
Intersection size: 1
Step: 0.010101
Tj part: 0.111111
Queue size: 1
Visiting neighbor trace: 35
Intersection size: 1
Step: 0.010101
Tj part: 0.090909
Queue size: 1
Current trace: 8 with activation 0.090909
Visited neighbors: 7
Visiting neighbor trace: 6
Intersection size: 1
Step: 0.010101
Tj part: 0.088203
Queue size: 0
Visiting neighbor trace: 16
Intersection size: 1
Step: 0.010101
Tj part: 0.071429
Queue size: 0
Visiting neighbor trace: 20
Intersection size: 2
Step: 0.020202
Tj part: 0.222222
Queue size: 0
Visiting neighbor trace: 22
Intersection size: 1
Step: 0.010101
Tj part: 0.100000
Queue size: 0
Visiting neighbor trace: 25
Intersection size: 1
Step: 0.010101
Tj part: 0.083333
Queue size: 0
Visiting neighbor trace: 26
Intersection size: 1
Step: 0.010101
Tj part: 0.111111
Queue size: 0
Visiting neighbor trace: 35
Intersection size: 1
Step: 0.010101
Tj part: 0.090909
Queue size: 0
Propagated trace for words: 11
Pruned traces for words: 11
Predicted understanding for words: 11
Processed words: 11
Error: 0.831394
Updating proficiency for words: 11
Adding trace for words: 11
Added trace for words: 11
Propagating trace: 36 with activation 1.000000
Current trace: 36 with activation 1.000000
Visited neighbors: 25
Visiting neighbor trace: 17
Intersection size: 2
Step: 0.181818
Tj part: 0.250000
Queue size: 0
Visiting neighbor trace: 1
Intersection size: 1
Step: 0.090909
Tj part: 0.125000
Queue size: 0
Visiting neighbor trace: 13
Intersection size: 1
Step: 0.090909
Tj part: 0.076923
Queue size: 1
Visiting neighbor trace: 5
Intersection size: 1
Step: 0.090909
Tj part: 0.108342
Queue size: 1
Visiting neighbor trace: 19
Intersection size: 1
Step: 0.090909
Tj part: 0.111111
Queue size: 1
Visiting neighbor trace: 11
Intersection size: 1
Step: 0.090909
Tj part: 0.125000
Queue size: 1
Visiting neighbor trace: 15
Intersection size: 1
Step: 0.090909
Tj part: 0.083333
Queue size: 2
Visiting neighbor trace: 16
Intersection size: 1
Step: 0.090909
Tj part: 0.071429
Queue size: 3
Visiting neighbor trace: 20
Intersection size: 2
Step: 0.181818
Tj part: 0.222222
Queue size: 3
Visiting neighbor trace: 22
Intersection size: 1
Step: 0.090909
Tj part: 0.100000
Queue size: 3
Visiting neighbor trace: 23
Intersection size: 1
Step: 0.090909
Tj part: 0.111111
Queue size: 3
Visiting neighbor trace: 24
Intersection size: 1
Step: 0.090909
Tj part: 0.111111
Queue size: 3
Visiting neighbor trace: 25
Intersection size: 2
Step: 0.181818
Tj part: 0.166667
Queue size: 4
Visiting neighbor trace: 26
Intersection size: 1
Step: 0.090909
Tj part: 0.111111
Queue size: 4
Visiting neighbor trace: 29
Intersection size: 2
Step: 0.181818
Tj part: 0.222222
Queue size: 4
Visiting neighbor trace: 30
Intersection size: 1
Step: 0.090909
Tj part: 0.142857
Queue size: 4
Visiting neighbor trace: 31
Intersection size: 2
Step: 0.181818
Tj part: 0.181818
Queue size: 4
Visiting neighbor trace: 32
Intersection size: 2
Step: 0.181818
Tj part: 0.222222
Queue size: 4
Visiting neighbor trace: 33
Intersection size: 1
Step: 0.090909
Tj part: 0.076923
Queue size: 5
Visiting neighbor trace: 34
Intersection size: 1
Step: 0.090909
Tj part: 0.090909
Queue size: 5
Visiting neighbor trace: 35
Intersection size: 2
Step: 0.181818
Tj part: 0.181818
Queue size: 5
Visiting neighbor trace: 9
Intersection size: 1
Step: 0.090909
Tj part: 0.125000
Queue size: 5
Visiting neighbor trace: 21
Intersection size: 1
Step: 0.090909
Tj part: 0.111111
Queue size: 5
Visiting neighbor trace: 27
Intersection size: 2
Step: 0.181818
Tj part: 0.222222
Queue size: 5
Visiting neighbor trace: 28
Intersection size: 1
Step: 0.090909
Tj part: 0.090909
Queue size: 5
Current trace: 13 with activation 0.090909
Visited neighbors: 27
Visiting neighbor trace: 1
Intersection size: 3
Step: 0.020979
Tj part: 0.375000
Queue size: 4
Visiting neighbor trace: 3
Intersection size: 2
Step: 0.013986
Tj part: 0.204500
Queue size: 4
Visiting neighbor trace: 6
Intersection size: 1
Step: 0.006993
Tj part: 0.088203
Queue size: 4
Visiting neighbor trace: 9
Intersection size: 1
Step: 0.006993
Tj part: 0.125000
Queue size: 4
Visiting neighbor trace: 11
Intersection size: 3
Step: 0.020979
Tj part: 0.375000
Queue size: 4
Visiting neighbor trace: 19
Intersection size: 2
Step: 0.013986
Tj part: 0.222222
Queue size: 4
Visiting neighbor trace: 21
Intersection size: 1
Step: 0.006993
Tj part: 0.111111
Queue size: 4
Visiting neighbor trace: 27
Intersection size: 2
Step: 0.013986
Tj part: 0.222222
Queue size: 4
Visiting neighbor trace: 5
Intersection size: 1
Step: 0.006993
Tj part: 0.108342
Queue size: 4
Visiting neighbor trace: 15
Intersection size: 1
Step: 0.006993
Tj part: 0.083333
Queue size: 4
Visiting neighbor trace: 16
Intersection size: 2
Step: 0.013986
Tj part: 0.142857
Queue size: 4
Visiting neighbor trace: 17
Intersection size: 1
Step: 0.006993
Tj part: 0.125000
Queue size: 4
Visiting neighbor trace: 20
Intersection size: 1
Step: 0.006993
Tj part: 0.111111
Queue size: 4
Visiting neighbor trace: 22
Intersection size: 3
Step: 0.020979
Tj part: 0.300000
Queue size: 4
Visiting neighbor trace: 23
Intersection size: 1
Step: 0.006993
Tj part: 0.111111
Queue size: 4
Visiting neighbor trace: 24
Intersection size: 1
Step: 0.006993
Tj part: 0.111111
Queue size: 4
Visiting neighbor trace: 25
Intersection size: 1
Step: 0.006993
Tj part: 0.083333
Queue size: 4
Visiting neighbor trace: 26
Intersection size: 2
Step: 0.013986
Tj part: 0.222222
Queue size: 4
Visiting neighbor trace: 29
Intersection size: 3
Step: 0.020979
Tj part: 0.333333
Queue size: 4
Visiting neighbor trace: 30
Intersection size: 2
Step: 0.013986
Tj part: 0.285714
Queue size: 4
Visiting neighbor trace: 31
Intersection size: 2
Step: 0.013986
Tj part: 0.181818
Queue size: 4
Visiting neighbor trace: 32
Intersection size: 2
Step: 0.013986
Tj part: 0.222222
Queue size: 4
Visiting neighbor trace: 33
Intersection size: 1
Step: 0.006993
Tj part: 0.076923
Queue size: 4
Visiting neighbor trace: 34
Intersection size: 1
Step: 0.006993
Tj part: 0.090909
Queue size: 4
Visiting neighbor trace: 35
Intersection size: 1
Step: 0.006993
Tj part: 0.090909
Queue size: 4
Visiting neighbor trace: 36
Intersection size: 1
Step: 0.006993
Tj part: 0.090909
Queue size: 4
Visiting neighbor trace: 14
Intersection size: 2
Step: 0.013986
Tj part: 0.222222
Queue size: 4
Current trace: 15 with activation 0.090909
Visited neighbors: 22
Visiting neighbor trace: 1
Intersection size: 1
Step: 0.007576
Tj part: 0.125000
Queue size: 3
Visiting neighbor trace: 5
Intersection size: 1
Step: 0.007576
Tj part: 0.108342
Queue size: 3
Visiting neighbor trace: 11
Intersection size: 1
Step: 0.007576
Tj part: 0.125000
Queue size: 3
Visiting neighbor trace: 13
Intersection size: 1
Step: 0.007576
Tj part: 0.076923
Queue size: 3
Visiting neighbor trace: 16
Intersection size: 2
Step: 0.015152
Tj part: 0.142857
Queue size: 3
Visiting neighbor trace: 17
Intersection size: 2
Step: 0.015152
Tj part: 0.250000
Queue size: 3
Visiting neighbor trace: 19
Intersection size: 4
Step: 0.030303
Tj part: 0.444444
Queue size: 3
Visiting neighbor trace: 20
Intersection size: 1
Step: 0.007576
Tj part: 0.111111
Queue size: 3
Visiting neighbor trace: 22
Intersection size: 1
Step: 0.007576
Tj part: 0.100000
Queue size: 3
Visiting neighbor trace: 23
Intersection size: 2
Step: 0.015152
Tj part: 0.222222
Queue size: 3
Visiting neighbor trace: 24
Intersection size: 1
Step: 0.007576
Tj part: 0.111111
Queue size: 3
Visiting neighbor trace: 25
Intersection size: 2
Step: 0.015152
Tj part: 0.166667
Queue size: 3
Visiting neighbor trace: 26
Intersection size: 2
Step: 0.015152
Tj part: 0.222222
Queue size: 3
Visiting neighbor trace: 29
Intersection size: 1
Step: 0.007576
Tj part: 0.111111
Queue size: 3
Visiting neighbor trace: 30
Intersection size: 2
Step: 0.015152
Tj part: 0.285714
Queue size: 3
Visiting neighbor trace: 31
Intersection size: 2
Step: 0.015152
Tj part: 0.181818
Queue size: 3
Visiting neighbor trace: 32
Intersection size: 1
Step: 0.007576
Tj part: 0.111111
Queue size: 3
Visiting neighbor trace: 33
Intersection size: 3
Step: 0.022727
Tj part: 0.230769
Queue size: 3
Visiting neighbor trace: 34
Intersection size: 1
Step: 0.007576
Tj part: 0.090909
Queue size: 3
Visiting neighbor trace: 35
Intersection size: 1
Step: 0.007576
Tj part: 0.090909
Queue size: 3
Visiting neighbor trace: 36
Intersection size: 1
Step: 0.007576
Tj part: 0.090909
Queue size: 3
Visiting neighbor trace: 27
Intersection size: 1
Step: 0.007576
Tj part: 0.111111
Queue size: 3
Current trace: 16 with activation 0.090909
Visited neighbors: 25
Visiting neighbor trace: 1
Intersection size: 1
Step: 0.006494
Tj part: 0.125000
Queue size: 2
Visiting neighbor trace: 5
Intersection size: 1
Step: 0.006494
Tj part: 0.108342
Queue size: 2
Visiting neighbor trace: 11
Intersection size: 1
Step: 0.006494
Tj part: 0.125000
Queue size: 2
Visiting neighbor trace: 13
Intersection size: 2
Step: 0.012987
Tj part: 0.153846
Queue size: 2
Visiting neighbor trace: 15
Intersection size: 2
Step: 0.012987
Tj part: 0.166667
Queue size: 2
Visiting neighbor trace: 17
Intersection size: 1
Step: 0.006494
Tj part: 0.125000
Queue size: 2
Visiting neighbor trace: 19
Intersection size: 2
Step: 0.012987
Tj part: 0.222222
Queue size: 2
Visiting neighbor trace: 20
Intersection size: 3
Step: 0.019481
Tj part: 0.333333
Queue size: 2
Visiting neighbor trace: 22
Intersection size: 2
Step: 0.012987
Tj part: 0.200000
Queue size: 2
Visiting neighbor trace: 23
Intersection size: 1
Step: 0.006494
Tj part: 0.111111
Queue size: 2
Visiting neighbor trace: 24
Intersection size: 2
Step: 0.012987
Tj part: 0.222222
Queue size: 2
Visiting neighbor trace: 25
Intersection size: 3
Step: 0.019481
Tj part: 0.250000
Queue size: 2
Visiting neighbor trace: 26
Intersection size: 3
Step: 0.019481
Tj part: 0.333333
Queue size: 2
Visiting neighbor trace: 29
Intersection size: 1
Step: 0.006494
Tj part: 0.111111
Queue size: 2
Visiting neighbor trace: 30
Intersection size: 2
Step: 0.012987
Tj part: 0.285714
Queue size: 2
Visiting neighbor trace: 31
Intersection size: 1
Step: 0.006494
Tj part: 0.090909
Queue size: 2
Visiting neighbor trace: 32
Intersection size: 2
Step: 0.012987
Tj part: 0.222222
Queue size: 2
Visiting neighbor trace: 33
Intersection size: 2
Step: 0.012987
Tj part: 0.153846
Queue size: 2
Visiting neighbor trace: 34
Intersection size: 1
Step: 0.006494
Tj part: 0.090909
Queue size: 2
Visiting neighbor trace: 35
Intersection size: 2
Step: 0.012987
Tj part: 0.181818
Queue size: 2
Visiting neighbor trace: 36
Intersection size: 1
Step: 0.006494
Tj part: 0.090909
Queue size: 2
Visiting neighbor trace: 2
Intersection size: 1
Step: 0.006494
Tj part: 0.093178
Queue size: 2
Visiting neighbor trace: 6
Intersection size: 1
Step: 0.006494
Tj part: 0.088203
Queue size: 2
Visiting neighbor trace: 8
Intersection size: 1
Step: 0.006494
Tj part: 0.085205
Queue size: 2
Visiting neighbor trace: 27
Intersection size: 1
Step: 0.006494
Tj part: 0.111111
Queue size: 2
Current trace: 25 with activation 0.181818
Visited neighbors: 28
Visiting neighbor trace: 1
Intersection size: 1
Step: 0.015152
Tj part: 0.125000
Queue size: 1
Visiting neighbor trace: 5
Intersection size: 1
Step: 0.015152
Tj part: 0.108342
Queue size: 1
Visiting neighbor trace: 11
Intersection size: 1
Step: 0.015152
Tj part: 0.125000
Queue size: 1
Visiting neighbor trace: 13
Intersection size: 1
Step: 0.015152
Tj part: 0.076923
Queue size: 1
Visiting neighbor trace: 15
Intersection size: 2
Step: 0.030303
Tj part: 0.166667
Queue size: 1
Visiting neighbor trace: 16
Intersection size: 3
Step: 0.045455
Tj part: 0.214286
Queue size: 1
Visiting neighbor trace: 17
Intersection size: 2
Step: 0.030303
Tj part: 0.250000
Queue size: 1
Visiting neighbor trace: 19
Intersection size: 2
Step: 0.030303
Tj part: 0.222222
Queue size: 1
Visiting neighbor trace: 20
Intersection size: 4
Step: 0.060606
Tj part: 0.444444
Queue size: 1
Visiting neighbor trace: 22
Intersection size: 2
Step: 0.030303
Tj part: 0.200000
Queue size: 1
Visiting neighbor trace: 23
Intersection size: 1
Step: 0.015152
Tj part: 0.111111
Queue size: 1
Visiting neighbor trace: 24
Intersection size: 2
Step: 0.030303
Tj part: 0.222222
Queue size: 1
Visiting neighbor trace: 26
Intersection size: 2
Step: 0.030303
Tj part: 0.222222
Queue size: 1
Visiting neighbor trace: 29
Intersection size: 3
Step: 0.045455
Tj part: 0.333333
Queue size: 1
Visiting neighbor trace: 30
Intersection size: 1
Step: 0.015152
Tj part: 0.142857
Queue size: 1
Visiting neighbor trace: 31
Intersection size: 1
Step: 0.015152
Tj part: 0.090909
Queue size: 1
Visiting neighbor trace: 32
Intersection size: 1
Step: 0.015152
Tj part: 0.111111
Queue size: 1
Visiting neighbor trace: 33
Intersection size: 2
Step: 0.030303
Tj part: 0.153846
Queue size: 1
Visiting neighbor trace: 34
Intersection size: 1
Step: 0.015152
Tj part: 0.090909
Queue size: 1
Visiting neighbor trace: 35
Intersection size: 3
Step: 0.045455
Tj part: 0.272727
Queue size: 1
Visiting neighbor trace: 36
Intersection size: 2
Step: 0.030303
Tj part: 0.181818
Queue size: 1
Visiting neighbor trace: 12
Intersection size: 1
Step: 0.015152
Tj part: 0.125000
Queue size: 1
Visiting neighbor trace: 14
Intersection size: 1
Step: 0.015152
Tj part: 0.111111
Queue size: 1
Visiting neighbor trace: 9
Intersection size: 1
Step: 0.015152
Tj part: 0.125000
Queue size: 1
Visiting neighbor trace: 21
Intersection size: 2
Step: 0.030303
Tj part: 0.222222
Queue size: 1
Visiting neighbor trace: 27
Intersection size: 1
Step: 0.015152
Tj part: 0.111111
Queue size: 1
Visiting neighbor trace: 6
Intersection size: 1
Step: 0.015152
Tj part: 0.088203
Queue size: 1
Visiting neighbor trace: 8
Intersection size: 1
Step: 0.015152
Tj part: 0.085205
Queue size: 1
Current trace: 33 with activation 0.090909
Visited neighbors: 25
Visiting neighbor trace: 1
Intersection size: 1
Step: 0.006993
Tj part: 0.125000
Queue size: 0
Visiting neighbor trace: 5
Intersection size: 1
Step: 0.006993
Tj part: 0.108342
Queue size: 0
Visiting neighbor trace: 11
Intersection size: 1
Step: 0.006993
Tj part: 0.125000
Queue size: 0
Visiting neighbor trace: 13
Intersection size: 1
Step: 0.006993
Tj part: 0.076923
Queue size: 0
Visiting neighbor trace: 15
Intersection size: 3
Step: 0.020979
Tj part: 0.250000
Queue size: 0
Visiting neighbor trace: 16
Intersection size: 2
Step: 0.013986
Tj part: 0.142857
Queue size: 0
Visiting neighbor trace: 17
Intersection size: 1
Step: 0.006993
Tj part: 0.125000
Queue size: 0
Visiting neighbor trace: 19
Intersection size: 5
Step: 0.034965
Tj part: 0.555556
Queue size: 0
Visiting neighbor trace: 20
Intersection size: 1
Step: 0.006993
Tj part: 0.111111
Queue size: 0
Visiting neighbor trace: 22
Intersection size: 1
Step: 0.006993
Tj part: 0.100000
Queue size: 0
Visiting neighbor trace: 23
Intersection size: 4
Step: 0.027972
Tj part: 0.444444
Queue size: 0
Visiting neighbor trace: 24
Intersection size: 2
Step: 0.013986
Tj part: 0.222222
Queue size: 0
Visiting neighbor trace: 25
Intersection size: 2
Step: 0.013986
Tj part: 0.166667
Queue size: 0
Visiting neighbor trace: 26
Intersection size: 2
Step: 0.013986
Tj part: 0.222222
Queue size: 0
Visiting neighbor trace: 29
Intersection size: 1
Step: 0.006993
Tj part: 0.111111
Queue size: 0
Visiting neighbor trace: 30
Intersection size: 1
Step: 0.006993
Tj part: 0.142857
Queue size: 0
Visiting neighbor trace: 31
Intersection size: 1
Step: 0.006993
Tj part: 0.090909
Queue size: 0
Visiting neighbor trace: 32
Intersection size: 2
Step: 0.013986
Tj part: 0.222222
Queue size: 0
Visiting neighbor trace: 34
Intersection size: 2
Step: 0.013986
Tj part: 0.181818
Queue size: 0
Visiting neighbor trace: 35
Intersection size: 1
Step: 0.006993
Tj part: 0.090909
Queue size: 0
Visiting neighbor trace: 36
Intersection size: 1
Step: 0.006993
Tj part: 0.090909
Queue size: 0
Visiting neighbor trace: 14
Intersection size: 1
Step: 0.006993
Tj part: 0.111111
Queue size: 0
Visiting neighbor trace: 3
Intersection size: 1
Step: 0.006993
Tj part: 0.102250
Queue size: 0
Visiting neighbor trace: 2
Intersection size: 1
Step: 0.006993
Tj part: 0.093178
Queue size: 0
Visiting neighbor trace: 28
Intersection size: 1
Step: 0.006993
Tj part: 0.090909
Queue size: 0
Propagated trace for words: 11
Pruned traces for words: 11
Predicted understanding for words: 11
Processed words: 11
Error: 0.829766
Updating proficiency for words: 10
Adding trace for words: 10
Added trace for words: 10
Propagating trace: 37 with activation 1.000000
Current trace: 37 with activation 1.000000
Visited neighbors: 29
Visiting neighbor trace: 9
Intersection size: 1
Step: 0.100000
Tj part: 0.125000
Queue size: 0
Visiting neighbor trace: 1
Intersection size: 2
Step: 0.200000
Tj part: 0.250000
Queue size: 0
Visiting neighbor trace: 19
Intersection size: 4
Step: 0.400000
Tj part: 0.444444
Queue size: 0
Visiting neighbor trace: 11
Intersection size: 2
Step: 0.200000
Tj part: 0.250000
Queue size: 0
Visiting neighbor trace: 3
Intersection size: 1
Step: 0.100000
Tj part: 0.102250
Queue size: 0
Visiting neighbor trace: 6
Intersection size: 1
Step: 0.100000
Tj part: 0.088203
Queue size: 1
Visiting neighbor trace: 21
Intersection size: 1
Step: 0.100000
Tj part: 0.111111
Queue size: 1
Visiting neighbor trace: 13
Intersection size: 2
Step: 0.200000
Tj part: 0.153846
Queue size: 2
Visiting neighbor trace: 27
Intersection size: 1
Step: 0.100000
Tj part: 0.111111
Queue size: 2
Visiting neighbor trace: 5
Intersection size: 1
Step: 0.100000
Tj part: 0.108342
Queue size: 2
Visiting neighbor trace: 15
Intersection size: 3
Step: 0.300000
Tj part: 0.250000
Queue size: 3
Visiting neighbor trace: 16
Intersection size: 2
Step: 0.200000
Tj part: 0.142857
Queue size: 4
Visiting neighbor trace: 17
Intersection size: 2
Step: 0.200000
Tj part: 0.250000
Queue size: 4
Visiting neighbor trace: 20
Intersection size: 1
Step: 0.100000
Tj part: 0.111111
Queue size: 4
Visiting neighbor trace: 22
Intersection size: 1
Step: 0.100000
Tj part: 0.100000
Queue size: 4
Visiting neighbor trace: 23
Intersection size: 1
Step: 0.100000
Tj part: 0.111111
Queue size: 4
Visiting neighbor trace: 24
Intersection size: 1
Step: 0.100000
Tj part: 0.111111
Queue size: 4
Visiting neighbor trace: 25
Intersection size: 2
Step: 0.200000
Tj part: 0.166667
Queue size: 5
Visiting neighbor trace: 26
Intersection size: 1
Step: 0.100000
Tj part: 0.111111
Queue size: 5
Visiting neighbor trace: 29
Intersection size: 1
Step: 0.100000
Tj part: 0.111111
Queue size: 5
Visiting neighbor trace: 30
Intersection size: 1
Step: 0.100000
Tj part: 0.142857
Queue size: 5
Visiting neighbor trace: 31
Intersection size: 2
Step: 0.200000
Tj part: 0.181818
Queue size: 6
Visiting neighbor trace: 32
Intersection size: 1
Step: 0.100000
Tj part: 0.111111
Queue size: 6
Visiting neighbor trace: 33
Intersection size: 2
Step: 0.200000
Tj part: 0.153846
Queue size: 7
Visiting neighbor trace: 34
Intersection size: 3
Step: 0.300000
Tj part: 0.272727
Queue size: 8
Visiting neighbor trace: 35
Intersection size: 1
Step: 0.100000
Tj part: 0.090909
Queue size: 9
Visiting neighbor trace: 36
Intersection size: 1
Step: 0.100000
Tj part: 0.090909
Queue size: 10
Visiting neighbor trace: 7
Intersection size: 1
Step: 0.100000
Tj part: 0.091789
Queue size: 11
Visiting neighbor trace: 12
Intersection size: 1
Step: 0.100000
Tj part: 0.125000
Queue size: 11
Current trace: 6 with activation 0.100000
Visited neighbors: 17
Visiting neighbor trace: 1
Intersection size: 1
Step: 0.011111
Tj part: 0.125000
Queue size: 10
Visiting neighbor trace: 3
Intersection size: 1
Step: 0.011111
Tj part: 0.102250
Queue size: 10
Visiting neighbor trace: 9
Intersection size: 1
Step: 0.011111
Tj part: 0.125000
Queue size: 10
Visiting neighbor trace: 11
Intersection size: 1
Step: 0.011111
Tj part: 0.125000
Queue size: 10
Visiting neighbor trace: 13
Intersection size: 1
Step: 0.011111
Tj part: 0.076923
Queue size: 10
Visiting neighbor trace: 19
Intersection size: 1
Step: 0.011111
Tj part: 0.111111
Queue size: 10
Visiting neighbor trace: 21
Intersection size: 1
Step: 0.011111
Tj part: 0.111111
Queue size: 10
Visiting neighbor trace: 27
Intersection size: 1
Step: 0.011111
Tj part: 0.111111
Queue size: 10
Visiting neighbor trace: 37
Intersection size: 1
Step: 0.011111
Tj part: 0.100000
Queue size: 10
Visiting neighbor trace: 17
Intersection size: 1
Step: 0.011111
Tj part: 0.125000
Queue size: 10
Visiting neighbor trace: 22
Intersection size: 2
Step: 0.022222
Tj part: 0.200000
Queue size: 10
Visiting neighbor trace: 8
Intersection size: 1
Step: 0.011111
Tj part: 0.085205
Queue size: 10
Visiting neighbor trace: 16
Intersection size: 1
Step: 0.011111
Tj part: 0.071429
Queue size: 10
Visiting neighbor trace: 20
Intersection size: 1
Step: 0.011111
Tj part: 0.111111
Queue size: 10
Visiting neighbor trace: 25
Intersection size: 1
Step: 0.011111
Tj part: 0.083333
Queue size: 10
Visiting neighbor trace: 26
Intersection size: 1
Step: 0.011111
Tj part: 0.111111
Queue size: 10
Visiting neighbor trace: 35
Intersection size: 1
Step: 0.011111
Tj part: 0.090909
Queue size: 10
Current trace: 13 with activation 0.200000
Visited neighbors: 28
Visiting neighbor trace: 1
Intersection size: 3
Step: 0.046154
Tj part: 0.375000
Queue size: 9
Visiting neighbor trace: 3
Intersection size: 2
Step: 0.030769
Tj part: 0.204500
Queue size: 9
Visiting neighbor trace: 6
Intersection size: 1
Step: 0.015385
Tj part: 0.089514
Queue size: 9
Visiting neighbor trace: 9
Intersection size: 1
Step: 0.015385
Tj part: 0.125000
Queue size: 9
Visiting neighbor trace: 11
Intersection size: 3
Step: 0.046154
Tj part: 0.375000
Queue size: 9
Visiting neighbor trace: 19
Intersection size: 2
Step: 0.030769
Tj part: 0.222222
Queue size: 9
Visiting neighbor trace: 21
Intersection size: 1
Step: 0.015385
Tj part: 0.111111
Queue size: 9
Visiting neighbor trace: 27
Intersection size: 2
Step: 0.030769
Tj part: 0.222222
Queue size: 9
Visiting neighbor trace: 37
Intersection size: 2
Step: 0.030769
Tj part: 0.200000
Queue size: 9
Visiting neighbor trace: 5
Intersection size: 1
Step: 0.015385
Tj part: 0.108342
Queue size: 9
Visiting neighbor trace: 15
Intersection size: 1
Step: 0.015385
Tj part: 0.083333
Queue size: 9
Visiting neighbor trace: 16
Intersection size: 2
Step: 0.030769
Tj part: 0.142857
Queue size: 9
Visiting neighbor trace: 17
Intersection size: 1
Step: 0.015385
Tj part: 0.125000
Queue size: 9
Visiting neighbor trace: 20
Intersection size: 1
Step: 0.015385
Tj part: 0.111111
Queue size: 9
Visiting neighbor trace: 22
Intersection size: 3
Step: 0.046154
Tj part: 0.300000
Queue size: 9
Visiting neighbor trace: 23
Intersection size: 1
Step: 0.015385
Tj part: 0.111111
Queue size: 9
Visiting neighbor trace: 24
Intersection size: 1
Step: 0.015385
Tj part: 0.111111
Queue size: 9
Visiting neighbor trace: 25
Intersection size: 1
Step: 0.015385
Tj part: 0.083333
Queue size: 9
Visiting neighbor trace: 26
Intersection size: 2
Step: 0.030769
Tj part: 0.222222
Queue size: 9
Visiting neighbor trace: 29
Intersection size: 3
Step: 0.046154
Tj part: 0.333333
Queue size: 9
Visiting neighbor trace: 30
Intersection size: 2
Step: 0.030769
Tj part: 0.285714
Queue size: 9
Visiting neighbor trace: 31
Intersection size: 2
Step: 0.030769
Tj part: 0.181818
Queue size: 9
Visiting neighbor trace: 32
Intersection size: 2
Step: 0.030769
Tj part: 0.222222
Queue size: 9
Visiting neighbor trace: 33
Intersection size: 1
Step: 0.015385
Tj part: 0.076923
Queue size: 9
Visiting neighbor trace: 34
Intersection size: 1
Step: 0.015385
Tj part: 0.090909
Queue size: 9
Visiting neighbor trace: 35
Intersection size: 1
Step: 0.015385
Tj part: 0.090909
Queue size: 9
Visiting neighbor trace: 36
Intersection size: 1
Step: 0.015385
Tj part: 0.090909
Queue size: 9
Visiting neighbor trace: 14
Intersection size: 2
Step: 0.030769
Tj part: 0.222222
Queue size: 9
Current trace: 15 with activation 0.300000
Visited neighbors: 23
Visiting neighbor trace: 1
Intersection size: 1
Step: 0.025000
Tj part: 0.125000
Queue size: 8
Visiting neighbor trace: 5
Intersection size: 1
Step: 0.025000
Tj part: 0.108342
Queue size: 8
Visiting neighbor trace: 11
Intersection size: 1
Step: 0.025000
Tj part: 0.125000
Queue size: 8
Visiting neighbor trace: 13
Intersection size: 1
Step: 0.025000
Tj part: 0.076923
Queue size: 8
Visiting neighbor trace: 16
Intersection size: 2
Step: 0.050000
Tj part: 0.142857
Queue size: 8
Visiting neighbor trace: 17
Intersection size: 2
Step: 0.050000
Tj part: 0.250000
Queue size: 8
Visiting neighbor trace: 19
Intersection size: 4
Step: 0.100000
Tj part: 0.444444
Queue size: 8
Visiting neighbor trace: 20
Intersection size: 1
Step: 0.025000
Tj part: 0.111111
Queue size: 8
Visiting neighbor trace: 22
Intersection size: 1
Step: 0.025000
Tj part: 0.100000
Queue size: 8
Visiting neighbor trace: 23
Intersection size: 2
Step: 0.050000
Tj part: 0.222222
Queue size: 8
Visiting neighbor trace: 24
Intersection size: 1
Step: 0.025000
Tj part: 0.111111
Queue size: 8
Visiting neighbor trace: 25
Intersection size: 2
Step: 0.050000
Tj part: 0.166667
Queue size: 8
Visiting neighbor trace: 26
Intersection size: 2
Step: 0.050000
Tj part: 0.222222
Queue size: 8
Visiting neighbor trace: 29
Intersection size: 1
Step: 0.025000
Tj part: 0.111111
Queue size: 8
Visiting neighbor trace: 30
Intersection size: 2
Step: 0.050000
Tj part: 0.285714
Queue size: 8
Visiting neighbor trace: 31
Intersection size: 2
Step: 0.050000
Tj part: 0.181818
Queue size: 8
Visiting neighbor trace: 32
Intersection size: 1
Step: 0.025000
Tj part: 0.111111
Queue size: 8
Visiting neighbor trace: 33
Intersection size: 3
Step: 0.075000
Tj part: 0.230769
Queue size: 8
Visiting neighbor trace: 34
Intersection size: 1
Step: 0.025000
Tj part: 0.090909
Queue size: 8
Visiting neighbor trace: 35
Intersection size: 1
Step: 0.025000
Tj part: 0.090909
Queue size: 8
Visiting neighbor trace: 36
Intersection size: 1
Step: 0.025000
Tj part: 0.090909
Queue size: 8
Visiting neighbor trace: 37
Intersection size: 3
Step: 0.075000
Tj part: 0.300000
Queue size: 8
Visiting neighbor trace: 27
Intersection size: 1
Step: 0.025000
Tj part: 0.111111
Queue size: 8
Current trace: 16 with activation 0.200000
Visited neighbors: 26
Visiting neighbor trace: 1
Intersection size: 1
Step: 0.014286
Tj part: 0.125000
Queue size: 7
Visiting neighbor trace: 5
Intersection size: 1
Step: 0.014286
Tj part: 0.108342
Queue size: 7
Visiting neighbor trace: 11
Intersection size: 1
Step: 0.014286
Tj part: 0.125000
Queue size: 7
Visiting neighbor trace: 13
Intersection size: 2
Step: 0.028571
Tj part: 0.153846
Queue size: 7
Visiting neighbor trace: 15
Intersection size: 2
Step: 0.028571
Tj part: 0.166667
Queue size: 7
Visiting neighbor trace: 17
Intersection size: 1
Step: 0.014286
Tj part: 0.125000
Queue size: 7
Visiting neighbor trace: 19
Intersection size: 2
Step: 0.028571
Tj part: 0.222222
Queue size: 7
Visiting neighbor trace: 20
Intersection size: 3
Step: 0.042857
Tj part: 0.333333
Queue size: 7
Visiting neighbor trace: 22
Intersection size: 2
Step: 0.028571
Tj part: 0.200000
Queue size: 7
Visiting neighbor trace: 23
Intersection size: 1
Step: 0.014286
Tj part: 0.111111
Queue size: 7
Visiting neighbor trace: 24
Intersection size: 2
Step: 0.028571
Tj part: 0.222222
Queue size: 7
Visiting neighbor trace: 25
Intersection size: 3
Step: 0.042857
Tj part: 0.250000
Queue size: 7
Visiting neighbor trace: 26
Intersection size: 3
Step: 0.042857
Tj part: 0.333333
Queue size: 7
Visiting neighbor trace: 29
Intersection size: 1
Step: 0.014286
Tj part: 0.111111
Queue size: 7
Visiting neighbor trace: 30
Intersection size: 2
Step: 0.028571
Tj part: 0.285714
Queue size: 7
Visiting neighbor trace: 31
Intersection size: 1
Step: 0.014286
Tj part: 0.090909
Queue size: 7
Visiting neighbor trace: 32
Intersection size: 2
Step: 0.028571
Tj part: 0.222222
Queue size: 7
Visiting neighbor trace: 33
Intersection size: 2
Step: 0.028571
Tj part: 0.153846
Queue size: 7
Visiting neighbor trace: 34
Intersection size: 1
Step: 0.014286
Tj part: 0.090909
Queue size: 7
Visiting neighbor trace: 35
Intersection size: 2
Step: 0.028571
Tj part: 0.181818
Queue size: 7
Visiting neighbor trace: 36
Intersection size: 1
Step: 0.014286
Tj part: 0.090909
Queue size: 7
Visiting neighbor trace: 37
Intersection size: 2
Step: 0.028571
Tj part: 0.200000
Queue size: 7
Visiting neighbor trace: 2
Intersection size: 1
Step: 0.014286
Tj part: 0.093178
Queue size: 7
Visiting neighbor trace: 6
Intersection size: 1
Step: 0.014286
Tj part: 0.089514
Queue size: 7
Visiting neighbor trace: 8
Intersection size: 1
Step: 0.014286
Tj part: 0.085205
Queue size: 7
Visiting neighbor trace: 27
Intersection size: 1
Step: 0.014286
Tj part: 0.111111
Queue size: 7
Current trace: 25 with activation 0.200000
Visited neighbors: 29
Visiting neighbor trace: 1
Intersection size: 1
Step: 0.016667
Tj part: 0.125000
Queue size: 6
Visiting neighbor trace: 5
Intersection size: 1
Step: 0.016667
Tj part: 0.108342
Queue size: 6
Visiting neighbor trace: 11
Intersection size: 1
Step: 0.016667
Tj part: 0.125000
Queue size: 6
Visiting neighbor trace: 13
Intersection size: 1
Step: 0.016667
Tj part: 0.076923
Queue size: 6
Visiting neighbor trace: 15
Intersection size: 2
Step: 0.033333
Tj part: 0.166667
Queue size: 6
Visiting neighbor trace: 16
Intersection size: 3
Step: 0.050000
Tj part: 0.214286
Queue size: 6
Visiting neighbor trace: 17
Intersection size: 2
Step: 0.033333
Tj part: 0.250000
Queue size: 6
Visiting neighbor trace: 19
Intersection size: 2
Step: 0.033333
Tj part: 0.222222
Queue size: 6
Visiting neighbor trace: 20
Intersection size: 4
Step: 0.066667
Tj part: 0.444444
Queue size: 6
Visiting neighbor trace: 22
Intersection size: 2
Step: 0.033333
Tj part: 0.200000
Queue size: 6
Visiting neighbor trace: 23
Intersection size: 1
Step: 0.016667
Tj part: 0.111111
Queue size: 6
Visiting neighbor trace: 24
Intersection size: 2
Step: 0.033333
Tj part: 0.222222
Queue size: 6
Visiting neighbor trace: 26
Intersection size: 2
Step: 0.033333
Tj part: 0.222222
Queue size: 6
Visiting neighbor trace: 29
Intersection size: 3
Step: 0.050000
Tj part: 0.333333
Queue size: 6
Visiting neighbor trace: 30
Intersection size: 1
Step: 0.016667
Tj part: 0.142857
Queue size: 6
Visiting neighbor trace: 31
Intersection size: 1
Step: 0.016667
Tj part: 0.090909
Queue size: 6
Visiting neighbor trace: 32
Intersection size: 1
Step: 0.016667
Tj part: 0.111111
Queue size: 6
Visiting neighbor trace: 33
Intersection size: 2
Step: 0.033333
Tj part: 0.153846
Queue size: 6
Visiting neighbor trace: 34
Intersection size: 1
Step: 0.016667
Tj part: 0.090909
Queue size: 6
Visiting neighbor trace: 35
Intersection size: 3
Step: 0.050000
Tj part: 0.272727
Queue size: 6
Visiting neighbor trace: 36
Intersection size: 2
Step: 0.033333
Tj part: 0.181818
Queue size: 6
Visiting neighbor trace: 37
Intersection size: 2
Step: 0.033333
Tj part: 0.200000
Queue size: 6
Visiting neighbor trace: 12
Intersection size: 1
Step: 0.016667
Tj part: 0.125000
Queue size: 6
Visiting neighbor trace: 14
Intersection size: 1
Step: 0.016667
Tj part: 0.111111
Queue size: 6
Visiting neighbor trace: 9
Intersection size: 1
Step: 0.016667
Tj part: 0.125000
Queue size: 6
Visiting neighbor trace: 21
Intersection size: 2
Step: 0.033333
Tj part: 0.222222
Queue size: 6
Visiting neighbor trace: 27
Intersection size: 1
Step: 0.016667
Tj part: 0.111111
Queue size: 6
Visiting neighbor trace: 6
Intersection size: 1
Step: 0.016667
Tj part: 0.089514
Queue size: 6
Visiting neighbor trace: 8
Intersection size: 1
Step: 0.016667
Tj part: 0.085205
Queue size: 6
Current trace: 31 with activation 0.200000
Visited neighbors: 23
Visiting neighbor trace: 1
Intersection size: 1
Step: 0.018182
Tj part: 0.125000
Queue size: 5
Visiting neighbor trace: 5
Intersection size: 1
Step: 0.018182
Tj part: 0.108342
Queue size: 5
Visiting neighbor trace: 11
Intersection size: 1
Step: 0.018182
Tj part: 0.125000
Queue size: 5
Visiting neighbor trace: 13
Intersection size: 2
Step: 0.036364
Tj part: 0.153846
Queue size: 5
Visiting neighbor trace: 15
Intersection size: 2
Step: 0.036364
Tj part: 0.166667
Queue size: 5
Visiting neighbor trace: 16
Intersection size: 1
Step: 0.018182
Tj part: 0.071429
Queue size: 5
Visiting neighbor trace: 17
Intersection size: 2
Step: 0.036364
Tj part: 0.250000
Queue size: 5
Visiting neighbor trace: 19
Intersection size: 2
Step: 0.036364
Tj part: 0.222222
Queue size: 5
Visiting neighbor trace: 20
Intersection size: 2
Step: 0.036364
Tj part: 0.222222
Queue size: 5
Visiting neighbor trace: 22
Intersection size: 1
Step: 0.018182
Tj part: 0.100000
Queue size: 5
Visiting neighbor trace: 23
Intersection size: 1
Step: 0.018182
Tj part: 0.111111
Queue size: 5
Visiting neighbor trace: 24
Intersection size: 1
Step: 0.018182
Tj part: 0.111111
Queue size: 5
Visiting neighbor trace: 25
Intersection size: 1
Step: 0.018182
Tj part: 0.083333
Queue size: 5
Visiting neighbor trace: 26
Intersection size: 1
Step: 0.018182
Tj part: 0.111111
Queue size: 5
Visiting neighbor trace: 29
Intersection size: 1
Step: 0.018182
Tj part: 0.111111
Queue size: 5
Visiting neighbor trace: 30
Intersection size: 2
Step: 0.036364
Tj part: 0.285714
Queue size: 5
Visiting neighbor trace: 32
Intersection size: 3
Step: 0.054545
Tj part: 0.333333
Queue size: 5
Visiting neighbor trace: 33
Intersection size: 1
Step: 0.018182
Tj part: 0.076923
Queue size: 5
Visiting neighbor trace: 34
Intersection size: 1
Step: 0.018182
Tj part: 0.090909
Queue size: 5
Visiting neighbor trace: 35
Intersection size: 1
Step: 0.018182
Tj part: 0.090909
Queue size: 5
Visiting neighbor trace: 36
Intersection size: 2
Step: 0.036364
Tj part: 0.181818
Queue size: 5
Visiting neighbor trace: 37
Intersection size: 2
Step: 0.036364
Tj part: 0.200000
Queue size: 5
Visiting neighbor trace: 21
Intersection size: 2
Step: 0.036364
Tj part: 0.222222
Queue size: 5
Current trace: 33 with activation 0.200000
Visited neighbors: 26
Visiting neighbor trace: 1
Intersection size: 1
Step: 0.015385
Tj part: 0.125000
Queue size: 4
Visiting neighbor trace: 5
Intersection size: 1
Step: 0.015385
Tj part: 0.108342
Queue size: 4
Visiting neighbor trace: 11
Intersection size: 1
Step: 0.015385
Tj part: 0.125000
Queue size: 4
Visiting neighbor trace: 13
Intersection size: 1
Step: 0.015385
Tj part: 0.076923
Queue size: 4
Visiting neighbor trace: 15
Intersection size: 3
Step: 0.046154
Tj part: 0.250000
Queue size: 4
Visiting neighbor trace: 16
Intersection size: 2
Step: 0.030769
Tj part: 0.142857
Queue size: 4
Visiting neighbor trace: 17
Intersection size: 1
Step: 0.015385
Tj part: 0.125000
Queue size: 4
Visiting neighbor trace: 19
Intersection size: 5
Step: 0.076923
Tj part: 0.555556
Queue size: 4
Visiting neighbor trace: 20
Intersection size: 1
Step: 0.015385
Tj part: 0.111111
Queue size: 4
Visiting neighbor trace: 22
Intersection size: 1
Step: 0.015385
Tj part: 0.100000
Queue size: 4
Visiting neighbor trace: 23
Intersection size: 4
Step: 0.061538
Tj part: 0.444444
Queue size: 4
Visiting neighbor trace: 24
Intersection size: 2
Step: 0.030769
Tj part: 0.222222
Queue size: 4
Visiting neighbor trace: 25
Intersection size: 2
Step: 0.030769
Tj part: 0.166667
Queue size: 4
Visiting neighbor trace: 26
Intersection size: 2
Step: 0.030769
Tj part: 0.222222
Queue size: 4
Visiting neighbor trace: 29
Intersection size: 1
Step: 0.015385
Tj part: 0.111111
Queue size: 4
Visiting neighbor trace: 30
Intersection size: 1
Step: 0.015385
Tj part: 0.142857
Queue size: 4
Visiting neighbor trace: 31
Intersection size: 1
Step: 0.015385
Tj part: 0.090909
Queue size: 4
Visiting neighbor trace: 32
Intersection size: 2
Step: 0.030769
Tj part: 0.222222
Queue size: 4
Visiting neighbor trace: 34
Intersection size: 2
Step: 0.030769
Tj part: 0.181818
Queue size: 4
Visiting neighbor trace: 35
Intersection size: 1
Step: 0.015385
Tj part: 0.090909
Queue size: 4
Visiting neighbor trace: 36
Intersection size: 1
Step: 0.015385
Tj part: 0.090909
Queue size: 4
Visiting neighbor trace: 37
Intersection size: 2
Step: 0.030769
Tj part: 0.200000
Queue size: 4
Visiting neighbor trace: 14
Intersection size: 1
Step: 0.015385
Tj part: 0.111111
Queue size: 4
Visiting neighbor trace: 3
Intersection size: 1
Step: 0.015385
Tj part: 0.102250
Queue size: 4
Visiting neighbor trace: 2
Intersection size: 1
Step: 0.015385
Tj part: 0.093178
Queue size: 4
Visiting neighbor trace: 28
Intersection size: 1
Step: 0.015385
Tj part: 0.090909
Queue size: 4
Current trace: 34 with activation 0.300000
Visited neighbors: 23
Visiting neighbor trace: 1
Intersection size: 1
Step: 0.027273
Tj part: 0.125000
Queue size: 3
Visiting neighbor trace: 5
Intersection size: 1
Step: 0.027273
Tj part: 0.108342
Queue size: 3
Visiting neighbor trace: 11
Intersection size: 1
Step: 0.027273
Tj part: 0.125000
Queue size: 3
Visiting neighbor trace: 13
Intersection size: 1
Step: 0.027273
Tj part: 0.076923
Queue size: 3
Visiting neighbor trace: 15
Intersection size: 1
Step: 0.027273
Tj part: 0.083333
Queue size: 3
Visiting neighbor trace: 16
Intersection size: 1
Step: 0.027273
Tj part: 0.071429
Queue size: 3
Visiting neighbor trace: 17
Intersection size: 1
Step: 0.027273
Tj part: 0.125000
Queue size: 3
Visiting neighbor trace: 19
Intersection size: 1
Step: 0.027273
Tj part: 0.111111
Queue size: 3
Visiting neighbor trace: 20
Intersection size: 2
Step: 0.054545
Tj part: 0.222222
Queue size: 3
Visiting neighbor trace: 22
Intersection size: 1
Step: 0.027273
Tj part: 0.100000
Queue size: 3
Visiting neighbor trace: 23
Intersection size: 1
Step: 0.027273
Tj part: 0.111111
Queue size: 3
Visiting neighbor trace: 24
Intersection size: 3
Step: 0.081818
Tj part: 0.333333
Queue size: 3
Visiting neighbor trace: 25
Intersection size: 1
Step: 0.027273
Tj part: 0.083333
Queue size: 3
Visiting neighbor trace: 26
Intersection size: 1
Step: 0.027273
Tj part: 0.111111
Queue size: 3
Visiting neighbor trace: 29
Intersection size: 1
Step: 0.027273
Tj part: 0.111111
Queue size: 3
Visiting neighbor trace: 30
Intersection size: 1
Step: 0.027273
Tj part: 0.142857
Queue size: 3
Visiting neighbor trace: 31
Intersection size: 1
Step: 0.027273
Tj part: 0.090909
Queue size: 3
Visiting neighbor trace: 32
Intersection size: 1
Step: 0.027273
Tj part: 0.111111
Queue size: 3
Visiting neighbor trace: 33
Intersection size: 2
Step: 0.054545
Tj part: 0.153846
Queue size: 3
Visiting neighbor trace: 35
Intersection size: 3
Step: 0.081818
Tj part: 0.272727
Queue size: 3
Visiting neighbor trace: 36
Intersection size: 1
Step: 0.027273
Tj part: 0.090909
Queue size: 3
Visiting neighbor trace: 37
Intersection size: 3
Step: 0.081818
Tj part: 0.300000
Queue size: 3
Visiting neighbor trace: 7
Intersection size: 2
Step: 0.054545
Tj part: 0.185924
Queue size: 3
Current trace: 35 with activation 0.100000
Visited neighbors: 26
Visiting neighbor trace: 1
Intersection size: 1
Step: 0.009091
Tj part: 0.125000
Queue size: 2
Visiting neighbor trace: 5
Intersection size: 1
Step: 0.009091
Tj part: 0.108342
Queue size: 2
Visiting neighbor trace: 11
Intersection size: 1
Step: 0.009091
Tj part: 0.125000
Queue size: 2
Visiting neighbor trace: 13
Intersection size: 1
Step: 0.009091
Tj part: 0.076923
Queue size: 2
Visiting neighbor trace: 15
Intersection size: 1
Step: 0.009091
Tj part: 0.083333
Queue size: 2
Visiting neighbor trace: 16
Intersection size: 2
Step: 0.018182
Tj part: 0.142857
Queue size: 2
Visiting neighbor trace: 17
Intersection size: 1
Step: 0.009091
Tj part: 0.125000
Queue size: 2
Visiting neighbor trace: 19
Intersection size: 1
Step: 0.009091
Tj part: 0.111111
Queue size: 2
Visiting neighbor trace: 20
Intersection size: 2
Step: 0.018182
Tj part: 0.222222
Queue size: 2
Visiting neighbor trace: 22
Intersection size: 2
Step: 0.018182
Tj part: 0.200000
Queue size: 2
Visiting neighbor trace: 23
Intersection size: 1
Step: 0.009091
Tj part: 0.111111
Queue size: 2
Visiting neighbor trace: 24
Intersection size: 2
Step: 0.018182
Tj part: 0.222222
Queue size: 2
Visiting neighbor trace: 25
Intersection size: 3
Step: 0.027273
Tj part: 0.250000
Queue size: 2
Visiting neighbor trace: 26
Intersection size: 2
Step: 0.018182
Tj part: 0.222222
Queue size: 2
Visiting neighbor trace: 29
Intersection size: 1
Step: 0.009091
Tj part: 0.111111
Queue size: 2
Visiting neighbor trace: 30
Intersection size: 1
Step: 0.009091
Tj part: 0.142857
Queue size: 2
Visiting neighbor trace: 31
Intersection size: 1
Step: 0.009091
Tj part: 0.090909
Queue size: 2
Visiting neighbor trace: 32
Intersection size: 1
Step: 0.009091
Tj part: 0.111111
Queue size: 2
Visiting neighbor trace: 33
Intersection size: 1
Step: 0.009091
Tj part: 0.076923
Queue size: 2
Visiting neighbor trace: 34
Intersection size: 3
Step: 0.027273
Tj part: 0.272727
Queue size: 2
Visiting neighbor trace: 36
Intersection size: 2
Step: 0.018182
Tj part: 0.181818
Queue size: 2
Visiting neighbor trace: 37
Intersection size: 1
Step: 0.009091
Tj part: 0.100000
Queue size: 2
Visiting neighbor trace: 6
Intersection size: 1
Step: 0.009091
Tj part: 0.089514
Queue size: 2
Visiting neighbor trace: 8
Intersection size: 1
Step: 0.009091
Tj part: 0.085205
Queue size: 2
Visiting neighbor trace: 7
Intersection size: 1
Step: 0.009091
Tj part: 0.092962
Queue size: 2
Visiting neighbor trace: 28
Intersection size: 1
Step: 0.009091
Tj part: 0.090909
Queue size: 2
Current trace: 36 with activation 0.100000
Visited neighbors: 26
Visiting neighbor trace: 1
Intersection size: 1
Step: 0.009091
Tj part: 0.125000
Queue size: 1
Visiting neighbor trace: 5
Intersection size: 1
Step: 0.009091
Tj part: 0.108342
Queue size: 1
Visiting neighbor trace: 11
Intersection size: 1
Step: 0.009091
Tj part: 0.125000
Queue size: 1
Visiting neighbor trace: 13
Intersection size: 1
Step: 0.009091
Tj part: 0.076923
Queue size: 1
Visiting neighbor trace: 15
Intersection size: 1
Step: 0.009091
Tj part: 0.083333
Queue size: 1
Visiting neighbor trace: 16
Intersection size: 1
Step: 0.009091
Tj part: 0.071429
Queue size: 1
Visiting neighbor trace: 17
Intersection size: 2
Step: 0.018182
Tj part: 0.250000
Queue size: 1
Visiting neighbor trace: 19
Intersection size: 1
Step: 0.009091
Tj part: 0.111111
Queue size: 1
Visiting neighbor trace: 20
Intersection size: 2
Step: 0.018182
Tj part: 0.222222
Queue size: 1
Visiting neighbor trace: 22
Intersection size: 1
Step: 0.009091
Tj part: 0.100000
Queue size: 1
Visiting neighbor trace: 23
Intersection size: 1
Step: 0.009091
Tj part: 0.111111
Queue size: 1
Visiting neighbor trace: 24
Intersection size: 1
Step: 0.009091
Tj part: 0.111111
Queue size: 1
Visiting neighbor trace: 25
Intersection size: 2
Step: 0.018182
Tj part: 0.166667
Queue size: 1
Visiting neighbor trace: 26
Intersection size: 1
Step: 0.009091
Tj part: 0.111111
Queue size: 1
Visiting neighbor trace: 29
Intersection size: 2
Step: 0.018182
Tj part: 0.222222
Queue size: 1
Visiting neighbor trace: 30
Intersection size: 1
Step: 0.009091
Tj part: 0.142857
Queue size: 1
Visiting neighbor trace: 31
Intersection size: 2
Step: 0.018182
Tj part: 0.181818
Queue size: 1
Visiting neighbor trace: 32
Intersection size: 2
Step: 0.018182
Tj part: 0.222222
Queue size: 1
Visiting neighbor trace: 33
Intersection size: 1
Step: 0.009091
Tj part: 0.076923
Queue size: 1
Visiting neighbor trace: 34
Intersection size: 1
Step: 0.009091
Tj part: 0.090909
Queue size: 1
Visiting neighbor trace: 35
Intersection size: 2
Step: 0.018182
Tj part: 0.181818
Queue size: 1
Visiting neighbor trace: 37
Intersection size: 1
Step: 0.009091
Tj part: 0.100000
Queue size: 1
Visiting neighbor trace: 9
Intersection size: 1
Step: 0.009091
Tj part: 0.125000
Queue size: 1
Visiting neighbor trace: 21
Intersection size: 1
Step: 0.009091
Tj part: 0.111111
Queue size: 1
Visiting neighbor trace: 27
Intersection size: 2
Step: 0.018182
Tj part: 0.222222
Queue size: 1
Visiting neighbor trace: 28
Intersection size: 1
Step: 0.009091
Tj part: 0.090909
Queue size: 1
Current trace: 7 with activation 0.100000
Visited neighbors: 5
Visiting neighbor trace: 24
Intersection size: 1
Step: 0.014286
Tj part: 0.111111
Queue size: 0
Visiting neighbor trace: 34
Intersection size: 2
Step: 0.028571
Tj part: 0.181818
Queue size: 0
Visiting neighbor trace: 37
Intersection size: 1
Step: 0.014286
Tj part: 0.100000
Queue size: 0
Visiting neighbor trace: 28
Intersection size: 1
Step: 0.014286
Tj part: 0.090909
Queue size: 0
Visiting neighbor trace: 35
Intersection size: 1
Step: 0.014286
Tj part: 0.090909
Queue size: 0
Propagated trace for words: 10
Pruned traces for words: 10
Predicted understanding for words: 10
Processed words: 10
Error: 0.803187
Updating proficiency for words: 11
Adding trace for words: 11
Added trace for words: 11
Propagating trace: 38 with activation 1.000000
Current trace: 38 with activation 1.000000
Visited neighbors: 25
Visiting neighbor trace: 17
Intersection size: 1
Step: 0.090909
Tj part: 0.125000
Queue size: 0
Visiting neighbor trace: 1
Intersection size: 1
Step: 0.090909
Tj part: 0.125000
Queue size: 0
Visiting neighbor trace: 13
Intersection size: 1
Step: 0.090909
Tj part: 0.076923
Queue size: 1
Visiting neighbor trace: 5
Intersection size: 1
Step: 0.090909
Tj part: 0.108342
Queue size: 1
Visiting neighbor trace: 19
Intersection size: 2
Step: 0.181818
Tj part: 0.222222
Queue size: 1
Visiting neighbor trace: 11
Intersection size: 1
Step: 0.090909
Tj part: 0.125000
Queue size: 1
Visiting neighbor trace: 15
Intersection size: 1
Step: 0.090909
Tj part: 0.083333
Queue size: 2
Visiting neighbor trace: 16
Intersection size: 1
Step: 0.090909
Tj part: 0.071429
Queue size: 3
Visiting neighbor trace: 20
Intersection size: 1
Step: 0.090909
Tj part: 0.111111
Queue size: 3
Visiting neighbor trace: 22
Intersection size: 1
Step: 0.090909
Tj part: 0.100000
Queue size: 3
Visiting neighbor trace: 23
Intersection size: 1
Step: 0.090909
Tj part: 0.111111
Queue size: 3
Visiting neighbor trace: 24
Intersection size: 2
Step: 0.181818
Tj part: 0.222222
Queue size: 3
Visiting neighbor trace: 25
Intersection size: 1
Step: 0.090909
Tj part: 0.083333
Queue size: 4
Visiting neighbor trace: 26
Intersection size: 1
Step: 0.090909
Tj part: 0.111111
Queue size: 4
Visiting neighbor trace: 29
Intersection size: 1
Step: 0.090909
Tj part: 0.111111
Queue size: 4
Visiting neighbor trace: 30
Intersection size: 1
Step: 0.090909
Tj part: 0.142857
Queue size: 4
Visiting neighbor trace: 31
Intersection size: 1
Step: 0.090909
Tj part: 0.090909
Queue size: 4
Visiting neighbor trace: 32
Intersection size: 1
Step: 0.090909
Tj part: 0.111111
Queue size: 4
Visiting neighbor trace: 33
Intersection size: 1
Step: 0.090909
Tj part: 0.076923
Queue size: 5
Visiting neighbor trace: 34
Intersection size: 3
Step: 0.272727
Tj part: 0.272727
Queue size: 5
Visiting neighbor trace: 35
Intersection size: 1
Step: 0.090909
Tj part: 0.090909
Queue size: 5
Visiting neighbor trace: 36
Intersection size: 1
Step: 0.090909
Tj part: 0.090909
Queue size: 5
Visiting neighbor trace: 37
Intersection size: 3
Step: 0.272727
Tj part: 0.300000
Queue size: 5
Visiting neighbor trace: 7
Intersection size: 2
Step: 0.181818
Tj part: 0.185924
Queue size: 5
Visiting neighbor trace: 3
Intersection size: 1
Step: 0.090909
Tj part: 0.102250
Queue size: 5
Current trace: 13 with activation 0.090909
Visited neighbors: 29
Visiting neighbor trace: 1
Intersection size: 3
Step: 0.020979
Tj part: 0.375000
Queue size: 4
Visiting neighbor trace: 3
Intersection size: 2
Step: 0.013986
Tj part: 0.204500
Queue size: 4
Visiting neighbor trace: 6
Intersection size: 1
Step: 0.006993
Tj part: 0.089514
Queue size: 4
Visiting neighbor trace: 9
Intersection size: 1
Step: 0.006993
Tj part: 0.125000
Queue size: 4
Visiting neighbor trace: 11
Intersection size: 3
Step: 0.020979
Tj part: 0.375000
Queue size: 4
Visiting neighbor trace: 19
Intersection size: 2
Step: 0.013986
Tj part: 0.222222
Queue size: 4
Visiting neighbor trace: 21
Intersection size: 1
Step: 0.006993
Tj part: 0.111111
Queue size: 4
Visiting neighbor trace: 27
Intersection size: 2
Step: 0.013986
Tj part: 0.222222
Queue size: 4
Visiting neighbor trace: 37
Intersection size: 2
Step: 0.013986
Tj part: 0.200000
Queue size: 4
Visiting neighbor trace: 5
Intersection size: 1
Step: 0.006993
Tj part: 0.108342
Queue size: 4
Visiting neighbor trace: 15
Intersection size: 1
Step: 0.006993
Tj part: 0.083333
Queue size: 4
Visiting neighbor trace: 16
Intersection size: 2
Step: 0.013986
Tj part: 0.142857
Queue size: 4
Visiting neighbor trace: 17
Intersection size: 1
Step: 0.006993
Tj part: 0.125000
Queue size: 4
Visiting neighbor trace: 20
Intersection size: 1
Step: 0.006993
Tj part: 0.111111
Queue size: 4
Visiting neighbor trace: 22
Intersection size: 3
Step: 0.020979
Tj part: 0.300000
Queue size: 4
Visiting neighbor trace: 23
Intersection size: 1
Step: 0.006993
Tj part: 0.111111
Queue size: 4
Visiting neighbor trace: 24
Intersection size: 1
Step: 0.006993
Tj part: 0.111111
Queue size: 4
Visiting neighbor trace: 25
Intersection size: 1
Step: 0.006993
Tj part: 0.083333
Queue size: 4
Visiting neighbor trace: 26
Intersection size: 2
Step: 0.013986
Tj part: 0.222222
Queue size: 4
Visiting neighbor trace: 29
Intersection size: 3
Step: 0.020979
Tj part: 0.333333
Queue size: 4
Visiting neighbor trace: 30
Intersection size: 2
Step: 0.013986
Tj part: 0.285714
Queue size: 4
Visiting neighbor trace: 31
Intersection size: 2
Step: 0.013986
Tj part: 0.181818
Queue size: 4
Visiting neighbor trace: 32
Intersection size: 2
Step: 0.013986
Tj part: 0.222222
Queue size: 4
Visiting neighbor trace: 33
Intersection size: 1
Step: 0.006993
Tj part: 0.076923
Queue size: 4
Visiting neighbor trace: 34
Intersection size: 1
Step: 0.006993
Tj part: 0.090909
Queue size: 4
Visiting neighbor trace: 35
Intersection size: 1
Step: 0.006993
Tj part: 0.090909
Queue size: 4
Visiting neighbor trace: 36
Intersection size: 1
Step: 0.006993
Tj part: 0.090909
Queue size: 4
Visiting neighbor trace: 38
Intersection size: 1
Step: 0.006993
Tj part: 0.090909
Queue size: 4
Visiting neighbor trace: 14
Intersection size: 2
Step: 0.013986
Tj part: 0.222222
Queue size: 4
Current trace: 15 with activation 0.090909
Visited neighbors: 24
Visiting neighbor trace: 1
Intersection size: 1
Step: 0.007576
Tj part: 0.125000
Queue size: 3
Visiting neighbor trace: 5
Intersection size: 1
Step: 0.007576
Tj part: 0.108342
Queue size: 3
Visiting neighbor trace: 11
Intersection size: 1
Step: 0.007576
Tj part: 0.125000
Queue size: 3
Visiting neighbor trace: 13
Intersection size: 1
Step: 0.007576
Tj part: 0.076923
Queue size: 3
Visiting neighbor trace: 16
Intersection size: 2
Step: 0.015152
Tj part: 0.142857
Queue size: 3
Visiting neighbor trace: 17
Intersection size: 2
Step: 0.015152
Tj part: 0.250000
Queue size: 3
Visiting neighbor trace: 19
Intersection size: 4
Step: 0.030303
Tj part: 0.444444
Queue size: 3
Visiting neighbor trace: 20
Intersection size: 1
Step: 0.007576
Tj part: 0.111111
Queue size: 3
Visiting neighbor trace: 22
Intersection size: 1
Step: 0.007576
Tj part: 0.100000
Queue size: 3
Visiting neighbor trace: 23
Intersection size: 2
Step: 0.015152
Tj part: 0.222222
Queue size: 3
Visiting neighbor trace: 24
Intersection size: 1
Step: 0.007576
Tj part: 0.111111
Queue size: 3
Visiting neighbor trace: 25
Intersection size: 2
Step: 0.015152
Tj part: 0.166667
Queue size: 3
Visiting neighbor trace: 26
Intersection size: 2
Step: 0.015152
Tj part: 0.222222
Queue size: 3
Visiting neighbor trace: 29
Intersection size: 1
Step: 0.007576
Tj part: 0.111111
Queue size: 3
Visiting neighbor trace: 30
Intersection size: 2
Step: 0.015152
Tj part: 0.285714
Queue size: 3
Visiting neighbor trace: 31
Intersection size: 2
Step: 0.015152
Tj part: 0.181818
Queue size: 3
Visiting neighbor trace: 32
Intersection size: 1
Step: 0.007576
Tj part: 0.111111
Queue size: 3
Visiting neighbor trace: 33
Intersection size: 3
Step: 0.022727
Tj part: 0.230769
Queue size: 3
Visiting neighbor trace: 34
Intersection size: 1
Step: 0.007576
Tj part: 0.090909
Queue size: 3
Visiting neighbor trace: 35
Intersection size: 1
Step: 0.007576
Tj part: 0.090909
Queue size: 3
Visiting neighbor trace: 36
Intersection size: 1
Step: 0.007576
Tj part: 0.090909
Queue size: 3
Visiting neighbor trace: 37
Intersection size: 3
Step: 0.022727
Tj part: 0.300000
Queue size: 3
Visiting neighbor trace: 38
Intersection size: 1
Step: 0.007576
Tj part: 0.090909
Queue size: 3
Visiting neighbor trace: 27
Intersection size: 1
Step: 0.007576
Tj part: 0.111111
Queue size: 3
Current trace: 16 with activation 0.090909
Visited neighbors: 27
Visiting neighbor trace: 1
Intersection size: 1
Step: 0.006494
Tj part: 0.125000
Queue size: 2
Visiting neighbor trace: 5
Intersection size: 1
Step: 0.006494
Tj part: 0.108342
Queue size: 2
Visiting neighbor trace: 11
Intersection size: 1
Step: 0.006494
Tj part: 0.125000
Queue size: 2
Visiting neighbor trace: 13
Intersection size: 2
Step: 0.012987
Tj part: 0.153846
Queue size: 2
Visiting neighbor trace: 15
Intersection size: 2
Step: 0.012987
Tj part: 0.166667
Queue size: 2
Visiting neighbor trace: 17
Intersection size: 1
Step: 0.006494
Tj part: 0.125000
Queue size: 2
Visiting neighbor trace: 19
Intersection size: 2
Step: 0.012987
Tj part: 0.222222
Queue size: 2
Visiting neighbor trace: 20
Intersection size: 3
Step: 0.019481
Tj part: 0.333333
Queue size: 2
Visiting neighbor trace: 22
Intersection size: 2
Step: 0.012987
Tj part: 0.200000
Queue size: 2
Visiting neighbor trace: 23
Intersection size: 1
Step: 0.006494
Tj part: 0.111111
Queue size: 2
Visiting neighbor trace: 24
Intersection size: 2
Step: 0.012987
Tj part: 0.222222
Queue size: 2
Visiting neighbor trace: 25
Intersection size: 3
Step: 0.019481
Tj part: 0.250000
Queue size: 2
Visiting neighbor trace: 26
Intersection size: 3
Step: 0.019481
Tj part: 0.333333
Queue size: 2
Visiting neighbor trace: 29
Intersection size: 1
Step: 0.006494
Tj part: 0.111111
Queue size: 2
Visiting neighbor trace: 30
Intersection size: 2
Step: 0.012987
Tj part: 0.285714
Queue size: 2
Visiting neighbor trace: 31
Intersection size: 1
Step: 0.006494
Tj part: 0.090909
Queue size: 2
Visiting neighbor trace: 32
Intersection size: 2
Step: 0.012987
Tj part: 0.222222
Queue size: 2
Visiting neighbor trace: 33
Intersection size: 2
Step: 0.012987
Tj part: 0.153846
Queue size: 2
Visiting neighbor trace: 34
Intersection size: 1
Step: 0.006494
Tj part: 0.090909
Queue size: 2
Visiting neighbor trace: 35
Intersection size: 2
Step: 0.012987
Tj part: 0.181818
Queue size: 2
Visiting neighbor trace: 36
Intersection size: 1
Step: 0.006494
Tj part: 0.090909
Queue size: 2
Visiting neighbor trace: 37
Intersection size: 2
Step: 0.012987
Tj part: 0.200000
Queue size: 2
Visiting neighbor trace: 38
Intersection size: 1
Step: 0.006494
Tj part: 0.090909
Queue size: 2
Visiting neighbor trace: 2
Intersection size: 1
Step: 0.006494
Tj part: 0.093178
Queue size: 2
Visiting neighbor trace: 6
Intersection size: 1
Step: 0.006494
Tj part: 0.089514
Queue size: 2
Visiting neighbor trace: 8
Intersection size: 1
Step: 0.006494
Tj part: 0.085205
Queue size: 2
Visiting neighbor trace: 27
Intersection size: 1
Step: 0.006494
Tj part: 0.111111
Queue size: 2
Current trace: 25 with activation 0.090909
Visited neighbors: 30
Visiting neighbor trace: 1
Intersection size: 1
Step: 0.007576
Tj part: 0.125000
Queue size: 1
Visiting neighbor trace: 5
Intersection size: 1
Step: 0.007576
Tj part: 0.108342
Queue size: 1
Visiting neighbor trace: 11
Intersection size: 1
Step: 0.007576
Tj part: 0.125000
Queue size: 1
Visiting neighbor trace: 13
Intersection size: 1
Step: 0.007576
Tj part: 0.076923
Queue size: 1
Visiting neighbor trace: 15
Intersection size: 2
Step: 0.015152
Tj part: 0.166667
Queue size: 1
Visiting neighbor trace: 16
Intersection size: 3
Step: 0.022727
Tj part: 0.214286
Queue size: 1
Visiting neighbor trace: 17
Intersection size: 2
Step: 0.015152
Tj part: 0.250000
Queue size: 1
Visiting neighbor trace: 19
Intersection size: 2
Step: 0.015152
Tj part: 0.222222
Queue size: 1
Visiting neighbor trace: 20
Intersection size: 4
Step: 0.030303
Tj part: 0.444444
Queue size: 1
Visiting neighbor trace: 22
Intersection size: 2
Step: 0.015152
Tj part: 0.200000
Queue size: 1
Visiting neighbor trace: 23
Intersection size: 1
Step: 0.007576
Tj part: 0.111111
Queue size: 1
Visiting neighbor trace: 24
Intersection size: 2
Step: 0.015152
Tj part: 0.222222
Queue size: 1
Visiting neighbor trace: 26
Intersection size: 2
Step: 0.015152
Tj part: 0.222222
Queue size: 1
Visiting neighbor trace: 29
Intersection size: 3
Step: 0.022727
Tj part: 0.333333
Queue size: 1
Visiting neighbor trace: 30
Intersection size: 1
Step: 0.007576
Tj part: 0.142857
Queue size: 1
Visiting neighbor trace: 31
Intersection size: 1
Step: 0.007576
Tj part: 0.090909
Queue size: 1
Visiting neighbor trace: 32
Intersection size: 1
Step: 0.007576
Tj part: 0.111111
Queue size: 1
Visiting neighbor trace: 33
Intersection size: 2
Step: 0.015152
Tj part: 0.153846
Queue size: 1
Visiting neighbor trace: 34
Intersection size: 1
Step: 0.007576
Tj part: 0.090909
Queue size: 1
Visiting neighbor trace: 35
Intersection size: 3
Step: 0.022727
Tj part: 0.272727
Queue size: 1
Visiting neighbor trace: 36
Intersection size: 2
Step: 0.015152
Tj part: 0.181818
Queue size: 1
Visiting neighbor trace: 37
Intersection size: 2
Step: 0.015152
Tj part: 0.200000
Queue size: 1
Visiting neighbor trace: 38
Intersection size: 1
Step: 0.007576
Tj part: 0.090909
Queue size: 1
Visiting neighbor trace: 12
Intersection size: 1
Step: 0.007576
Tj part: 0.125000
Queue size: 1
Visiting neighbor trace: 14
Intersection size: 1
Step: 0.007576
Tj part: 0.111111
Queue size: 1
Visiting neighbor trace: 9
Intersection size: 1
Step: 0.007576
Tj part: 0.125000
Queue size: 1
Visiting neighbor trace: 21
Intersection size: 2
Step: 0.015152
Tj part: 0.222222
Queue size: 1
Visiting neighbor trace: 27
Intersection size: 1
Step: 0.007576
Tj part: 0.111111
Queue size: 1
Visiting neighbor trace: 6
Intersection size: 1
Step: 0.007576
Tj part: 0.089514
Queue size: 1
Visiting neighbor trace: 8
Intersection size: 1
Step: 0.007576
Tj part: 0.085205
Queue size: 1
Current trace: 33 with activation 0.090909
Visited neighbors: 27
Visiting neighbor trace: 1
Intersection size: 1
Step: 0.006993
Tj part: 0.125000
Queue size: 0
Visiting neighbor trace: 5
Intersection size: 1
Step: 0.006993
Tj part: 0.108342
Queue size: 0
Visiting neighbor trace: 11
Intersection size: 1
Step: 0.006993
Tj part: 0.125000
Queue size: 0
Visiting neighbor trace: 13
Intersection size: 1
Step: 0.006993
Tj part: 0.076923
Queue size: 0
Visiting neighbor trace: 15
Intersection size: 3
Step: 0.020979
Tj part: 0.250000
Queue size: 0
Visiting neighbor trace: 16
Intersection size: 2
Step: 0.013986
Tj part: 0.142857
Queue size: 0
Visiting neighbor trace: 17
Intersection size: 1
Step: 0.006993
Tj part: 0.125000
Queue size: 0
Visiting neighbor trace: 19
Intersection size: 5
Step: 0.034965
Tj part: 0.555556
Queue size: 0
Visiting neighbor trace: 20
Intersection size: 1
Step: 0.006993
Tj part: 0.111111
Queue size: 0
Visiting neighbor trace: 22
Intersection size: 1
Step: 0.006993
Tj part: 0.100000
Queue size: 0
Visiting neighbor trace: 23
Intersection size: 4
Step: 0.027972
Tj part: 0.444444
Queue size: 0
Visiting neighbor trace: 24
Intersection size: 2
Step: 0.013986
Tj part: 0.222222
Queue size: 0
Visiting neighbor trace: 25
Intersection size: 2
Step: 0.013986
Tj part: 0.166667
Queue size: 0
Visiting neighbor trace: 26
Intersection size: 2
Step: 0.013986
Tj part: 0.222222
Queue size: 0
Visiting neighbor trace: 29
Intersection size: 1
Step: 0.006993
Tj part: 0.111111
Queue size: 0
Visiting neighbor trace: 30
Intersection size: 1
Step: 0.006993
Tj part: 0.142857
Queue size: 0
Visiting neighbor trace: 31
Intersection size: 1
Step: 0.006993
Tj part: 0.090909
Queue size: 0
Visiting neighbor trace: 32
Intersection size: 2
Step: 0.013986
Tj part: 0.222222
Queue size: 0
Visiting neighbor trace: 34
Intersection size: 2
Step: 0.013986
Tj part: 0.181818
Queue size: 0
Visiting neighbor trace: 35
Intersection size: 1
Step: 0.006993
Tj part: 0.090909
Queue size: 0
Visiting neighbor trace: 36
Intersection size: 1
Step: 0.006993
Tj part: 0.090909
Queue size: 0
Visiting neighbor trace: 37
Intersection size: 2
Step: 0.013986
Tj part: 0.200000
Queue size: 0
Visiting neighbor trace: 38
Intersection size: 1
Step: 0.006993
Tj part: 0.090909
Queue size: 0
Visiting neighbor trace: 14
Intersection size: 1
Step: 0.006993
Tj part: 0.111111
Queue size: 0
Visiting neighbor trace: 3
Intersection size: 1
Step: 0.006993
Tj part: 0.102250
Queue size: 0
Visiting neighbor trace: 2
Intersection size: 1
Step: 0.006993
Tj part: 0.093178
Queue size: 0
Visiting neighbor trace: 28
Intersection size: 1
Step: 0.006993
Tj part: 0.090909
Queue size: 0
Propagated trace for words: 11
Pruned traces for words: 11
Predicted understanding for words: 11
Processed words: 11
Error: 0.834853
Updating proficiency for words: 15
Adding trace for words: 15
Added trace for words: 15
Propagating trace: 39 with activation 1.000000
Current trace: 39 with activation 1.000000
Visited neighbors: 27
Visiting neighbor trace: 17
Intersection size: 2
Step: 0.133333
Tj part: 0.250000
Queue size: 0
Visiting neighbor trace: 1
Intersection size: 1
Step: 0.066667
Tj part: 0.125000
Queue size: 0
Visiting neighbor trace: 13
Intersection size: 1
Step: 0.066667
Tj part: 0.076923
Queue size: 0
Visiting neighbor trace: 5
Intersection size: 1
Step: 0.066667
Tj part: 0.108342
Queue size: 0
Visiting neighbor trace: 19
Intersection size: 1
Step: 0.066667
Tj part: 0.111111
Queue size: 0
Visiting neighbor trace: 11
Intersection size: 1
Step: 0.066667
Tj part: 0.125000
Queue size: 0
Visiting neighbor trace: 15
Intersection size: 2
Step: 0.133333
Tj part: 0.166667
Queue size: 0
Visiting neighbor trace: 16
Intersection size: 1
Step: 0.066667
Tj part: 0.071429
Queue size: 0
Visiting neighbor trace: 20
Intersection size: 1
Step: 0.066667
Tj part: 0.111111
Queue size: 0
Visiting neighbor trace: 22
Intersection size: 1
Step: 0.066667
Tj part: 0.100000
Queue size: 0
Visiting neighbor trace: 23
Intersection size: 1
Step: 0.066667
Tj part: 0.111111
Queue size: 0
Visiting neighbor trace: 24
Intersection size: 2
Step: 0.133333
Tj part: 0.222222
Queue size: 0
Visiting neighbor trace: 25
Intersection size: 1
Step: 0.066667
Tj part: 0.083333
Queue size: 0
Visiting neighbor trace: 26
Intersection size: 2
Step: 0.133333
Tj part: 0.222222
Queue size: 0
Visiting neighbor trace: 29
Intersection size: 2
Step: 0.133333
Tj part: 0.222222
Queue size: 0
Visiting neighbor trace: 30
Intersection size: 2
Step: 0.133333
Tj part: 0.285714
Queue size: 0
Visiting neighbor trace: 31
Intersection size: 1
Step: 0.066667
Tj part: 0.090909
Queue size: 0
Visiting neighbor trace: 32
Intersection size: 1
Step: 0.066667
Tj part: 0.111111
Queue size: 0
Visiting neighbor trace: 33
Intersection size: 1
Step: 0.066667
Tj part: 0.076923
Queue size: 0
Visiting neighbor trace: 34
Intersection size: 2
Step: 0.133333
Tj part: 0.181818
Queue size: 0
Visiting neighbor trace: 35
Intersection size: 3
Step: 0.200000
Tj part: 0.272727
Queue size: 0
Visiting neighbor trace: 36
Intersection size: 1
Step: 0.066667
Tj part: 0.090909
Queue size: 0
Visiting neighbor trace: 37
Intersection size: 1
Step: 0.066667
Tj part: 0.100000
Queue size: 0
Visiting neighbor trace: 38
Intersection size: 3
Step: 0.200000
Tj part: 0.272727
Queue size: 0
Visiting neighbor trace: 27
Intersection size: 1
Step: 0.066667
Tj part: 0.111111
Queue size: 0
Visiting neighbor trace: 7
Intersection size: 2
Step: 0.133333
Tj part: 0.185924
Queue size: 0
Visiting neighbor trace: 28
Intersection size: 1
Step: 0.066667
Tj part: 0.090909
Queue size: 0
Propagated trace for words: 15
Pruned traces for words: 15
Predicted understanding for words: 15
Processed words: 15
Error: 0.828679
Updating proficiency for words: 11
Adding trace for words: 11
Added trace for words: 11
Propagating trace: 40 with activation 1.000000
Current trace: 40 with activation 1.000000
Visited neighbors: 16
Visiting neighbor trace: 9
Intersection size: 1
Step: 0.090909
Tj part: 0.125000
Queue size: 0
Visiting neighbor trace: 1
Intersection size: 1
Step: 0.090909
Tj part: 0.125000
Queue size: 0
Visiting neighbor trace: 19
Intersection size: 2
Step: 0.181818
Tj part: 0.222222
Queue size: 0
Visiting neighbor trace: 11
Intersection size: 1
Step: 0.090909
Tj part: 0.125000
Queue size: 0
Visiting neighbor trace: 3
Intersection size: 1
Step: 0.090909
Tj part: 0.102250
Queue size: 0
Visiting neighbor trace: 6
Intersection size: 1
Step: 0.090909
Tj part: 0.089514
Queue size: 1
Visiting neighbor trace: 21
Intersection size: 1
Step: 0.090909
Tj part: 0.111111
Queue size: 1
Visiting neighbor trace: 13
Intersection size: 1
Step: 0.090909
Tj part: 0.076923
Queue size: 2
Visiting neighbor trace: 27
Intersection size: 1
Step: 0.090909
Tj part: 0.111111
Queue size: 2
Visiting neighbor trace: 37
Intersection size: 2
Step: 0.181818
Tj part: 0.200000
Queue size: 2
Visiting neighbor trace: 15
Intersection size: 1
Step: 0.090909
Tj part: 0.083333
Queue size: 3
Visiting neighbor trace: 23
Intersection size: 2
Step: 0.181818
Tj part: 0.222222
Queue size: 3
Visiting neighbor trace: 33
Intersection size: 1
Step: 0.090909
Tj part: 0.076923
Queue size: 4
Visiting neighbor trace: 12
Intersection size: 1
Step: 0.090909
Tj part: 0.125000
Queue size: 4
Visiting neighbor trace: 34
Intersection size: 1
Step: 0.090909
Tj part: 0.090909
Queue size: 4
Visiting neighbor trace: 35
Intersection size: 1
Step: 0.090909
Tj part: 0.090909
Queue size: 4
Current trace: 6 with activation 0.090909
Visited neighbors: 18
Visiting neighbor trace: 1
Intersection size: 1
Step: 0.010101
Tj part: 0.125000
Queue size: 3
Visiting neighbor trace: 3
Intersection size: 1
Step: 0.010101
Tj part: 0.102250
Queue size: 3
Visiting neighbor trace: 9
Intersection size: 1
Step: 0.010101
Tj part: 0.125000
Queue size: 3
Visiting neighbor trace: 11
Intersection size: 1
Step: 0.010101
Tj part: 0.125000
Queue size: 3
Visiting neighbor trace: 13
Intersection size: 1
Step: 0.010101
Tj part: 0.076923
Queue size: 3
Visiting neighbor trace: 19
Intersection size: 1
Step: 0.010101
Tj part: 0.111111
Queue size: 3
Visiting neighbor trace: 21
Intersection size: 1
Step: 0.010101
Tj part: 0.111111
Queue size: 3
Visiting neighbor trace: 27
Intersection size: 1
Step: 0.010101
Tj part: 0.111111
Queue size: 3
Visiting neighbor trace: 37
Intersection size: 1
Step: 0.010101
Tj part: 0.100000
Queue size: 3
Visiting neighbor trace: 40
Intersection size: 1
Step: 0.010101
Tj part: 0.090909
Queue size: 3
Visiting neighbor trace: 17
Intersection size: 1
Step: 0.010101
Tj part: 0.125000
Queue size: 3
Visiting neighbor trace: 22
Intersection size: 2
Step: 0.020202
Tj part: 0.200000
Queue size: 3
Visiting neighbor trace: 8
Intersection size: 1
Step: 0.010101
Tj part: 0.085205
Queue size: 3
Visiting neighbor trace: 16
Intersection size: 1
Step: 0.010101
Tj part: 0.071429
Queue size: 3
Visiting neighbor trace: 20
Intersection size: 1
Step: 0.010101
Tj part: 0.111111
Queue size: 3
Visiting neighbor trace: 25
Intersection size: 1
Step: 0.010101
Tj part: 0.083333
Queue size: 3
Visiting neighbor trace: 26
Intersection size: 1
Step: 0.010101
Tj part: 0.111111
Queue size: 3
Visiting neighbor trace: 35
Intersection size: 1
Step: 0.010101
Tj part: 0.090909
Queue size: 3
Current trace: 13 with activation 0.090909
Visited neighbors: 31
Visiting neighbor trace: 1
Intersection size: 3
Step: 0.020979
Tj part: 0.375000
Queue size: 2
Visiting neighbor trace: 3
Intersection size: 2
Step: 0.013986
Tj part: 0.204500
Queue size: 2
Visiting neighbor trace: 6
Intersection size: 1
Step: 0.006993
Tj part: 0.089669
Queue size: 2
Visiting neighbor trace: 9
Intersection size: 1
Step: 0.006993
Tj part: 0.125000
Queue size: 2
Visiting neighbor trace: 11
Intersection size: 3
Step: 0.020979
Tj part: 0.375000
Queue size: 2
Visiting neighbor trace: 19
Intersection size: 2
Step: 0.013986
Tj part: 0.222222
Queue size: 2
Visiting neighbor trace: 21
Intersection size: 1
Step: 0.006993
Tj part: 0.111111
Queue size: 2
Visiting neighbor trace: 27
Intersection size: 2
Step: 0.013986
Tj part: 0.222222
Queue size: 2
Visiting neighbor trace: 37
Intersection size: 2
Step: 0.013986
Tj part: 0.200000
Queue size: 2
Visiting neighbor trace: 40
Intersection size: 1
Step: 0.006993
Tj part: 0.090909
Queue size: 2
Visiting neighbor trace: 5
Intersection size: 1
Step: 0.006993
Tj part: 0.108342
Queue size: 2
Visiting neighbor trace: 15
Intersection size: 1
Step: 0.006993
Tj part: 0.083333
Queue size: 2
Visiting neighbor trace: 16
Intersection size: 2
Step: 0.013986
Tj part: 0.142857
Queue size: 2
Visiting neighbor trace: 17
Intersection size: 1
Step: 0.006993
Tj part: 0.125000
Queue size: 2
Visiting neighbor trace: 20
Intersection size: 1
Step: 0.006993
Tj part: 0.111111
Queue size: 2
Visiting neighbor trace: 22
Intersection size: 3
Step: 0.020979
Tj part: 0.300000
Queue size: 2
Visiting neighbor trace: 23
Intersection size: 1
Step: 0.006993
Tj part: 0.111111
Queue size: 2
Visiting neighbor trace: 24
Intersection size: 1
Step: 0.006993
Tj part: 0.111111
Queue size: 2
Visiting neighbor trace: 25
Intersection size: 1
Step: 0.006993
Tj part: 0.083333
Queue size: 2
Visiting neighbor trace: 26
Intersection size: 2
Step: 0.013986
Tj part: 0.222222
Queue size: 2
Visiting neighbor trace: 29
Intersection size: 3
Step: 0.020979
Tj part: 0.333333
Queue size: 2
Visiting neighbor trace: 30
Intersection size: 2
Step: 0.013986
Tj part: 0.285714
Queue size: 2
Visiting neighbor trace: 31
Intersection size: 2
Step: 0.013986
Tj part: 0.181818
Queue size: 2
Visiting neighbor trace: 32
Intersection size: 2
Step: 0.013986
Tj part: 0.222222
Queue size: 2
Visiting neighbor trace: 33
Intersection size: 1
Step: 0.006993
Tj part: 0.076923
Queue size: 2
Visiting neighbor trace: 34
Intersection size: 1
Step: 0.006993
Tj part: 0.090909
Queue size: 2
Visiting neighbor trace: 35
Intersection size: 1
Step: 0.006993
Tj part: 0.090909
Queue size: 2
Visiting neighbor trace: 36
Intersection size: 1
Step: 0.006993
Tj part: 0.090909
Queue size: 2
Visiting neighbor trace: 38
Intersection size: 1
Step: 0.006993
Tj part: 0.090909
Queue size: 2
Visiting neighbor trace: 39
Intersection size: 1
Step: 0.006993
Tj part: 0.066667
Queue size: 2
Visiting neighbor trace: 14
Intersection size: 2
Step: 0.013986
Tj part: 0.222222
Queue size: 2
Current trace: 15 with activation 0.090909
Visited neighbors: 26
Visiting neighbor trace: 1
Intersection size: 1
Step: 0.007576
Tj part: 0.125000
Queue size: 1
Visiting neighbor trace: 5
Intersection size: 1
Step: 0.007576
Tj part: 0.108342
Queue size: 1
Visiting neighbor trace: 11
Intersection size: 1
Step: 0.007576
Tj part: 0.125000
Queue size: 1
Visiting neighbor trace: 13
Intersection size: 1
Step: 0.007576
Tj part: 0.076923
Queue size: 1
Visiting neighbor trace: 16
Intersection size: 2
Step: 0.015152
Tj part: 0.142857
Queue size: 1
Visiting neighbor trace: 17
Intersection size: 2
Step: 0.015152
Tj part: 0.250000
Queue size: 1
Visiting neighbor trace: 19
Intersection size: 4
Step: 0.030303
Tj part: 0.444444
Queue size: 1
Visiting neighbor trace: 20
Intersection size: 1
Step: 0.007576
Tj part: 0.111111
Queue size: 1
Visiting neighbor trace: 22
Intersection size: 1
Step: 0.007576
Tj part: 0.100000
Queue size: 1
Visiting neighbor trace: 23
Intersection size: 2
Step: 0.015152
Tj part: 0.222222
Queue size: 1
Visiting neighbor trace: 24
Intersection size: 1
Step: 0.007576
Tj part: 0.111111
Queue size: 1
Visiting neighbor trace: 25
Intersection size: 2
Step: 0.015152
Tj part: 0.166667
Queue size: 1
Visiting neighbor trace: 26
Intersection size: 2
Step: 0.015152
Tj part: 0.222222
Queue size: 1
Visiting neighbor trace: 29
Intersection size: 1
Step: 0.007576
Tj part: 0.111111
Queue size: 1
Visiting neighbor trace: 30
Intersection size: 2
Step: 0.015152
Tj part: 0.285714
Queue size: 1
Visiting neighbor trace: 31
Intersection size: 2
Step: 0.015152
Tj part: 0.181818
Queue size: 1
Visiting neighbor trace: 32
Intersection size: 1
Step: 0.007576
Tj part: 0.111111
Queue size: 1
Visiting neighbor trace: 33
Intersection size: 3
Step: 0.022727
Tj part: 0.230769
Queue size: 1
Visiting neighbor trace: 34
Intersection size: 1
Step: 0.007576
Tj part: 0.090909
Queue size: 1
Visiting neighbor trace: 35
Intersection size: 1
Step: 0.007576
Tj part: 0.090909
Queue size: 1
Visiting neighbor trace: 36
Intersection size: 1
Step: 0.007576
Tj part: 0.090909
Queue size: 1
Visiting neighbor trace: 37
Intersection size: 3
Step: 0.022727
Tj part: 0.300000
Queue size: 1
Visiting neighbor trace: 38
Intersection size: 1
Step: 0.007576
Tj part: 0.090909
Queue size: 1
Visiting neighbor trace: 39
Intersection size: 2
Step: 0.015152
Tj part: 0.133333
Queue size: 1
Visiting neighbor trace: 27
Intersection size: 1
Step: 0.007576
Tj part: 0.111111
Queue size: 1
Visiting neighbor trace: 40
Intersection size: 1
Step: 0.007576
Tj part: 0.090909
Queue size: 1
Current trace: 33 with activation 0.090909
Visited neighbors: 29
Visiting neighbor trace: 1
Intersection size: 1
Step: 0.006993
Tj part: 0.125000
Queue size: 0
Visiting neighbor trace: 5
Intersection size: 1
Step: 0.006993
Tj part: 0.108342
Queue size: 0
Visiting neighbor trace: 11
Intersection size: 1
Step: 0.006993
Tj part: 0.125000
Queue size: 0
Visiting neighbor trace: 13
Intersection size: 1
Step: 0.006993
Tj part: 0.076923
Queue size: 0
Visiting neighbor trace: 15
Intersection size: 3
Step: 0.020979
Tj part: 0.250000
Queue size: 0
Visiting neighbor trace: 16
Intersection size: 2
Step: 0.013986
Tj part: 0.142857
Queue size: 0
Visiting neighbor trace: 17
Intersection size: 1
Step: 0.006993
Tj part: 0.125000
Queue size: 0
Visiting neighbor trace: 19
Intersection size: 5
Step: 0.034965
Tj part: 0.555556
Queue size: 0
Visiting neighbor trace: 20
Intersection size: 1
Step: 0.006993
Tj part: 0.111111
Queue size: 0
Visiting neighbor trace: 22
Intersection size: 1
Step: 0.006993
Tj part: 0.100000
Queue size: 0
Visiting neighbor trace: 23
Intersection size: 4
Step: 0.027972
Tj part: 0.444444
Queue size: 0
Visiting neighbor trace: 24
Intersection size: 2
Step: 0.013986
Tj part: 0.222222
Queue size: 0
Visiting neighbor trace: 25
Intersection size: 2
Step: 0.013986
Tj part: 0.166667
Queue size: 0
Visiting neighbor trace: 26
Intersection size: 2
Step: 0.013986
Tj part: 0.222222
Queue size: 0
Visiting neighbor trace: 29
Intersection size: 1
Step: 0.006993
Tj part: 0.111111
Queue size: 0
Visiting neighbor trace: 30
Intersection size: 1
Step: 0.006993
Tj part: 0.142857
Queue size: 0
Visiting neighbor trace: 31
Intersection size: 1
Step: 0.006993
Tj part: 0.090909
Queue size: 0
Visiting neighbor trace: 32
Intersection size: 2
Step: 0.013986
Tj part: 0.222222
Queue size: 0
Visiting neighbor trace: 34
Intersection size: 2
Step: 0.013986
Tj part: 0.181818
Queue size: 0
Visiting neighbor trace: 35
Intersection size: 1
Step: 0.006993
Tj part: 0.090909
Queue size: 0
Visiting neighbor trace: 36
Intersection size: 1
Step: 0.006993
Tj part: 0.090909
Queue size: 0
Visiting neighbor trace: 37
Intersection size: 2
Step: 0.013986
Tj part: 0.200000
Queue size: 0
Visiting neighbor trace: 38
Intersection size: 1
Step: 0.006993
Tj part: 0.090909
Queue size: 0
Visiting neighbor trace: 39
Intersection size: 1
Step: 0.006993
Tj part: 0.066667
Queue size: 0
Visiting neighbor trace: 14
Intersection size: 1
Step: 0.006993
Tj part: 0.111111
Queue size: 0
Visiting neighbor trace: 40
Intersection size: 1
Step: 0.006993
Tj part: 0.090909
Queue size: 0
Visiting neighbor trace: 3
Intersection size: 1
Step: 0.006993
Tj part: 0.102250
Queue size: 0
Visiting neighbor trace: 2
Intersection size: 1
Step: 0.006993
Tj part: 0.093178
Queue size: 0
Visiting neighbor trace: 28
Intersection size: 1
Step: 0.006993
Tj part: 0.090909
Queue size: 0
Propagated trace for words: 11
Pruned traces for words: 11
Predicted understanding for words: 11
Processed words: 11
Error: 0.838354
Updating proficiency for words: 12
Adding trace for words: 12
Added trace for words: 12
Propagating trace: 41 with activation 1.000000
Current trace: 41 with activation 1.000000
Visited neighbors: 33
Visiting neighbor trace: 9
Intersection size: 2
Step: 0.166667
Tj part: 0.238007
Queue size: 0
Visiting neighbor trace: 1
Intersection size: 2
Step: 0.166667
Tj part: 0.232432
Queue size: 0
Visiting neighbor trace: 19
Intersection size: 3
Step: 0.250000
Tj part: 0.333333
Queue size: 0
Visiting neighbor trace: 11
Intersection size: 2
Step: 0.166667
Tj part: 0.250000
Queue size: 0
Visiting neighbor trace: 3
Intersection size: 1
Step: 0.083333
Tj part: 0.097345
Queue size: 0
Visiting neighbor trace: 6
Intersection size: 2
Step: 0.166667
Tj part: 0.166735
Queue size: 0
Visiting neighbor trace: 21
Intersection size: 1
Step: 0.083333
Tj part: 0.111111
Queue size: 0
Visiting neighbor trace: 13
Intersection size: 2
Step: 0.166667
Tj part: 0.153846
Queue size: 1
Visiting neighbor trace: 27
Intersection size: 1
Step: 0.083333
Tj part: 0.111111
Queue size: 1
Visiting neighbor trace: 37
Intersection size: 3
Step: 0.250000
Tj part: 0.300000
Queue size: 1
Visiting neighbor trace: 40
Intersection size: 3
Step: 0.250000
Tj part: 0.272727
Queue size: 1
Visiting neighbor trace: 5
Intersection size: 1
Step: 0.083333
Tj part: 0.103145
Queue size: 1
Visiting neighbor trace: 15
Intersection size: 3
Step: 0.250000
Tj part: 0.250000
Queue size: 1
Visiting neighbor trace: 16
Intersection size: 1
Step: 0.083333
Tj part: 0.071429
Queue size: 2
Visiting neighbor trace: 17
Intersection size: 1
Step: 0.083333
Tj part: 0.125000
Queue size: 2
Visiting neighbor trace: 20
Intersection size: 1
Step: 0.083333
Tj part: 0.111111
Queue size: 2
Visiting neighbor trace: 22
Intersection size: 1
Step: 0.083333
Tj part: 0.100000
Queue size: 2
Visiting neighbor trace: 23
Intersection size: 2
Step: 0.166667
Tj part: 0.222222
Queue size: 2
Visiting neighbor trace: 24
Intersection size: 1
Step: 0.083333
Tj part: 0.111111
Queue size: 2
Visiting neighbor trace: 25
Intersection size: 1
Step: 0.083333
Tj part: 0.083333
Queue size: 2
Visiting neighbor trace: 26
Intersection size: 1
Step: 0.083333
Tj part: 0.111111
Queue size: 2
Visiting neighbor trace: 29
Intersection size: 1
Step: 0.083333
Tj part: 0.111111
Queue size: 2
Visiting neighbor trace: 30
Intersection size: 1
Step: 0.083333
Tj part: 0.142857
Queue size: 2
Visiting neighbor trace: 31
Intersection size: 1
Step: 0.083333
Tj part: 0.090909
Queue size: 2
Visiting neighbor trace: 32
Intersection size: 1
Step: 0.083333
Tj part: 0.111111
Queue size: 2
Visiting neighbor trace: 33
Intersection size: 2
Step: 0.166667
Tj part: 0.153846
Queue size: 3
Visiting neighbor trace: 34
Intersection size: 2
Step: 0.166667
Tj part: 0.181818
Queue size: 3
Visiting neighbor trace: 35
Intersection size: 1
Step: 0.083333
Tj part: 0.090909
Queue size: 3
Visiting neighbor trace: 36
Intersection size: 1
Step: 0.083333
Tj part: 0.090909
Queue size: 3
Visiting neighbor trace: 38
Intersection size: 2
Step: 0.166667
Tj part: 0.181818
Queue size: 3
Visiting neighbor trace: 39
Intersection size: 1
Step: 0.083333
Tj part: 0.066667
Queue size: 4
Visiting neighbor trace: 7
Intersection size: 1
Step: 0.083333
Tj part: 0.088502
Queue size: 4
Visiting neighbor trace: 2
Intersection size: 1
Step: 0.083333
Tj part: 0.086630
Queue size: 4
Current trace: 13 with activation 0.166667
Visited neighbors: 32
Visiting neighbor trace: 1
Intersection size: 3
Step: 0.038462
Tj part: 0.348648
Queue size: 3
Visiting neighbor trace: 3
Intersection size: 2
Step: 0.025641
Tj part: 0.194689
Queue size: 3
Visiting neighbor trace: 6
Intersection size: 1
Step: 0.012821
Tj part: 0.083368
Queue size: 3
Visiting neighbor trace: 9
Intersection size: 1
Step: 0.012821
Tj part: 0.119003
Queue size: 3
Visiting neighbor trace: 11
Intersection size: 3
Step: 0.038462
Tj part: 0.375000
Queue size: 3
Visiting neighbor trace: 19
Intersection size: 2
Step: 0.025641
Tj part: 0.222222
Queue size: 3
Visiting neighbor trace: 21
Intersection size: 1
Step: 0.012821
Tj part: 0.111111
Queue size: 3
Visiting neighbor trace: 27
Intersection size: 2
Step: 0.025641
Tj part: 0.222222
Queue size: 3
Visiting neighbor trace: 37
Intersection size: 2
Step: 0.025641
Tj part: 0.200000
Queue size: 3
Visiting neighbor trace: 40
Intersection size: 1
Step: 0.012821
Tj part: 0.090909
Queue size: 3
Visiting neighbor trace: 41
Intersection size: 2
Step: 0.025641
Tj part: 0.166667
Queue size: 3
Visiting neighbor trace: 5
Intersection size: 1
Step: 0.012821
Tj part: 0.103145
Queue size: 3
Visiting neighbor trace: 15
Intersection size: 1
Step: 0.012821
Tj part: 0.083333
Queue size: 3
Visiting neighbor trace: 16
Intersection size: 2
Step: 0.025641
Tj part: 0.142857
Queue size: 3
Visiting neighbor trace: 17
Intersection size: 1
Step: 0.012821
Tj part: 0.125000
Queue size: 3
Visiting neighbor trace: 20
Intersection size: 1
Step: 0.012821
Tj part: 0.111111
Queue size: 3
Visiting neighbor trace: 22
Intersection size: 3
Step: 0.038462
Tj part: 0.300000
Queue size: 3
Visiting neighbor trace: 23
Intersection size: 1
Step: 0.012821
Tj part: 0.111111
Queue size: 3
Visiting neighbor trace: 24
Intersection size: 1
Step: 0.012821
Tj part: 0.111111
Queue size: 3
Visiting neighbor trace: 25
Intersection size: 1
Step: 0.012821
Tj part: 0.083333
Queue size: 3
Visiting neighbor trace: 26
Intersection size: 2
Step: 0.025641
Tj part: 0.222222
Queue size: 3
Visiting neighbor trace: 29
Intersection size: 3
Step: 0.038462
Tj part: 0.333333
Queue size: 3
Visiting neighbor trace: 30
Intersection size: 2
Step: 0.025641
Tj part: 0.285714
Queue size: 3
Visiting neighbor trace: 31
Intersection size: 2
Step: 0.025641
Tj part: 0.181818
Queue size: 3
Visiting neighbor trace: 32
Intersection size: 2
Step: 0.025641
Tj part: 0.222222
Queue size: 3
Visiting neighbor trace: 33
Intersection size: 1
Step: 0.012821
Tj part: 0.076923
Queue size: 3
Visiting neighbor trace: 34
Intersection size: 1
Step: 0.012821
Tj part: 0.090909
Queue size: 3
Visiting neighbor trace: 35
Intersection size: 1
Step: 0.012821
Tj part: 0.090909
Queue size: 3
Visiting neighbor trace: 36
Intersection size: 1
Step: 0.012821
Tj part: 0.090909
Queue size: 3
Visiting neighbor trace: 38
Intersection size: 1
Step: 0.012821
Tj part: 0.090909
Queue size: 3
Visiting neighbor trace: 39
Intersection size: 1
Step: 0.012821
Tj part: 0.066667
Queue size: 3
Visiting neighbor trace: 14
Intersection size: 2
Step: 0.025641
Tj part: 0.222222
Queue size: 3
Current trace: 16 with activation 0.083333
Visited neighbors: 29
Visiting neighbor trace: 1
Intersection size: 1
Step: 0.005952
Tj part: 0.116216
Queue size: 2
Visiting neighbor trace: 5
Intersection size: 1
Step: 0.005952
Tj part: 0.103145
Queue size: 2
Visiting neighbor trace: 11
Intersection size: 1
Step: 0.005952
Tj part: 0.125000
Queue size: 2
Visiting neighbor trace: 13
Intersection size: 2
Step: 0.011905
Tj part: 0.153846
Queue size: 2
Visiting neighbor trace: 15
Intersection size: 2
Step: 0.011905
Tj part: 0.166667
Queue size: 2
Visiting neighbor trace: 17
Intersection size: 1
Step: 0.005952
Tj part: 0.125000
Queue size: 2
Visiting neighbor trace: 19
Intersection size: 2
Step: 0.011905
Tj part: 0.222222
Queue size: 2
Visiting neighbor trace: 20
Intersection size: 3
Step: 0.017857
Tj part: 0.333333
Queue size: 2
Visiting neighbor trace: 22
Intersection size: 2
Step: 0.011905
Tj part: 0.200000
Queue size: 2
Visiting neighbor trace: 23
Intersection size: 1
Step: 0.005952
Tj part: 0.111111
Queue size: 2
Visiting neighbor trace: 24
Intersection size: 2
Step: 0.011905
Tj part: 0.222222
Queue size: 2
Visiting neighbor trace: 25
Intersection size: 3
Step: 0.017857
Tj part: 0.250000
Queue size: 2
Visiting neighbor trace: 26
Intersection size: 3
Step: 0.017857
Tj part: 0.333333
Queue size: 2
Visiting neighbor trace: 29
Intersection size: 1
Step: 0.005952
Tj part: 0.111111
Queue size: 2
Visiting neighbor trace: 30
Intersection size: 2
Step: 0.011905
Tj part: 0.285714
Queue size: 2
Visiting neighbor trace: 31
Intersection size: 1
Step: 0.005952
Tj part: 0.090909
Queue size: 2
Visiting neighbor trace: 32
Intersection size: 2
Step: 0.011905
Tj part: 0.222222
Queue size: 2
Visiting neighbor trace: 33
Intersection size: 2
Step: 0.011905
Tj part: 0.153846
Queue size: 2
Visiting neighbor trace: 34
Intersection size: 1
Step: 0.005952
Tj part: 0.090909
Queue size: 2
Visiting neighbor trace: 35
Intersection size: 2
Step: 0.011905
Tj part: 0.181818
Queue size: 2
Visiting neighbor trace: 36
Intersection size: 1
Step: 0.005952
Tj part: 0.090909
Queue size: 2
Visiting neighbor trace: 37
Intersection size: 2
Step: 0.011905
Tj part: 0.200000
Queue size: 2
Visiting neighbor trace: 38
Intersection size: 1
Step: 0.005952
Tj part: 0.090909
Queue size: 2
Visiting neighbor trace: 39
Intersection size: 1
Step: 0.005952
Tj part: 0.066667
Queue size: 2
Visiting neighbor trace: 41
Intersection size: 1
Step: 0.005952
Tj part: 0.083333
Queue size: 2
Visiting neighbor trace: 2
Intersection size: 1
Step: 0.005952
Tj part: 0.086630
Queue size: 2
Visiting neighbor trace: 6
Intersection size: 1
Step: 0.005952
Tj part: 0.083368
Queue size: 2
Visiting neighbor trace: 8
Intersection size: 1
Step: 0.005952
Tj part: 0.081117
Queue size: 2
Visiting neighbor trace: 27
Intersection size: 1
Step: 0.005952
Tj part: 0.111111
Queue size: 2
Current trace: 33 with activation 0.166667
Visited neighbors: 30
Visiting neighbor trace: 1
Intersection size: 1
Step: 0.012821
Tj part: 0.116216
Queue size: 1
Visiting neighbor trace: 5
Intersection size: 1
Step: 0.012821
Tj part: 0.103145
Queue size: 1
Visiting neighbor trace: 11
Intersection size: 1
Step: 0.012821
Tj part: 0.125000
Queue size: 1
Visiting neighbor trace: 13
Intersection size: 1
Step: 0.012821
Tj part: 0.076923
Queue size: 1
Visiting neighbor trace: 15
Intersection size: 3
Step: 0.038462
Tj part: 0.250000
Queue size: 1
Visiting neighbor trace: 16
Intersection size: 2
Step: 0.025641
Tj part: 0.142857
Queue size: 1
Visiting neighbor trace: 17
Intersection size: 1
Step: 0.012821
Tj part: 0.125000
Queue size: 1
Visiting neighbor trace: 19
Intersection size: 5
Step: 0.064103
Tj part: 0.555556
Queue size: 1
Visiting neighbor trace: 20
Intersection size: 1
Step: 0.012821
Tj part: 0.111111
Queue size: 1
Visiting neighbor trace: 22
Intersection size: 1
Step: 0.012821
Tj part: 0.100000
Queue size: 1
Visiting neighbor trace: 23
Intersection size: 4
Step: 0.051282
Tj part: 0.444444
Queue size: 1
Visiting neighbor trace: 24
Intersection size: 2
Step: 0.025641
Tj part: 0.222222
Queue size: 1
Visiting neighbor trace: 25
Intersection size: 2
Step: 0.025641
Tj part: 0.166667
Queue size: 1
Visiting neighbor trace: 26
Intersection size: 2
Step: 0.025641
Tj part: 0.222222
Queue size: 1
Visiting neighbor trace: 29
Intersection size: 1
Step: 0.012821
Tj part: 0.111111
Queue size: 1
Visiting neighbor trace: 30
Intersection size: 1
Step: 0.012821
Tj part: 0.142857
Queue size: 1
Visiting neighbor trace: 31
Intersection size: 1
Step: 0.012821
Tj part: 0.090909
Queue size: 1
Visiting neighbor trace: 32
Intersection size: 2
Step: 0.025641
Tj part: 0.222222
Queue size: 1
Visiting neighbor trace: 34
Intersection size: 2
Step: 0.025641
Tj part: 0.181818
Queue size: 1
Visiting neighbor trace: 35
Intersection size: 1
Step: 0.012821
Tj part: 0.090909
Queue size: 1
Visiting neighbor trace: 36
Intersection size: 1
Step: 0.012821
Tj part: 0.090909
Queue size: 1
Visiting neighbor trace: 37
Intersection size: 2
Step: 0.025641
Tj part: 0.200000
Queue size: 1
Visiting neighbor trace: 38
Intersection size: 1
Step: 0.012821
Tj part: 0.090909
Queue size: 1
Visiting neighbor trace: 39
Intersection size: 1
Step: 0.012821
Tj part: 0.066667
Queue size: 1
Visiting neighbor trace: 41
Intersection size: 2
Step: 0.025641
Tj part: 0.166667
Queue size: 1
Visiting neighbor trace: 14
Intersection size: 1
Step: 0.012821
Tj part: 0.111111
Queue size: 1
Visiting neighbor trace: 40
Intersection size: 1
Step: 0.012821
Tj part: 0.090909
Queue size: 1
Visiting neighbor trace: 3
Intersection size: 1
Step: 0.012821
Tj part: 0.097345
Queue size: 1
Visiting neighbor trace: 2
Intersection size: 1
Step: 0.012821
Tj part: 0.086630
Queue size: 1
Visiting neighbor trace: 28
Intersection size: 1
Step: 0.012821
Tj part: 0.090909
Queue size: 1
Current trace: 39 with activation 0.083333
Visited neighbors: 28
Visiting neighbor trace: 1
Intersection size: 1
Step: 0.005556
Tj part: 0.116216
Queue size: 0
Visiting neighbor trace: 5
Intersection size: 1
Step: 0.005556
Tj part: 0.103145
Queue size: 0
Visiting neighbor trace: 11
Intersection size: 1
Step: 0.005556
Tj part: 0.125000
Queue size: 0
Visiting neighbor trace: 13
Intersection size: 1
Step: 0.005556
Tj part: 0.076923
Queue size: 0
Visiting neighbor trace: 15
Intersection size: 2
Step: 0.011111
Tj part: 0.166667
Queue size: 0
Visiting neighbor trace: 16
Intersection size: 1
Step: 0.005556
Tj part: 0.071429
Queue size: 0
Visiting neighbor trace: 17
Intersection size: 2
Step: 0.011111
Tj part: 0.250000
Queue size: 0
Visiting neighbor trace: 19
Intersection size: 1
Step: 0.005556
Tj part: 0.111111
Queue size: 0
Visiting neighbor trace: 20
Intersection size: 1
Step: 0.005556
Tj part: 0.111111
Queue size: 0
Visiting neighbor trace: 22
Intersection size: 1
Step: 0.005556
Tj part: 0.100000
Queue size: 0
Visiting neighbor trace: 23
Intersection size: 1
Step: 0.005556
Tj part: 0.111111
Queue size: 0
Visiting neighbor trace: 24
Intersection size: 2
Step: 0.011111
Tj part: 0.222222
Queue size: 0
Visiting neighbor trace: 25
Intersection size: 1
Step: 0.005556
Tj part: 0.083333
Queue size: 0
Visiting neighbor trace: 26
Intersection size: 2
Step: 0.011111
Tj part: 0.222222
Queue size: 0
Visiting neighbor trace: 29
Intersection size: 2
Step: 0.011111
Tj part: 0.222222
Queue size: 0
Visiting neighbor trace: 30
Intersection size: 2
Step: 0.011111
Tj part: 0.285714
Queue size: 0
Visiting neighbor trace: 31
Intersection size: 1
Step: 0.005556
Tj part: 0.090909
Queue size: 0
Visiting neighbor trace: 32
Intersection size: 1
Step: 0.005556
Tj part: 0.111111
Queue size: 0
Visiting neighbor trace: 33
Intersection size: 1
Step: 0.005556
Tj part: 0.076923
Queue size: 0
Visiting neighbor trace: 34
Intersection size: 2
Step: 0.011111
Tj part: 0.181818
Queue size: 0
Visiting neighbor trace: 35
Intersection size: 3
Step: 0.016667
Tj part: 0.272727
Queue size: 0
Visiting neighbor trace: 36
Intersection size: 1
Step: 0.005556
Tj part: 0.090909
Queue size: 0
Visiting neighbor trace: 37
Intersection size: 1
Step: 0.005556
Tj part: 0.100000
Queue size: 0
Visiting neighbor trace: 38
Intersection size: 3
Step: 0.016667
Tj part: 0.272727
Queue size: 0
Visiting neighbor trace: 41
Intersection size: 1
Step: 0.005556
Tj part: 0.083333
Queue size: 0
Visiting neighbor trace: 27
Intersection size: 1
Step: 0.005556
Tj part: 0.111111
Queue size: 0
Visiting neighbor trace: 7
Intersection size: 2
Step: 0.011111
Tj part: 0.177005
Queue size: 0
Visiting neighbor trace: 28
Intersection size: 1
Step: 0.005556
Tj part: 0.090909
Queue size: 0
Propagated trace for words: 12
Pruned traces for words: 12
Predicted understanding for words: 12
Processed words: 12
Error: 0.809878
Updating proficiency for words: 10
Adding trace for words: 10
Added trace for words: 10
Propagating trace: 42 with activation 1.000000
Current trace: 42 with activation 1.000000
Visited neighbors: 34
Visiting neighbor trace: 9
Intersection size: 1
Step: 0.100000
Tj part: 0.119003
Queue size: 0
Visiting neighbor trace: 1
Intersection size: 2
Step: 0.200000
Tj part: 0.232432
Queue size: 0
Visiting neighbor trace: 19
Intersection size: 4
Step: 0.400000
Tj part: 0.444444
Queue size: 0
Visiting neighbor trace: 11
Intersection size: 2
Step: 0.200000
Tj part: 0.250000
Queue size: 0
Visiting neighbor trace: 3
Intersection size: 1
Step: 0.100000
Tj part: 0.097345
Queue size: 1
Visiting neighbor trace: 6
Intersection size: 1
Step: 0.100000
Tj part: 0.083368
Queue size: 2
Visiting neighbor trace: 21
Intersection size: 1
Step: 0.100000
Tj part: 0.111111
Queue size: 2
Visiting neighbor trace: 13
Intersection size: 2
Step: 0.200000
Tj part: 0.153846
Queue size: 3
Visiting neighbor trace: 27
Intersection size: 1
Step: 0.100000
Tj part: 0.111111
Queue size: 3
Visiting neighbor trace: 37
Intersection size: 2
Step: 0.200000
Tj part: 0.200000
Queue size: 3
Visiting neighbor trace: 40
Intersection size: 3
Step: 0.300000
Tj part: 0.272727
Queue size: 4
Visiting neighbor trace: 41
Intersection size: 3
Step: 0.300000
Tj part: 0.250000
Queue size: 5
Visiting neighbor trace: 5
Intersection size: 1
Step: 0.100000
Tj part: 0.103145
Queue size: 5
Visiting neighbor trace: 15
Intersection size: 2
Step: 0.200000
Tj part: 0.166667
Queue size: 6
Visiting neighbor trace: 16
Intersection size: 2
Step: 0.200000
Tj part: 0.142857
Queue size: 7
Visiting neighbor trace: 17
Intersection size: 1
Step: 0.100000
Tj part: 0.125000
Queue size: 7
Visiting neighbor trace: 20
Intersection size: 1
Step: 0.100000
Tj part: 0.111111
Queue size: 7
Visiting neighbor trace: 22
Intersection size: 1
Step: 0.100000
Tj part: 0.100000
Queue size: 7
Visiting neighbor trace: 23
Intersection size: 3
Step: 0.300000
Tj part: 0.333333
Queue size: 7
Visiting neighbor trace: 24
Intersection size: 3
Step: 0.300000
Tj part: 0.333333
Queue size: 7
Visiting neighbor trace: 25
Intersection size: 1
Step: 0.100000
Tj part: 0.083333
Queue size: 8
Visiting neighbor trace: 26
Intersection size: 1
Step: 0.100000
Tj part: 0.111111
Queue size: 8
Visiting neighbor trace: 29
Intersection size: 1
Step: 0.100000
Tj part: 0.111111
Queue size: 8
Visiting neighbor trace: 30
Intersection size: 1
Step: 0.100000
Tj part: 0.142857
Queue size: 8
Visiting neighbor trace: 31
Intersection size: 1
Step: 0.100000
Tj part: 0.090909
Queue size: 9
Visiting neighbor trace: 32
Intersection size: 3
Step: 0.300000
Tj part: 0.333333
Queue size: 9
Visiting neighbor trace: 33
Intersection size: 4
Step: 0.400000
Tj part: 0.307692
Queue size: 10
Visiting neighbor trace: 34
Intersection size: 1
Step: 0.100000
Tj part: 0.090909
Queue size: 11
Visiting neighbor trace: 35
Intersection size: 1
Step: 0.100000
Tj part: 0.090909
Queue size: 12
Visiting neighbor trace: 36
Intersection size: 1
Step: 0.100000
Tj part: 0.090909
Queue size: 13
Visiting neighbor trace: 38
Intersection size: 1
Step: 0.100000
Tj part: 0.090909
Queue size: 14
Visiting neighbor trace: 39
Intersection size: 1
Step: 0.100000
Tj part: 0.066667
Queue size: 15
Visiting neighbor trace: 2
Intersection size: 1
Step: 0.100000
Tj part: 0.086630
Queue size: 16
Visiting neighbor trace: 28
Intersection size: 1
Step: 0.100000
Tj part: 0.090909
Queue size: 17
Current trace: 3 with activation 0.100000
Visited neighbors: 15
Visiting neighbor trace: 1
Intersection size: 3
Step: 0.042857
Tj part: 0.348648
Queue size: 16
Visiting neighbor trace: 6
Intersection size: 1
Step: 0.014286
Tj part: 0.085216
Queue size: 16
Visiting neighbor trace: 9
Intersection size: 1
Step: 0.014286
Tj part: 0.119003
Queue size: 16
Visiting neighbor trace: 11
Intersection size: 3
Step: 0.042857
Tj part: 0.375000
Queue size: 16
Visiting neighbor trace: 13
Intersection size: 2
Step: 0.028571
Tj part: 0.153846
Queue size: 16
Visiting neighbor trace: 19
Intersection size: 1
Step: 0.014286
Tj part: 0.111111
Queue size: 16
Visiting neighbor trace: 21
Intersection size: 1
Step: 0.014286
Tj part: 0.111111
Queue size: 16
Visiting neighbor trace: 27
Intersection size: 1
Step: 0.014286
Tj part: 0.111111
Queue size: 16
Visiting neighbor trace: 37
Intersection size: 1
Step: 0.014286
Tj part: 0.100000
Queue size: 16
Visiting neighbor trace: 40
Intersection size: 1
Step: 0.014286
Tj part: 0.090909
Queue size: 16
Visiting neighbor trace: 41
Intersection size: 1
Step: 0.014286
Tj part: 0.083333
Queue size: 16
Visiting neighbor trace: 42
Intersection size: 1
Step: 0.014286
Tj part: 0.100000
Queue size: 16
Visiting neighbor trace: 14
Intersection size: 1
Step: 0.014286
Tj part: 0.111111
Queue size: 16
Visiting neighbor trace: 33
Intersection size: 1
Step: 0.014286
Tj part: 0.076923
Queue size: 16
Visiting neighbor trace: 38
Intersection size: 1
Step: 0.014286
Tj part: 0.090909
Queue size: 16
Current trace: 6 with activation 0.100000
Visited neighbors: 20
Visiting neighbor trace: 1
Intersection size: 1
Step: 0.011111
Tj part: 0.116216
Queue size: 15
Visiting neighbor trace: 3
Intersection size: 1
Step: 0.011111
Tj part: 0.097724
Queue size: 15
Visiting neighbor trace: 9
Intersection size: 1
Step: 0.011111
Tj part: 0.119003
Queue size: 15
Visiting neighbor trace: 11
Intersection size: 1
Step: 0.011111
Tj part: 0.125000
Queue size: 15
Visiting neighbor trace: 13
Intersection size: 1
Step: 0.011111
Tj part: 0.076923
Queue size: 15
Visiting neighbor trace: 19
Intersection size: 1
Step: 0.011111
Tj part: 0.111111
Queue size: 15
Visiting neighbor trace: 21
Intersection size: 1
Step: 0.011111
Tj part: 0.111111
Queue size: 15
Visiting neighbor trace: 27
Intersection size: 1
Step: 0.011111
Tj part: 0.111111
Queue size: 15
Visiting neighbor trace: 37
Intersection size: 1
Step: 0.011111
Tj part: 0.100000
Queue size: 15
Visiting neighbor trace: 40
Intersection size: 1
Step: 0.011111
Tj part: 0.090909
Queue size: 15
Visiting neighbor trace: 41
Intersection size: 2
Step: 0.022222
Tj part: 0.166667
Queue size: 15
Visiting neighbor trace: 42
Intersection size: 1
Step: 0.011111
Tj part: 0.100000
Queue size: 15
Visiting neighbor trace: 17
Intersection size: 1
Step: 0.011111
Tj part: 0.125000
Queue size: 15
Visiting neighbor trace: 22
Intersection size: 2
Step: 0.022222
Tj part: 0.200000
Queue size: 15
Visiting neighbor trace: 8
Intersection size: 1
Step: 0.011111
Tj part: 0.081117
Queue size: 15
Visiting neighbor trace: 16
Intersection size: 1
Step: 0.011111
Tj part: 0.071429
Queue size: 15
Visiting neighbor trace: 20
Intersection size: 1
Step: 0.011111
Tj part: 0.111111
Queue size: 15
Visiting neighbor trace: 25
Intersection size: 1
Step: 0.011111
Tj part: 0.083333
Queue size: 15
Visiting neighbor trace: 26
Intersection size: 1
Step: 0.011111
Tj part: 0.111111
Queue size: 15
Visiting neighbor trace: 35
Intersection size: 1
Step: 0.011111
Tj part: 0.090909
Queue size: 15
Current trace: 13 with activation 0.200000
Visited neighbors: 33
Visiting neighbor trace: 1
Intersection size: 3
Step: 0.046154
Tj part: 0.348648
Queue size: 14
Visiting neighbor trace: 3
Intersection size: 2
Step: 0.030769
Tj part: 0.195448
Queue size: 14
Visiting neighbor trace: 6
Intersection size: 1
Step: 0.015385
Tj part: 0.085216
Queue size: 14
Visiting neighbor trace: 9
Intersection size: 1
Step: 0.015385
Tj part: 0.119003
Queue size: 14
Visiting neighbor trace: 11
Intersection size: 3
Step: 0.046154
Tj part: 0.375000
Queue size: 14
Visiting neighbor trace: 19
Intersection size: 2
Step: 0.030769
Tj part: 0.222222
Queue size: 14
Visiting neighbor trace: 21
Intersection size: 1
Step: 0.015385
Tj part: 0.111111
Queue size: 14
Visiting neighbor trace: 27
Intersection size: 2
Step: 0.030769
Tj part: 0.222222
Queue size: 14
Visiting neighbor trace: 37
Intersection size: 2
Step: 0.030769
Tj part: 0.200000
Queue size: 14
Visiting neighbor trace: 40
Intersection size: 1
Step: 0.015385
Tj part: 0.090909
Queue size: 14
Visiting neighbor trace: 41
Intersection size: 2
Step: 0.030769
Tj part: 0.166667
Queue size: 14
Visiting neighbor trace: 42
Intersection size: 2
Step: 0.030769
Tj part: 0.200000
Queue size: 14
Visiting neighbor trace: 5
Intersection size: 1
Step: 0.015385
Tj part: 0.103145
Queue size: 14
Visiting neighbor trace: 15
Intersection size: 1
Step: 0.015385
Tj part: 0.083333
Queue size: 14
Visiting neighbor trace: 16
Intersection size: 2
Step: 0.030769
Tj part: 0.142857
Queue size: 14
Visiting neighbor trace: 17
Intersection size: 1
Step: 0.015385
Tj part: 0.125000
Queue size: 14
Visiting neighbor trace: 20
Intersection size: 1
Step: 0.015385
Tj part: 0.111111
Queue size: 14
Visiting neighbor trace: 22
Intersection size: 3
Step: 0.046154
Tj part: 0.300000
Queue size: 14
Visiting neighbor trace: 23
Intersection size: 1
Step: 0.015385
Tj part: 0.111111
Queue size: 14
Visiting neighbor trace: 24
Intersection size: 1
Step: 0.015385
Tj part: 0.111111
Queue size: 14
Visiting neighbor trace: 25
Intersection size: 1
Step: 0.015385
Tj part: 0.083333
Queue size: 14
Visiting neighbor trace: 26
Intersection size: 2
Step: 0.030769
Tj part: 0.222222
Queue size: 14
Visiting neighbor trace: 29
Intersection size: 3
Step: 0.046154
Tj part: 0.333333
Queue size: 14
Visiting neighbor trace: 30
Intersection size: 2
Step: 0.030769
Tj part: 0.285714
Queue size: 14
Visiting neighbor trace: 31
Intersection size: 2
Step: 0.030769
Tj part: 0.181818
Queue size: 14
Visiting neighbor trace: 32
Intersection size: 2
Step: 0.030769
Tj part: 0.222222
Queue size: 14
Visiting neighbor trace: 33
Intersection size: 1
Step: 0.015385
Tj part: 0.076923
Queue size: 14
Visiting neighbor trace: 34
Intersection size: 1
Step: 0.015385
Tj part: 0.090909
Queue size: 14
Visiting neighbor trace: 35
Intersection size: 1
Step: 0.015385
Tj part: 0.090909
Queue size: 14
Visiting neighbor trace: 36
Intersection size: 1
Step: 0.015385
Tj part: 0.090909
Queue size: 14
Visiting neighbor trace: 38
Intersection size: 1
Step: 0.015385
Tj part: 0.090909
Queue size: 14
Visiting neighbor trace: 39
Intersection size: 1
Step: 0.015385
Tj part: 0.066667
Queue size: 14
Visiting neighbor trace: 14
Intersection size: 2
Step: 0.030769
Tj part: 0.222222
Queue size: 14
Current trace: 40 with activation 0.300000
Visited neighbors: 18
Visiting neighbor trace: 1
Intersection size: 1
Step: 0.027273
Tj part: 0.116216
Queue size: 13
Visiting neighbor trace: 3
Intersection size: 1
Step: 0.027273
Tj part: 0.097724
Queue size: 13
Visiting neighbor trace: 6
Intersection size: 1
Step: 0.027273
Tj part: 0.085216
Queue size: 13
Visiting neighbor trace: 9
Intersection size: 1
Step: 0.027273
Tj part: 0.119003
Queue size: 13
Visiting neighbor trace: 11
Intersection size: 1
Step: 0.027273
Tj part: 0.125000
Queue size: 13
Visiting neighbor trace: 13
Intersection size: 1
Step: 0.027273
Tj part: 0.076923
Queue size: 13
Visiting neighbor trace: 19
Intersection size: 2
Step: 0.054545
Tj part: 0.222222
Queue size: 13
Visiting neighbor trace: 21
Intersection size: 1
Step: 0.027273
Tj part: 0.111111
Queue size: 13
Visiting neighbor trace: 27
Intersection size: 1
Step: 0.027273
Tj part: 0.111111
Queue size: 13
Visiting neighbor trace: 37
Intersection size: 2
Step: 0.054545
Tj part: 0.200000
Queue size: 13
Visiting neighbor trace: 41
Intersection size: 3
Step: 0.081818
Tj part: 0.250000
Queue size: 13
Visiting neighbor trace: 42
Intersection size: 3
Step: 0.081818
Tj part: 0.300000
Queue size: 13
Visiting neighbor trace: 15
Intersection size: 1
Step: 0.027273
Tj part: 0.083333
Queue size: 13
Visiting neighbor trace: 23
Intersection size: 2
Step: 0.054545
Tj part: 0.222222
Queue size: 13
Visiting neighbor trace: 33
Intersection size: 1
Step: 0.027273
Tj part: 0.076923
Queue size: 13
Visiting neighbor trace: 12
Intersection size: 1
Step: 0.027273
Tj part: 0.125000
Queue size: 13
Visiting neighbor trace: 34
Intersection size: 1
Step: 0.027273
Tj part: 0.090909
Queue size: 13
Visiting neighbor trace: 35
Intersection size: 1
Step: 0.027273
Tj part: 0.090909
Queue size: 13
Current trace: 41 with activation 0.300000
Visited neighbors: 34
Visiting neighbor trace: 1
Intersection size: 2
Step: 0.050000
Tj part: 0.232432
Queue size: 12
Visiting neighbor trace: 3
Intersection size: 1
Step: 0.025000
Tj part: 0.097724
Queue size: 12
Visiting neighbor trace: 6
Intersection size: 2
Step: 0.050000
Tj part: 0.170431
Queue size: 12
Visiting neighbor trace: 9
Intersection size: 2
Step: 0.050000
Tj part: 0.238007
Queue size: 12
Visiting neighbor trace: 11
Intersection size: 2
Step: 0.050000
Tj part: 0.250000
Queue size: 12
Visiting neighbor trace: 13
Intersection size: 2
Step: 0.050000
Tj part: 0.153846
Queue size: 12
Visiting neighbor trace: 19
Intersection size: 3
Step: 0.075000
Tj part: 0.333333
Queue size: 12
Visiting neighbor trace: 21
Intersection size: 1
Step: 0.025000
Tj part: 0.111111
Queue size: 12
Visiting neighbor trace: 27
Intersection size: 1
Step: 0.025000
Tj part: 0.111111
Queue size: 12
Visiting neighbor trace: 37
Intersection size: 3
Step: 0.075000
Tj part: 0.300000
Queue size: 12
Visiting neighbor trace: 40
Intersection size: 3
Step: 0.075000
Tj part: 0.272727
Queue size: 12
Visiting neighbor trace: 42
Intersection size: 3
Step: 0.075000
Tj part: 0.300000
Queue size: 12
Visiting neighbor trace: 5
Intersection size: 1
Step: 0.025000
Tj part: 0.103145
Queue size: 12
Visiting neighbor trace: 15
Intersection size: 3
Step: 0.075000
Tj part: 0.250000
Queue size: 12
Visiting neighbor trace: 16
Intersection size: 1
Step: 0.025000
Tj part: 0.071429
Queue size: 12
Visiting neighbor trace: 17
Intersection size: 1
Step: 0.025000
Tj part: 0.125000
Queue size: 12
Visiting neighbor trace: 20
Intersection size: 1
Step: 0.025000
Tj part: 0.111111
Queue size: 12
Visiting neighbor trace: 22
Intersection size: 1
Step: 0.025000
Tj part: 0.100000
Queue size: 12
Visiting neighbor trace: 23
Intersection size: 2
Step: 0.050000
Tj part: 0.222222
Queue size: 12
Visiting neighbor trace: 24
Intersection size: 1
Step: 0.025000
Tj part: 0.111111
Queue size: 12
Visiting neighbor trace: 25
Intersection size: 1
Step: 0.025000
Tj part: 0.083333
Queue size: 12
Visiting neighbor trace: 26
Intersection size: 1
Step: 0.025000
Tj part: 0.111111
Queue size: 12
Visiting neighbor trace: 29
Intersection size: 1
Step: 0.025000
Tj part: 0.111111
Queue size: 12
Visiting neighbor trace: 30
Intersection size: 1
Step: 0.025000
Tj part: 0.142857
Queue size: 12
Visiting neighbor trace: 31
Intersection size: 1
Step: 0.025000
Tj part: 0.090909
Queue size: 12
Visiting neighbor trace: 32
Intersection size: 1
Step: 0.025000
Tj part: 0.111111
Queue size: 12
Visiting neighbor trace: 33
Intersection size: 2
Step: 0.050000
Tj part: 0.153846
Queue size: 12
Visiting neighbor trace: 34
Intersection size: 2
Step: 0.050000
Tj part: 0.181818
Queue size: 12
Visiting neighbor trace: 35
Intersection size: 1
Step: 0.025000
Tj part: 0.090909
Queue size: 12
Visiting neighbor trace: 36
Intersection size: 1
Step: 0.025000
Tj part: 0.090909
Queue size: 12
Visiting neighbor trace: 38
Intersection size: 2
Step: 0.050000
Tj part: 0.181818
Queue size: 12
Visiting neighbor trace: 39
Intersection size: 1
Step: 0.025000
Tj part: 0.066667
Queue size: 12
Visiting neighbor trace: 7
Intersection size: 1
Step: 0.025000
Tj part: 0.088502
Queue size: 12
Visiting neighbor trace: 2
Intersection size: 1
Step: 0.025000
Tj part: 0.088540
Queue size: 12
Current trace: 15 with activation 0.200000
Visited neighbors: 28
Visiting neighbor trace: 1
Intersection size: 1
Step: 0.016667
Tj part: 0.116216
Queue size: 11
Visiting neighbor trace: 5
Intersection size: 1
Step: 0.016667
Tj part: 0.103145
Queue size: 11
Visiting neighbor trace: 11
Intersection size: 1
Step: 0.016667
Tj part: 0.125000
Queue size: 11
Visiting neighbor trace: 13
Intersection size: 1
Step: 0.016667
Tj part: 0.076923
Queue size: 11
Visiting neighbor trace: 16
Intersection size: 2
Step: 0.033333
Tj part: 0.142857
Queue size: 11
Visiting neighbor trace: 17
Intersection size: 2
Step: 0.033333
Tj part: 0.250000
Queue size: 11
Visiting neighbor trace: 19
Intersection size: 4
Step: 0.066667
Tj part: 0.444444
Queue size: 11
Visiting neighbor trace: 20
Intersection size: 1
Step: 0.016667
Tj part: 0.111111
Queue size: 11
Visiting neighbor trace: 22
Intersection size: 1
Step: 0.016667
Tj part: 0.100000
Queue size: 11
Visiting neighbor trace: 23
Intersection size: 2
Step: 0.033333
Tj part: 0.222222
Queue size: 11
Visiting neighbor trace: 24
Intersection size: 1
Step: 0.016667
Tj part: 0.111111
Queue size: 11
Visiting neighbor trace: 25
Intersection size: 2
Step: 0.033333
Tj part: 0.166667
Queue size: 11
Visiting neighbor trace: 26
Intersection size: 2
Step: 0.033333
Tj part: 0.222222
Queue size: 11
Visiting neighbor trace: 29
Intersection size: 1
Step: 0.016667
Tj part: 0.111111
Queue size: 11
Visiting neighbor trace: 30
Intersection size: 2
Step: 0.033333
Tj part: 0.285714
Queue size: 11
Visiting neighbor trace: 31
Intersection size: 2
Step: 0.033333
Tj part: 0.181818
Queue size: 11
Visiting neighbor trace: 32
Intersection size: 1
Step: 0.016667
Tj part: 0.111111
Queue size: 11
Visiting neighbor trace: 33
Intersection size: 3
Step: 0.050000
Tj part: 0.230769
Queue size: 11
Visiting neighbor trace: 34
Intersection size: 1
Step: 0.016667
Tj part: 0.090909
Queue size: 11
Visiting neighbor trace: 35
Intersection size: 1
Step: 0.016667
Tj part: 0.090909
Queue size: 11
Visiting neighbor trace: 36
Intersection size: 1
Step: 0.016667
Tj part: 0.090909
Queue size: 11
Visiting neighbor trace: 37
Intersection size: 3
Step: 0.050000
Tj part: 0.300000
Queue size: 11
Visiting neighbor trace: 38
Intersection size: 1
Step: 0.016667
Tj part: 0.090909
Queue size: 11
Visiting neighbor trace: 39
Intersection size: 2
Step: 0.033333
Tj part: 0.133333
Queue size: 11
Visiting neighbor trace: 41
Intersection size: 3
Step: 0.050000
Tj part: 0.250000
Queue size: 11
Visiting neighbor trace: 42
Intersection size: 2
Step: 0.033333
Tj part: 0.200000
Queue size: 11
Visiting neighbor trace: 27
Intersection size: 1
Step: 0.016667
Tj part: 0.111111
Queue size: 11
Visiting neighbor trace: 40
Intersection size: 1
Step: 0.016667
Tj part: 0.090909
Queue size: 11
Current trace: 16 with activation 0.200000
Visited neighbors: 30
Visiting neighbor trace: 1
Intersection size: 1
Step: 0.014286
Tj part: 0.116216
Queue size: 10
Visiting neighbor trace: 5
Intersection size: 1
Step: 0.014286
Tj part: 0.103145
Queue size: 10
Visiting neighbor trace: 11
Intersection size: 1
Step: 0.014286
Tj part: 0.125000
Queue size: 10
Visiting neighbor trace: 13
Intersection size: 2
Step: 0.028571
Tj part: 0.153846
Queue size: 10
Visiting neighbor trace: 15
Intersection size: 2
Step: 0.028571
Tj part: 0.166667
Queue size: 10
Visiting neighbor trace: 17
Intersection size: 1
Step: 0.014286
Tj part: 0.125000
Queue size: 10
Visiting neighbor trace: 19
Intersection size: 2
Step: 0.028571
Tj part: 0.222222
Queue size: 10
Visiting neighbor trace: 20
Intersection size: 3
Step: 0.042857
Tj part: 0.333333
Queue size: 10
Visiting neighbor trace: 22
Intersection size: 2
Step: 0.028571
Tj part: 0.200000
Queue size: 10
Visiting neighbor trace: 23
Intersection size: 1
Step: 0.014286
Tj part: 0.111111
Queue size: 10
Visiting neighbor trace: 24
Intersection size: 2
Step: 0.028571
Tj part: 0.222222
Queue size: 10
Visiting neighbor trace: 25
Intersection size: 3
Step: 0.042857
Tj part: 0.250000
Queue size: 10
Visiting neighbor trace: 26
Intersection size: 3
Step: 0.042857
Tj part: 0.333333
Queue size: 10
Visiting neighbor trace: 29
Intersection size: 1
Step: 0.014286
Tj part: 0.111111
Queue size: 10
Visiting neighbor trace: 30
Intersection size: 2
Step: 0.028571
Tj part: 0.285714
Queue size: 10
Visiting neighbor trace: 31
Intersection size: 1
Step: 0.014286
Tj part: 0.090909
Queue size: 10
Visiting neighbor trace: 32
Intersection size: 2
Step: 0.028571
Tj part: 0.222222
Queue size: 10
Visiting neighbor trace: 33
Intersection size: 2
Step: 0.028571
Tj part: 0.153846
Queue size: 10
Visiting neighbor trace: 34
Intersection size: 1
Step: 0.014286
Tj part: 0.090909
Queue size: 10
Visiting neighbor trace: 35
Intersection size: 2
Step: 0.028571
Tj part: 0.181818
Queue size: 10
Visiting neighbor trace: 36
Intersection size: 1
Step: 0.014286
Tj part: 0.090909
Queue size: 10
Visiting neighbor trace: 37
Intersection size: 2
Step: 0.028571
Tj part: 0.200000
Queue size: 10
Visiting neighbor trace: 38
Intersection size: 1
Step: 0.014286
Tj part: 0.090909
Queue size: 10
Visiting neighbor trace: 39
Intersection size: 1
Step: 0.014286
Tj part: 0.066667
Queue size: 10
Visiting neighbor trace: 41
Intersection size: 1
Step: 0.014286
Tj part: 0.083333
Queue size: 10
Visiting neighbor trace: 42
Intersection size: 2
Step: 0.028571
Tj part: 0.200000
Queue size: 10
Visiting neighbor trace: 2
Intersection size: 1
Step: 0.014286
Tj part: 0.088540
Queue size: 10
Visiting neighbor trace: 6
Intersection size: 1
Step: 0.014286
Tj part: 0.085216
Queue size: 10
Visiting neighbor trace: 8
Intersection size: 1
Step: 0.014286
Tj part: 0.081117
Queue size: 10
Visiting neighbor trace: 27
Intersection size: 1
Step: 0.014286
Tj part: 0.111111
Queue size: 10
Current trace: 25 with activation 0.100000
Visited neighbors: 33
Visiting neighbor trace: 1
Intersection size: 1
Step: 0.008333
Tj part: 0.116216
Queue size: 9
Visiting neighbor trace: 5
Intersection size: 1
Step: 0.008333
Tj part: 0.103145
Queue size: 9
Visiting neighbor trace: 11
Intersection size: 1
Step: 0.008333
Tj part: 0.125000
Queue size: 9
Visiting neighbor trace: 13
Intersection size: 1
Step: 0.008333
Tj part: 0.076923
Queue size: 9
Visiting neighbor trace: 15
Intersection size: 2
Step: 0.016667
Tj part: 0.166667
Queue size: 9
Visiting neighbor trace: 16
Intersection size: 3
Step: 0.025000
Tj part: 0.214286
Queue size: 9
Visiting neighbor trace: 17
Intersection size: 2
Step: 0.016667
Tj part: 0.250000
Queue size: 9
Visiting neighbor trace: 19
Intersection size: 2
Step: 0.016667
Tj part: 0.222222
Queue size: 9
Visiting neighbor trace: 20
Intersection size: 4
Step: 0.033333
Tj part: 0.444444
Queue size: 9
Visiting neighbor trace: 22
Intersection size: 2
Step: 0.016667
Tj part: 0.200000
Queue size: 9
Visiting neighbor trace: 23
Intersection size: 1
Step: 0.008333
Tj part: 0.111111
Queue size: 9
Visiting neighbor trace: 24
Intersection size: 2
Step: 0.016667
Tj part: 0.222222
Queue size: 9
Visiting neighbor trace: 26
Intersection size: 2
Step: 0.016667
Tj part: 0.222222
Queue size: 9
Visiting neighbor trace: 29
Intersection size: 3
Step: 0.025000
Tj part: 0.333333
Queue size: 9
Visiting neighbor trace: 30
Intersection size: 1
Step: 0.008333
Tj part: 0.142857
Queue size: 9
Visiting neighbor trace: 31
Intersection size: 1
Step: 0.008333
Tj part: 0.090909
Queue size: 9
Visiting neighbor trace: 32
Intersection size: 1
Step: 0.008333
Tj part: 0.111111
Queue size: 9
Visiting neighbor trace: 33
Intersection size: 2
Step: 0.016667
Tj part: 0.153846
Queue size: 9
Visiting neighbor trace: 34
Intersection size: 1
Step: 0.008333
Tj part: 0.090909
Queue size: 9
Visiting neighbor trace: 35
Intersection size: 3
Step: 0.025000
Tj part: 0.272727
Queue size: 9
Visiting neighbor trace: 36
Intersection size: 2
Step: 0.016667
Tj part: 0.181818
Queue size: 9
Visiting neighbor trace: 37
Intersection size: 2
Step: 0.016667
Tj part: 0.200000
Queue size: 9
Visiting neighbor trace: 38
Intersection size: 1
Step: 0.008333
Tj part: 0.090909
Queue size: 9
Visiting neighbor trace: 39
Intersection size: 1
Step: 0.008333
Tj part: 0.066667
Queue size: 9
Visiting neighbor trace: 41
Intersection size: 1
Step: 0.008333
Tj part: 0.083333
Queue size: 9
Visiting neighbor trace: 42
Intersection size: 1
Step: 0.008333
Tj part: 0.100000
Queue size: 9
Visiting neighbor trace: 12
Intersection size: 1
Step: 0.008333
Tj part: 0.125000
Queue size: 9
Visiting neighbor trace: 14
Intersection size: 1
Step: 0.008333
Tj part: 0.111111
Queue size: 9
Visiting neighbor trace: 9
Intersection size: 1
Step: 0.008333
Tj part: 0.119003
Queue size: 9
Visiting neighbor trace: 21
Intersection size: 2
Step: 0.016667
Tj part: 0.222222
Queue size: 9
Visiting neighbor trace: 27
Intersection size: 1
Step: 0.008333
Tj part: 0.111111
Queue size: 9
Visiting neighbor trace: 6
Intersection size: 1
Step: 0.008333
Tj part: 0.085216
Queue size: 9
Visiting neighbor trace: 8
Intersection size: 1
Step: 0.008333
Tj part: 0.081117
Queue size: 9
Current trace: 31 with activation 0.100000
Visited neighbors: 27
Visiting neighbor trace: 1
Intersection size: 1
Step: 0.009091
Tj part: 0.116216
Queue size: 8
Visiting neighbor trace: 5
Intersection size: 1
Step: 0.009091
Tj part: 0.103145
Queue size: 8
Visiting neighbor trace: 11
Intersection size: 1
Step: 0.009091
Tj part: 0.125000
Queue size: 8
Visiting neighbor trace: 13
Intersection size: 2
Step: 0.018182
Tj part: 0.153846
Queue size: 8
Visiting neighbor trace: 15
Intersection size: 2
Step: 0.018182
Tj part: 0.166667
Queue size: 8
Visiting neighbor trace: 16
Intersection size: 1
Step: 0.009091
Tj part: 0.071429
Queue size: 8
Visiting neighbor trace: 17
Intersection size: 2
Step: 0.018182
Tj part: 0.250000
Queue size: 8
Visiting neighbor trace: 19
Intersection size: 2
Step: 0.018182
Tj part: 0.222222
Queue size: 8
Visiting neighbor trace: 20
Intersection size: 2
Step: 0.018182
Tj part: 0.222222
Queue size: 8
Visiting neighbor trace: 22
Intersection size: 1
Step: 0.009091
Tj part: 0.100000
Queue size: 8
Visiting neighbor trace: 23
Intersection size: 1
Step: 0.009091
Tj part: 0.111111
Queue size: 8
Visiting neighbor trace: 24
Intersection size: 1
Step: 0.009091
Tj part: 0.111111
Queue size: 8
Visiting neighbor trace: 25
Intersection size: 1
Step: 0.009091
Tj part: 0.083333
Queue size: 8
Visiting neighbor trace: 26
Intersection size: 1
Step: 0.009091
Tj part: 0.111111
Queue size: 8
Visiting neighbor trace: 29
Intersection size: 1
Step: 0.009091
Tj part: 0.111111
Queue size: 8
Visiting neighbor trace: 30
Intersection size: 2
Step: 0.018182
Tj part: 0.285714
Queue size: 8
Visiting neighbor trace: 32
Intersection size: 3
Step: 0.027273
Tj part: 0.333333
Queue size: 8
Visiting neighbor trace: 33
Intersection size: 1
Step: 0.009091
Tj part: 0.076923
Queue size: 8
Visiting neighbor trace: 34
Intersection size: 1
Step: 0.009091
Tj part: 0.090909
Queue size: 8
Visiting neighbor trace: 35
Intersection size: 1
Step: 0.009091
Tj part: 0.090909
Queue size: 8
Visiting neighbor trace: 36
Intersection size: 2
Step: 0.018182
Tj part: 0.181818
Queue size: 8
Visiting neighbor trace: 37
Intersection size: 2
Step: 0.018182
Tj part: 0.200000
Queue size: 8
Visiting neighbor trace: 38
Intersection size: 1
Step: 0.009091
Tj part: 0.090909
Queue size: 8
Visiting neighbor trace: 39
Intersection size: 1
Step: 0.009091
Tj part: 0.066667
Queue size: 8
Visiting neighbor trace: 41
Intersection size: 1
Step: 0.009091
Tj part: 0.083333
Queue size: 8
Visiting neighbor trace: 42
Intersection size: 1
Step: 0.009091
Tj part: 0.100000
Queue size: 8
Visiting neighbor trace: 21
Intersection size: 2
Step: 0.018182
Tj part: 0.222222
Queue size: 8
Current trace: 33 with activation 0.400000
Visited neighbors: 31
Visiting neighbor trace: 1
Intersection size: 1
Step: 0.030769
Tj part: 0.116216
Queue size: 7
Visiting neighbor trace: 5
Intersection size: 1
Step: 0.030769
Tj part: 0.103145
Queue size: 7
Visiting neighbor trace: 11
Intersection size: 1
Step: 0.030769
Tj part: 0.125000
Queue size: 7
Visiting neighbor trace: 13
Intersection size: 1
Step: 0.030769
Tj part: 0.076923
Queue size: 7
Visiting neighbor trace: 15
Intersection size: 3
Step: 0.092308
Tj part: 0.250000
Queue size: 7
Visiting neighbor trace: 16
Intersection size: 2
Step: 0.061538
Tj part: 0.142857
Queue size: 7
Visiting neighbor trace: 17
Intersection size: 1
Step: 0.030769
Tj part: 0.125000
Queue size: 7
Visiting neighbor trace: 19
Intersection size: 5
Step: 0.153846
Tj part: 0.555556
Queue size: 7
Visiting neighbor trace: 20
Intersection size: 1
Step: 0.030769
Tj part: 0.111111
Queue size: 7
Visiting neighbor trace: 22
Intersection size: 1
Step: 0.030769
Tj part: 0.100000
Queue size: 7
Visiting neighbor trace: 23
Intersection size: 4
Step: 0.123077
Tj part: 0.444444
Queue size: 7
Visiting neighbor trace: 24
Intersection size: 2
Step: 0.061538
Tj part: 0.222222
Queue size: 7
Visiting neighbor trace: 25
Intersection size: 2
Step: 0.061538
Tj part: 0.166667
Queue size: 7
Visiting neighbor trace: 26
Intersection size: 2
Step: 0.061538
Tj part: 0.222222
Queue size: 7
Visiting neighbor trace: 29
Intersection size: 1
Step: 0.030769
Tj part: 0.111111
Queue size: 7
Visiting neighbor trace: 30
Intersection size: 1
Step: 0.030769
Tj part: 0.142857
Queue size: 7
Visiting neighbor trace: 31
Intersection size: 1
Step: 0.030769
Tj part: 0.090909
Queue size: 7
Visiting neighbor trace: 32
Intersection size: 2
Step: 0.061538
Tj part: 0.222222
Queue size: 7
Visiting neighbor trace: 34
Intersection size: 2
Step: 0.061538
Tj part: 0.181818
Queue size: 7
Visiting neighbor trace: 35
Intersection size: 1
Step: 0.030769
Tj part: 0.090909
Queue size: 7
Visiting neighbor trace: 36
Intersection size: 1
Step: 0.030769
Tj part: 0.090909
Queue size: 7
Visiting neighbor trace: 37
Intersection size: 2
Step: 0.061538
Tj part: 0.200000
Queue size: 7
Visiting neighbor trace: 38
Intersection size: 1
Step: 0.030769
Tj part: 0.090909
Queue size: 7
Visiting neighbor trace: 39
Intersection size: 1
Step: 0.030769
Tj part: 0.066667
Queue size: 7
Visiting neighbor trace: 41
Intersection size: 2
Step: 0.061538
Tj part: 0.166667
Queue size: 7
Visiting neighbor trace: 42
Intersection size: 4
Step: 0.123077
Tj part: 0.400000
Queue size: 7
Visiting neighbor trace: 14
Intersection size: 1
Step: 0.030769
Tj part: 0.111111
Queue size: 7
Visiting neighbor trace: 40
Intersection size: 1
Step: 0.030769
Tj part: 0.090909
Queue size: 7
Visiting neighbor trace: 3
Intersection size: 1
Step: 0.030769
Tj part: 0.097724
Queue size: 7
Visiting neighbor trace: 2
Intersection size: 1
Step: 0.030769
Tj part: 0.088540
Queue size: 7
Visiting neighbor trace: 28
Intersection size: 1
Step: 0.030769
Tj part: 0.090909
Queue size: 7
Current trace: 34 with activation 0.100000
Visited neighbors: 28
Visiting neighbor trace: 1
Intersection size: 1
Step: 0.009091
Tj part: 0.116216
Queue size: 6
Visiting neighbor trace: 5
Intersection size: 1
Step: 0.009091
Tj part: 0.103145
Queue size: 6
Visiting neighbor trace: 11
Intersection size: 1
Step: 0.009091
Tj part: 0.125000
Queue size: 6
Visiting neighbor trace: 13
Intersection size: 1
Step: 0.009091
Tj part: 0.076923
Queue size: 6
Visiting neighbor trace: 15
Intersection size: 1
Step: 0.009091
Tj part: 0.083333
Queue size: 6
Visiting neighbor trace: 16
Intersection size: 1
Step: 0.009091
Tj part: 0.071429
Queue size: 6
Visiting neighbor trace: 17
Intersection size: 1
Step: 0.009091
Tj part: 0.125000
Queue size: 6
Visiting neighbor trace: 19
Intersection size: 1
Step: 0.009091
Tj part: 0.111111
Queue size: 6
Visiting neighbor trace: 20
Intersection size: 2
Step: 0.018182
Tj part: 0.222222
Queue size: 6
Visiting neighbor trace: 22
Intersection size: 1
Step: 0.009091
Tj part: 0.100000
Queue size: 6
Visiting neighbor trace: 23
Intersection size: 1
Step: 0.009091
Tj part: 0.111111
Queue size: 6
Visiting neighbor trace: 24
Intersection size: 3
Step: 0.027273
Tj part: 0.333333
Queue size: 6
Visiting neighbor trace: 25
Intersection size: 1
Step: 0.009091
Tj part: 0.083333
Queue size: 6
Visiting neighbor trace: 26
Intersection size: 1
Step: 0.009091
Tj part: 0.111111
Queue size: 6
Visiting neighbor trace: 29
Intersection size: 1
Step: 0.009091
Tj part: 0.111111
Queue size: 6
Visiting neighbor trace: 30
Intersection size: 1
Step: 0.009091
Tj part: 0.142857
Queue size: 6
Visiting neighbor trace: 31
Intersection size: 1
Step: 0.009091
Tj part: 0.090909
Queue size: 6
Visiting neighbor trace: 32
Intersection size: 1
Step: 0.009091
Tj part: 0.111111
Queue size: 6
Visiting neighbor trace: 33
Intersection size: 2
Step: 0.018182
Tj part: 0.153846
Queue size: 6
Visiting neighbor trace: 35
Intersection size: 3
Step: 0.027273
Tj part: 0.272727
Queue size: 6
Visiting neighbor trace: 36
Intersection size: 1
Step: 0.009091
Tj part: 0.090909
Queue size: 6
Visiting neighbor trace: 37
Intersection size: 3
Step: 0.027273
Tj part: 0.300000
Queue size: 6
Visiting neighbor trace: 38
Intersection size: 3
Step: 0.027273
Tj part: 0.272727
Queue size: 6
Visiting neighbor trace: 39
Intersection size: 2
Step: 0.018182
Tj part: 0.133333
Queue size: 6
Visiting neighbor trace: 41
Intersection size: 2
Step: 0.018182
Tj part: 0.166667
Queue size: 6
Visiting neighbor trace: 42
Intersection size: 1
Step: 0.009091
Tj part: 0.100000
Queue size: 6
Visiting neighbor trace: 7
Intersection size: 2
Step: 0.018182
Tj part: 0.177005
Queue size: 6
Visiting neighbor trace: 40
Intersection size: 1
Step: 0.009091
Tj part: 0.090909
Queue size: 6
Current trace: 35 with activation 0.100000
Visited neighbors: 31
Visiting neighbor trace: 1
Intersection size: 1
Step: 0.009091
Tj part: 0.116216
Queue size: 5
Visiting neighbor trace: 5
Intersection size: 1
Step: 0.009091
Tj part: 0.103145
Queue size: 5
Visiting neighbor trace: 11
Intersection size: 1
Step: 0.009091
Tj part: 0.125000
Queue size: 5
Visiting neighbor trace: 13
Intersection size: 1
Step: 0.009091
Tj part: 0.076923
Queue size: 5
Visiting neighbor trace: 15
Intersection size: 1
Step: 0.009091
Tj part: 0.083333
Queue size: 5
Visiting neighbor trace: 16
Intersection size: 2
Step: 0.018182
Tj part: 0.142857
Queue size: 5
Visiting neighbor trace: 17
Intersection size: 1
Step: 0.009091
Tj part: 0.125000
Queue size: 5
Visiting neighbor trace: 19
Intersection size: 1
Step: 0.009091
Tj part: 0.111111
Queue size: 5
Visiting neighbor trace: 20
Intersection size: 2
Step: 0.018182
Tj part: 0.222222
Queue size: 5
Visiting neighbor trace: 22
Intersection size: 2
Step: 0.018182
Tj part: 0.200000
Queue size: 5
Visiting neighbor trace: 23
Intersection size: 1
Step: 0.009091
Tj part: 0.111111
Queue size: 5
Visiting neighbor trace: 24
Intersection size: 2
Step: 0.018182
Tj part: 0.222222
Queue size: 5
Visiting neighbor trace: 25
Intersection size: 3
Step: 0.027273
Tj part: 0.250000
Queue size: 5
Visiting neighbor trace: 26
Intersection size: 2
Step: 0.018182
Tj part: 0.222222
Queue size: 5
Visiting neighbor trace: 29
Intersection size: 1
Step: 0.009091
Tj part: 0.111111
Queue size: 5
Visiting neighbor trace: 30
Intersection size: 1
Step: 0.009091
Tj part: 0.142857
Queue size: 5
Visiting neighbor trace: 31
Intersection size: 1
Step: 0.009091
Tj part: 0.090909
Queue size: 5
Visiting neighbor trace: 32
Intersection size: 1
Step: 0.009091
Tj part: 0.111111
Queue size: 5
Visiting neighbor trace: 33
Intersection size: 1
Step: 0.009091
Tj part: 0.076923
Queue size: 5
Visiting neighbor trace: 34
Intersection size: 3
Step: 0.027273
Tj part: 0.272727
Queue size: 5
Visiting neighbor trace: 36
Intersection size: 2
Step: 0.018182
Tj part: 0.181818
Queue size: 5
Visiting neighbor trace: 37
Intersection size: 1
Step: 0.009091
Tj part: 0.100000
Queue size: 5
Visiting neighbor trace: 38
Intersection size: 1
Step: 0.009091
Tj part: 0.090909
Queue size: 5
Visiting neighbor trace: 39
Intersection size: 3
Step: 0.027273
Tj part: 0.200000
Queue size: 5
Visiting neighbor trace: 41
Intersection size: 1
Step: 0.009091
Tj part: 0.083333
Queue size: 5
Visiting neighbor trace: 42
Intersection size: 1
Step: 0.009091
Tj part: 0.100000
Queue size: 5
Visiting neighbor trace: 6
Intersection size: 1
Step: 0.009091
Tj part: 0.085216
Queue size: 5
Visiting neighbor trace: 8
Intersection size: 1
Step: 0.009091
Tj part: 0.081117
Queue size: 5
Visiting neighbor trace: 40
Intersection size: 1
Step: 0.009091
Tj part: 0.090909
Queue size: 5
Visiting neighbor trace: 7
Intersection size: 1
Step: 0.009091
Tj part: 0.088502
Queue size: 5
Visiting neighbor trace: 28
Intersection size: 1
Step: 0.009091
Tj part: 0.090909
Queue size: 5
Current trace: 36 with activation 0.100000
Visited neighbors: 30
Visiting neighbor trace: 1
Intersection size: 1
Step: 0.009091
Tj part: 0.116216
Queue size: 4
Visiting neighbor trace: 5
Intersection size: 1
Step: 0.009091
Tj part: 0.103145
Queue size: 4
Visiting neighbor trace: 11
Intersection size: 1
Step: 0.009091
Tj part: 0.125000
Queue size: 4
Visiting neighbor trace: 13
Intersection size: 1
Step: 0.009091
Tj part: 0.076923
Queue size: 4
Visiting neighbor trace: 15
Intersection size: 1
Step: 0.009091
Tj part: 0.083333
Queue size: 4
Visiting neighbor trace: 16
Intersection size: 1
Step: 0.009091
Tj part: 0.071429
Queue size: 4
Visiting neighbor trace: 17
Intersection size: 2
Step: 0.018182
Tj part: 0.250000
Queue size: 4
Visiting neighbor trace: 19
Intersection size: 1
Step: 0.009091
Tj part: 0.111111
Queue size: 4
Visiting neighbor trace: 20
Intersection size: 2
Step: 0.018182
Tj part: 0.222222
Queue size: 4
Visiting neighbor trace: 22
Intersection size: 1
Step: 0.009091
Tj part: 0.100000
Queue size: 4
Visiting neighbor trace: 23
Intersection size: 1
Step: 0.009091
Tj part: 0.111111
Queue size: 4
Visiting neighbor trace: 24
Intersection size: 1
Step: 0.009091
Tj part: 0.111111
Queue size: 4
Visiting neighbor trace: 25
Intersection size: 2
Step: 0.018182
Tj part: 0.166667
Queue size: 4
Visiting neighbor trace: 26
Intersection size: 1
Step: 0.009091
Tj part: 0.111111
Queue size: 4
Visiting neighbor trace: 29
Intersection size: 2
Step: 0.018182
Tj part: 0.222222
Queue size: 4
Visiting neighbor trace: 30
Intersection size: 1
Step: 0.009091
Tj part: 0.142857
Queue size: 4
Visiting neighbor trace: 31
Intersection size: 2
Step: 0.018182
Tj part: 0.181818
Queue size: 4
Visiting neighbor trace: 32
Intersection size: 2
Step: 0.018182
Tj part: 0.222222
Queue size: 4
Visiting neighbor trace: 33
Intersection size: 1
Step: 0.009091
Tj part: 0.076923
Queue size: 4
Visiting neighbor trace: 34
Intersection size: 1
Step: 0.009091
Tj part: 0.090909
Queue size: 4
Visiting neighbor trace: 35
Intersection size: 2
Step: 0.018182
Tj part: 0.181818
Queue size: 4
Visiting neighbor trace: 37
Intersection size: 1
Step: 0.009091
Tj part: 0.100000
Queue size: 4
Visiting neighbor trace: 38
Intersection size: 1
Step: 0.009091
Tj part: 0.090909
Queue size: 4
Visiting neighbor trace: 39
Intersection size: 1
Step: 0.009091
Tj part: 0.066667
Queue size: 4
Visiting neighbor trace: 41
Intersection size: 1
Step: 0.009091
Tj part: 0.083333
Queue size: 4
Visiting neighbor trace: 42
Intersection size: 1
Step: 0.009091
Tj part: 0.100000
Queue size: 4
Visiting neighbor trace: 9
Intersection size: 1
Step: 0.009091
Tj part: 0.119003
Queue size: 4
Visiting neighbor trace: 21
Intersection size: 1
Step: 0.009091
Tj part: 0.111111
Queue size: 4
Visiting neighbor trace: 27
Intersection size: 2
Step: 0.018182
Tj part: 0.222222
Queue size: 4
Visiting neighbor trace: 28
Intersection size: 1
Step: 0.009091
Tj part: 0.090909
Queue size: 4
Current trace: 38 with activation 0.100000
Visited neighbors: 28
Visiting neighbor trace: 1
Intersection size: 1
Step: 0.009091
Tj part: 0.116216
Queue size: 3
Visiting neighbor trace: 5
Intersection size: 1
Step: 0.009091
Tj part: 0.103145
Queue size: 3
Visiting neighbor trace: 11
Intersection size: 1
Step: 0.009091
Tj part: 0.125000
Queue size: 3
Visiting neighbor trace: 13
Intersection size: 1
Step: 0.009091
Tj part: 0.076923
Queue size: 3
Visiting neighbor trace: 15
Intersection size: 1
Step: 0.009091
Tj part: 0.083333
Queue size: 3
Visiting neighbor trace: 16
Intersection size: 1
Step: 0.009091
Tj part: 0.071429
Queue size: 3
Visiting neighbor trace: 17
Intersection size: 1
Step: 0.009091
Tj part: 0.125000
Queue size: 3
Visiting neighbor trace: 19
Intersection size: 2
Step: 0.018182
Tj part: 0.222222
Queue size: 3
Visiting neighbor trace: 20
Intersection size: 1
Step: 0.009091
Tj part: 0.111111
Queue size: 3
Visiting neighbor trace: 22
Intersection size: 1
Step: 0.009091
Tj part: 0.100000
Queue size: 3
Visiting neighbor trace: 23
Intersection size: 1
Step: 0.009091
Tj part: 0.111111
Queue size: 3
Visiting neighbor trace: 24
Intersection size: 2
Step: 0.018182
Tj part: 0.222222
Queue size: 3
Visiting neighbor trace: 25
Intersection size: 1
Step: 0.009091
Tj part: 0.083333
Queue size: 3
Visiting neighbor trace: 26
Intersection size: 1
Step: 0.009091
Tj part: 0.111111
Queue size: 3
Visiting neighbor trace: 29
Intersection size: 1
Step: 0.009091
Tj part: 0.111111
Queue size: 3
Visiting neighbor trace: 30
Intersection size: 1
Step: 0.009091
Tj part: 0.142857
Queue size: 3
Visiting neighbor trace: 31
Intersection size: 1
Step: 0.009091
Tj part: 0.090909
Queue size: 3
Visiting neighbor trace: 32
Intersection size: 1
Step: 0.009091
Tj part: 0.111111
Queue size: 3
Visiting neighbor trace: 33
Intersection size: 1
Step: 0.009091
Tj part: 0.076923
Queue size: 3
Visiting neighbor trace: 34
Intersection size: 3
Step: 0.027273
Tj part: 0.272727
Queue size: 3
Visiting neighbor trace: 35
Intersection size: 1
Step: 0.009091
Tj part: 0.090909
Queue size: 3
Visiting neighbor trace: 36
Intersection size: 1
Step: 0.009091
Tj part: 0.090909
Queue size: 3
Visiting neighbor trace: 37
Intersection size: 3
Step: 0.027273
Tj part: 0.300000
Queue size: 3
Visiting neighbor trace: 39
Intersection size: 3
Step: 0.027273
Tj part: 0.200000
Queue size: 3
Visiting neighbor trace: 41
Intersection size: 2
Step: 0.018182
Tj part: 0.166667
Queue size: 3
Visiting neighbor trace: 42
Intersection size: 1
Step: 0.009091
Tj part: 0.100000
Queue size: 3
Visiting neighbor trace: 7
Intersection size: 2
Step: 0.018182
Tj part: 0.177005
Queue size: 3
Visiting neighbor trace: 3
Intersection size: 1
Step: 0.009091
Tj part: 0.097724
Queue size: 3
Current trace: 39 with activation 0.100000
Visited neighbors: 29
Visiting neighbor trace: 1
Intersection size: 1
Step: 0.006667
Tj part: 0.116216
Queue size: 2
Visiting neighbor trace: 5
Intersection size: 1
Step: 0.006667
Tj part: 0.103145
Queue size: 2
Visiting neighbor trace: 11
Intersection size: 1
Step: 0.006667
Tj part: 0.125000
Queue size: 2
Visiting neighbor trace: 13
Intersection size: 1
Step: 0.006667
Tj part: 0.076923
Queue size: 2
Visiting neighbor trace: 15
Intersection size: 2
Step: 0.013333
Tj part: 0.166667
Queue size: 2
Visiting neighbor trace: 16
Intersection size: 1
Step: 0.006667
Tj part: 0.071429
Queue size: 2
Visiting neighbor trace: 17
Intersection size: 2
Step: 0.013333
Tj part: 0.250000
Queue size: 2
Visiting neighbor trace: 19
Intersection size: 1
Step: 0.006667
Tj part: 0.111111
Queue size: 2
Visiting neighbor trace: 20
Intersection size: 1
Step: 0.006667
Tj part: 0.111111
Queue size: 2
Visiting neighbor trace: 22
Intersection size: 1
Step: 0.006667
Tj part: 0.100000
Queue size: 2
Visiting neighbor trace: 23
Intersection size: 1
Step: 0.006667
Tj part: 0.111111
Queue size: 2
Visiting neighbor trace: 24
Intersection size: 2
Step: 0.013333
Tj part: 0.222222
Queue size: 2
Visiting neighbor trace: 25
Intersection size: 1
Step: 0.006667
Tj part: 0.083333
Queue size: 2
Visiting neighbor trace: 26
Intersection size: 2
Step: 0.013333
Tj part: 0.222222
Queue size: 2
Visiting neighbor trace: 29
Intersection size: 2
Step: 0.013333
Tj part: 0.222222
Queue size: 2
Visiting neighbor trace: 30
Intersection size: 2
Step: 0.013333
Tj part: 0.285714
Queue size: 2
Visiting neighbor trace: 31
Intersection size: 1
Step: 0.006667
Tj part: 0.090909
Queue size: 2
Visiting neighbor trace: 32
Intersection size: 1
Step: 0.006667
Tj part: 0.111111
Queue size: 2
Visiting neighbor trace: 33
Intersection size: 1
Step: 0.006667
Tj part: 0.076923
Queue size: 2
Visiting neighbor trace: 34
Intersection size: 2
Step: 0.013333
Tj part: 0.181818
Queue size: 2
Visiting neighbor trace: 35
Intersection size: 3
Step: 0.020000
Tj part: 0.272727
Queue size: 2
Visiting neighbor trace: 36
Intersection size: 1
Step: 0.006667
Tj part: 0.090909
Queue size: 2
Visiting neighbor trace: 37
Intersection size: 1
Step: 0.006667
Tj part: 0.100000
Queue size: 2
Visiting neighbor trace: 38
Intersection size: 3
Step: 0.020000
Tj part: 0.272727
Queue size: 2
Visiting neighbor trace: 41
Intersection size: 1
Step: 0.006667
Tj part: 0.083333
Queue size: 2
Visiting neighbor trace: 42
Intersection size: 1
Step: 0.006667
Tj part: 0.100000
Queue size: 2
Visiting neighbor trace: 27
Intersection size: 1
Step: 0.006667
Tj part: 0.111111
Queue size: 2
Visiting neighbor trace: 7
Intersection size: 2
Step: 0.013333
Tj part: 0.177005
Queue size: 2
Visiting neighbor trace: 28
Intersection size: 1
Step: 0.006667
Tj part: 0.090909
Queue size: 2
Current trace: 2 with activation 0.100000
Visited neighbors: 14
Visiting neighbor trace: 0
Intersection size: 1
Step: 0.014286
Tj part: 0.136004
Queue size: 1
Visiting neighbor trace: 10
Intersection size: 1
Step: 0.014286
Tj part: 0.142857
Queue size: 1
Visiting neighbor trace: 23
Intersection size: 2
Step: 0.028571
Tj part: 0.222222
Queue size: 1
Visiting neighbor trace: 27
Intersection size: 1
Step: 0.014286
Tj part: 0.111111
Queue size: 1
Visiting neighbor trace: 28
Intersection size: 2
Step: 0.028571
Tj part: 0.181818
Queue size: 1
Visiting neighbor trace: 16
Intersection size: 1
Step: 0.014286
Tj part: 0.071429
Queue size: 1
Visiting neighbor trace: 20
Intersection size: 1
Step: 0.014286
Tj part: 0.111111
Queue size: 1
Visiting neighbor trace: 19
Intersection size: 1
Step: 0.014286
Tj part: 0.111111
Queue size: 1
Visiting neighbor trace: 24
Intersection size: 1
Step: 0.014286
Tj part: 0.111111
Queue size: 1
Visiting neighbor trace: 32
Intersection size: 1
Step: 0.014286
Tj part: 0.111111
Queue size: 1
Visiting neighbor trace: 33
Intersection size: 1
Step: 0.014286
Tj part: 0.076923
Queue size: 1
Visiting neighbor trace: 42
Intersection size: 1
Step: 0.014286
Tj part: 0.100000
Queue size: 1
Visiting neighbor trace: 9
Intersection size: 1
Step: 0.014286
Tj part: 0.119003
Queue size: 1
Visiting neighbor trace: 41
Intersection size: 1
Step: 0.014286
Tj part: 0.083333
Queue size: 1
Current trace: 28 with activation 0.100000
Visited neighbors: 15
Visiting neighbor trace: 0
Intersection size: 1
Step: 0.009091
Tj part: 0.136004
Queue size: 0
Visiting neighbor trace: 2
Intersection size: 2
Step: 0.018182
Tj part: 0.177080
Queue size: 0
Visiting neighbor trace: 10
Intersection size: 1
Step: 0.009091
Tj part: 0.142857
Queue size: 0
Visiting neighbor trace: 23
Intersection size: 2
Step: 0.018182
Tj part: 0.222222
Queue size: 0
Visiting neighbor trace: 27
Intersection size: 3
Step: 0.027273
Tj part: 0.333333
Queue size: 0
Visiting neighbor trace: 19
Intersection size: 1
Step: 0.009091
Tj part: 0.111111
Queue size: 0
Visiting neighbor trace: 24
Intersection size: 1
Step: 0.009091
Tj part: 0.111111
Queue size: 0
Visiting neighbor trace: 32
Intersection size: 1
Step: 0.009091
Tj part: 0.111111
Queue size: 0
Visiting neighbor trace: 33
Intersection size: 1
Step: 0.009091
Tj part: 0.076923
Queue size: 0
Visiting neighbor trace: 42
Intersection size: 1
Step: 0.009091
Tj part: 0.100000
Queue size: 0
Visiting neighbor trace: 36
Intersection size: 1
Step: 0.009091
Tj part: 0.090909
Queue size: 0
Visiting neighbor trace: 26
Intersection size: 1
Step: 0.009091
Tj part: 0.111111
Queue size: 0
Visiting neighbor trace: 7
Intersection size: 1
Step: 0.009091
Tj part: 0.088502
Queue size: 0
Visiting neighbor trace: 35
Intersection size: 1
Step: 0.009091
Tj part: 0.090909
Queue size: 0
Visiting neighbor trace: 39
Intersection size: 1
Step: 0.009091
Tj part: 0.066667
Queue size: 0
Propagated trace for words: 10
Pruned traces for words: 10
Predicted understanding for words: 10
Processed words: 10
Error: 0.799791
Updating proficiency for words: 12
Adding trace for words: 12
Added trace for words: 12
Propagating trace: 43 with activation 1.000000
Current trace: 43 with activation 1.000000
Visited neighbors: 34
Visiting neighbor trace: 9
Intersection size: 1
Step: 0.083333
Tj part: 0.119003
Queue size: 0
Visiting neighbor trace: 1
Intersection size: 2
Step: 0.166667
Tj part: 0.232432
Queue size: 0
Visiting neighbor trace: 19
Intersection size: 3
Step: 0.250000
Tj part: 0.333333
Queue size: 0
Visiting neighbor trace: 11
Intersection size: 2
Step: 0.166667
Tj part: 0.250000
Queue size: 0
Visiting neighbor trace: 3
Intersection size: 1
Step: 0.083333
Tj part: 0.097724
Queue size: 0
Visiting neighbor trace: 6
Intersection size: 1
Step: 0.083333
Tj part: 0.085216
Queue size: 0
Visiting neighbor trace: 21
Intersection size: 2
Step: 0.166667
Tj part: 0.222222
Queue size: 0
Visiting neighbor trace: 13
Intersection size: 3
Step: 0.250000
Tj part: 0.230769
Queue size: 1
Visiting neighbor trace: 27
Intersection size: 2
Step: 0.166667
Tj part: 0.222222
Queue size: 1
Visiting neighbor trace: 37
Intersection size: 3
Step: 0.250000
Tj part: 0.300000
Queue size: 1
Visiting neighbor trace: 40
Intersection size: 3
Step: 0.250000
Tj part: 0.272727
Queue size: 1
Visiting neighbor trace: 41
Intersection size: 2
Step: 0.166667
Tj part: 0.166667
Queue size: 1
Visiting neighbor trace: 42
Intersection size: 2
Step: 0.166667
Tj part: 0.200000
Queue size: 1
Visiting neighbor trace: 5
Intersection size: 1
Step: 0.083333
Tj part: 0.103145
Queue size: 1
Visiting neighbor trace: 15
Intersection size: 2
Step: 0.166667
Tj part: 0.166667
Queue size: 1
Visiting neighbor trace: 16
Intersection size: 2
Step: 0.166667
Tj part: 0.142857
Queue size: 2
Visiting neighbor trace: 17
Intersection size: 2
Step: 0.166667
Tj part: 0.250000
Queue size: 2
Visiting neighbor trace: 20
Intersection size: 2
Step: 0.166667
Tj part: 0.222222
Queue size: 2
Visiting neighbor trace: 22
Intersection size: 1
Step: 0.083333
Tj part: 0.100000
Queue size: 2
Visiting neighbor trace: 23
Intersection size: 1
Step: 0.083333
Tj part: 0.111111
Queue size: 2
Visiting neighbor trace: 24
Intersection size: 1
Step: 0.083333
Tj part: 0.111111
Queue size: 2
Visiting neighbor trace: 25
Intersection size: 1
Step: 0.083333
Tj part: 0.083333
Queue size: 2
Visiting neighbor trace: 26
Intersection size: 2
Step: 0.166667
Tj part: 0.222222
Queue size: 2
Visiting neighbor trace: 29
Intersection size: 1
Step: 0.083333
Tj part: 0.111111
Queue size: 2
Visiting neighbor trace: 30
Intersection size: 2
Step: 0.166667
Tj part: 0.285714
Queue size: 2
Visiting neighbor trace: 31
Intersection size: 3
Step: 0.250000
Tj part: 0.272727
Queue size: 2
Visiting neighbor trace: 32
Intersection size: 1
Step: 0.083333
Tj part: 0.111111
Queue size: 2
Visiting neighbor trace: 33
Intersection size: 2
Step: 0.166667
Tj part: 0.153846
Queue size: 3
Visiting neighbor trace: 34
Intersection size: 2
Step: 0.166667
Tj part: 0.181818
Queue size: 3
Visiting neighbor trace: 35
Intersection size: 1
Step: 0.083333
Tj part: 0.090909
Queue size: 3
Visiting neighbor trace: 36
Intersection size: 1
Step: 0.083333
Tj part: 0.090909
Queue size: 3
Visiting neighbor trace: 38
Intersection size: 1
Step: 0.083333
Tj part: 0.090909
Queue size: 3
Visiting neighbor trace: 39
Intersection size: 1
Step: 0.083333
Tj part: 0.066667
Queue size: 4
Visiting neighbor trace: 12
Intersection size: 1
Step: 0.083333
Tj part: 0.125000
Queue size: 4
Current trace: 13 with activation 0.250000
Visited neighbors: 34
Visiting neighbor trace: 1
Intersection size: 3
Step: 0.057692
Tj part: 0.348648
Queue size: 3
Visiting neighbor trace: 3
Intersection size: 2
Step: 0.038462
Tj part: 0.195448
Queue size: 3
Visiting neighbor trace: 6
Intersection size: 1
Step: 0.019231
Tj part: 0.085216
Queue size: 3
Visiting neighbor trace: 9
Intersection size: 1
Step: 0.019231
Tj part: 0.119003
Queue size: 3
Visiting neighbor trace: 11
Intersection size: 3
Step: 0.057692
Tj part: 0.375000
Queue size: 3
Visiting neighbor trace: 19
Intersection size: 2
Step: 0.038462
Tj part: 0.222222
Queue size: 3
Visiting neighbor trace: 21
Intersection size: 1
Step: 0.019231
Tj part: 0.111111
Queue size: 3
Visiting neighbor trace: 27
Intersection size: 2
Step: 0.038462
Tj part: 0.222222
Queue size: 3
Visiting neighbor trace: 37
Intersection size: 2
Step: 0.038462
Tj part: 0.200000
Queue size: 3
Visiting neighbor trace: 40
Intersection size: 1
Step: 0.019231
Tj part: 0.090909
Queue size: 3
Visiting neighbor trace: 41
Intersection size: 2
Step: 0.038462
Tj part: 0.166667
Queue size: 3
Visiting neighbor trace: 42
Intersection size: 2
Step: 0.038462
Tj part: 0.200000
Queue size: 3
Visiting neighbor trace: 43
Intersection size: 3
Step: 0.057692
Tj part: 0.250000
Queue size: 3
Visiting neighbor trace: 5
Intersection size: 1
Step: 0.019231
Tj part: 0.103145
Queue size: 3
Visiting neighbor trace: 15
Intersection size: 1
Step: 0.019231
Tj part: 0.083333
Queue size: 3
Visiting neighbor trace: 16
Intersection size: 2
Step: 0.038462
Tj part: 0.142857
Queue size: 3
Visiting neighbor trace: 17
Intersection size: 1
Step: 0.019231
Tj part: 0.125000
Queue size: 3
Visiting neighbor trace: 20
Intersection size: 1
Step: 0.019231
Tj part: 0.111111
Queue size: 3
Visiting neighbor trace: 22
Intersection size: 3
Step: 0.057692
Tj part: 0.300000
Queue size: 3
Visiting neighbor trace: 23
Intersection size: 1
Step: 0.019231
Tj part: 0.111111
Queue size: 3
Visiting neighbor trace: 24
Intersection size: 1
Step: 0.019231
Tj part: 0.111111
Queue size: 3
Visiting neighbor trace: 25
Intersection size: 1
Step: 0.019231
Tj part: 0.083333
Queue size: 3
Visiting neighbor trace: 26
Intersection size: 2
Step: 0.038462
Tj part: 0.222222
Queue size: 3
Visiting neighbor trace: 29
Intersection size: 3
Step: 0.057692
Tj part: 0.333333
Queue size: 3
Visiting neighbor trace: 30
Intersection size: 2
Step: 0.038462
Tj part: 0.285714
Queue size: 3
Visiting neighbor trace: 31
Intersection size: 2
Step: 0.038462
Tj part: 0.181818
Queue size: 3
Visiting neighbor trace: 32
Intersection size: 2
Step: 0.038462
Tj part: 0.222222
Queue size: 3
Visiting neighbor trace: 33
Intersection size: 1
Step: 0.019231
Tj part: 0.076923
Queue size: 3
Visiting neighbor trace: 34
Intersection size: 1
Step: 0.019231
Tj part: 0.090909
Queue size: 3
Visiting neighbor trace: 35
Intersection size: 1
Step: 0.019231
Tj part: 0.090909
Queue size: 3
Visiting neighbor trace: 36
Intersection size: 1
Step: 0.019231
Tj part: 0.090909
Queue size: 3
Visiting neighbor trace: 38
Intersection size: 1
Step: 0.019231
Tj part: 0.090909
Queue size: 3
Visiting neighbor trace: 39
Intersection size: 1
Step: 0.019231
Tj part: 0.066667
Queue size: 3
Visiting neighbor trace: 14
Intersection size: 2
Step: 0.038462
Tj part: 0.222222
Queue size: 3
Current trace: 16 with activation 0.166667
Visited neighbors: 31
Visiting neighbor trace: 1
Intersection size: 1
Step: 0.011905
Tj part: 0.116216
Queue size: 2
Visiting neighbor trace: 5
Intersection size: 1
Step: 0.011905
Tj part: 0.103145
Queue size: 2
Visiting neighbor trace: 11
Intersection size: 1
Step: 0.011905
Tj part: 0.125000
Queue size: 2
Visiting neighbor trace: 13
Intersection size: 2
Step: 0.023810
Tj part: 0.153846
Queue size: 2
Visiting neighbor trace: 15
Intersection size: 2
Step: 0.023810
Tj part: 0.166667
Queue size: 2
Visiting neighbor trace: 17
Intersection size: 1
Step: 0.011905
Tj part: 0.125000
Queue size: 2
Visiting neighbor trace: 19
Intersection size: 2
Step: 0.023810
Tj part: 0.222222
Queue size: 2
Visiting neighbor trace: 20
Intersection size: 3
Step: 0.035714
Tj part: 0.333333
Queue size: 2
Visiting neighbor trace: 22
Intersection size: 2
Step: 0.023810
Tj part: 0.200000
Queue size: 2
Visiting neighbor trace: 23
Intersection size: 1
Step: 0.011905
Tj part: 0.111111
Queue size: 2
Visiting neighbor trace: 24
Intersection size: 2
Step: 0.023810
Tj part: 0.222222
Queue size: 2
Visiting neighbor trace: 25
Intersection size: 3
Step: 0.035714
Tj part: 0.250000
Queue size: 2
Visiting neighbor trace: 26
Intersection size: 3
Step: 0.035714
Tj part: 0.333333
Queue size: 2
Visiting neighbor trace: 29
Intersection size: 1
Step: 0.011905
Tj part: 0.111111
Queue size: 2
Visiting neighbor trace: 30
Intersection size: 2
Step: 0.023810
Tj part: 0.285714
Queue size: 2
Visiting neighbor trace: 31
Intersection size: 1
Step: 0.011905
Tj part: 0.090909
Queue size: 2
Visiting neighbor trace: 32
Intersection size: 2
Step: 0.023810
Tj part: 0.222222
Queue size: 2
Visiting neighbor trace: 33
Intersection size: 2
Step: 0.023810
Tj part: 0.153846
Queue size: 2
Visiting neighbor trace: 34
Intersection size: 1
Step: 0.011905
Tj part: 0.090909
Queue size: 2
Visiting neighbor trace: 35
Intersection size: 2
Step: 0.023810
Tj part: 0.181818
Queue size: 2
Visiting neighbor trace: 36
Intersection size: 1
Step: 0.011905
Tj part: 0.090909
Queue size: 2
Visiting neighbor trace: 37
Intersection size: 2
Step: 0.023810
Tj part: 0.200000
Queue size: 2
Visiting neighbor trace: 38
Intersection size: 1
Step: 0.011905
Tj part: 0.090909
Queue size: 2
Visiting neighbor trace: 39
Intersection size: 1
Step: 0.011905
Tj part: 0.066667
Queue size: 2
Visiting neighbor trace: 41
Intersection size: 1
Step: 0.011905
Tj part: 0.083333
Queue size: 2
Visiting neighbor trace: 42
Intersection size: 2
Step: 0.023810
Tj part: 0.200000
Queue size: 2
Visiting neighbor trace: 43
Intersection size: 2
Step: 0.023810
Tj part: 0.166667
Queue size: 2
Visiting neighbor trace: 2
Intersection size: 1
Step: 0.011905
Tj part: 0.088540
Queue size: 2
Visiting neighbor trace: 6
Intersection size: 1
Step: 0.011905
Tj part: 0.085216
Queue size: 2
Visiting neighbor trace: 8
Intersection size: 1
Step: 0.011905
Tj part: 0.081117
Queue size: 2
Visiting neighbor trace: 27
Intersection size: 1
Step: 0.011905
Tj part: 0.111111
Queue size: 2
Current trace: 33 with activation 0.166667
Visited neighbors: 32
Visiting neighbor trace: 1
Intersection size: 1
Step: 0.012821
Tj part: 0.116216
Queue size: 1
Visiting neighbor trace: 5
Intersection size: 1
Step: 0.012821
Tj part: 0.103145
Queue size: 1
Visiting neighbor trace: 11
Intersection size: 1
Step: 0.012821
Tj part: 0.125000
Queue size: 1
Visiting neighbor trace: 13
Intersection size: 1
Step: 0.012821
Tj part: 0.076923
Queue size: 1
Visiting neighbor trace: 15
Intersection size: 3
Step: 0.038462
Tj part: 0.250000
Queue size: 1
Visiting neighbor trace: 16
Intersection size: 2
Step: 0.025641
Tj part: 0.142857
Queue size: 1
Visiting neighbor trace: 17
Intersection size: 1
Step: 0.012821
Tj part: 0.125000
Queue size: 1
Visiting neighbor trace: 19
Intersection size: 5
Step: 0.064103
Tj part: 0.555556
Queue size: 1
Visiting neighbor trace: 20
Intersection size: 1
Step: 0.012821
Tj part: 0.111111
Queue size: 1
Visiting neighbor trace: 22
Intersection size: 1
Step: 0.012821
Tj part: 0.100000
Queue size: 1
Visiting neighbor trace: 23
Intersection size: 4
Step: 0.051282
Tj part: 0.444444
Queue size: 1
Visiting neighbor trace: 24
Intersection size: 2
Step: 0.025641
Tj part: 0.222222
Queue size: 1
Visiting neighbor trace: 25
Intersection size: 2
Step: 0.025641
Tj part: 0.166667
Queue size: 1
Visiting neighbor trace: 26
Intersection size: 2
Step: 0.025641
Tj part: 0.222222
Queue size: 1
Visiting neighbor trace: 29
Intersection size: 1
Step: 0.012821
Tj part: 0.111111
Queue size: 1
Visiting neighbor trace: 30
Intersection size: 1
Step: 0.012821
Tj part: 0.142857
Queue size: 1
Visiting neighbor trace: 31
Intersection size: 1
Step: 0.012821
Tj part: 0.090909
Queue size: 1
Visiting neighbor trace: 32
Intersection size: 2
Step: 0.025641
Tj part: 0.222222
Queue size: 1
Visiting neighbor trace: 34
Intersection size: 2
Step: 0.025641
Tj part: 0.181818
Queue size: 1
Visiting neighbor trace: 35
Intersection size: 1
Step: 0.012821
Tj part: 0.090909
Queue size: 1
Visiting neighbor trace: 36
Intersection size: 1
Step: 0.012821
Tj part: 0.090909
Queue size: 1
Visiting neighbor trace: 37
Intersection size: 2
Step: 0.025641
Tj part: 0.200000
Queue size: 1
Visiting neighbor trace: 38
Intersection size: 1
Step: 0.012821
Tj part: 0.090909
Queue size: 1
Visiting neighbor trace: 39
Intersection size: 1
Step: 0.012821
Tj part: 0.066667
Queue size: 1
Visiting neighbor trace: 41
Intersection size: 2
Step: 0.025641
Tj part: 0.166667
Queue size: 1
Visiting neighbor trace: 42
Intersection size: 4
Step: 0.051282
Tj part: 0.400000
Queue size: 1
Visiting neighbor trace: 43
Intersection size: 2
Step: 0.025641
Tj part: 0.166667
Queue size: 1
Visiting neighbor trace: 14
Intersection size: 1
Step: 0.012821
Tj part: 0.111111
Queue size: 1
Visiting neighbor trace: 40
Intersection size: 1
Step: 0.012821
Tj part: 0.090909
Queue size: 1
Visiting neighbor trace: 3
Intersection size: 1
Step: 0.012821
Tj part: 0.097724
Queue size: 1
Visiting neighbor trace: 2
Intersection size: 1
Step: 0.012821
Tj part: 0.088540
Queue size: 1
Visiting neighbor trace: 28
Intersection size: 1
Step: 0.012821
Tj part: 0.090909
Queue size: 1
Current trace: 39 with activation 0.083333
Visited neighbors: 30
Visiting neighbor trace: 1
Intersection size: 1
Step: 0.005556
Tj part: 0.116216
Queue size: 0
Visiting neighbor trace: 5
Intersection size: 1
Step: 0.005556
Tj part: 0.103145
Queue size: 0
Visiting neighbor trace: 11
Intersection size: 1
Step: 0.005556
Tj part: 0.125000
Queue size: 0
Visiting neighbor trace: 13
Intersection size: 1
Step: 0.005556
Tj part: 0.076923
Queue size: 0
Visiting neighbor trace: 15
Intersection size: 2
Step: 0.011111
Tj part: 0.166667
Queue size: 0
Visiting neighbor trace: 16
Intersection size: 1
Step: 0.005556
Tj part: 0.071429
Queue size: 0
Visiting neighbor trace: 17
Intersection size: 2
Step: 0.011111
Tj part: 0.250000
Queue size: 0
Visiting neighbor trace: 19
Intersection size: 1
Step: 0.005556
Tj part: 0.111111
Queue size: 0
Visiting neighbor trace: 20
Intersection size: 1
Step: 0.005556
Tj part: 0.111111
Queue size: 0
Visiting neighbor trace: 22
Intersection size: 1
Step: 0.005556
Tj part: 0.100000
Queue size: 0
Visiting neighbor trace: 23
Intersection size: 1
Step: 0.005556
Tj part: 0.111111
Queue size: 0
Visiting neighbor trace: 24
Intersection size: 2
Step: 0.011111
Tj part: 0.222222
Queue size: 0
Visiting neighbor trace: 25
Intersection size: 1
Step: 0.005556
Tj part: 0.083333
Queue size: 0
Visiting neighbor trace: 26
Intersection size: 2
Step: 0.011111
Tj part: 0.222222
Queue size: 0
Visiting neighbor trace: 29
Intersection size: 2
Step: 0.011111
Tj part: 0.222222
Queue size: 0
Visiting neighbor trace: 30
Intersection size: 2
Step: 0.011111
Tj part: 0.285714
Queue size: 0
Visiting neighbor trace: 31
Intersection size: 1
Step: 0.005556
Tj part: 0.090909
Queue size: 0
Visiting neighbor trace: 32
Intersection size: 1
Step: 0.005556
Tj part: 0.111111
Queue size: 0
Visiting neighbor trace: 33
Intersection size: 1
Step: 0.005556
Tj part: 0.076923
Queue size: 0
Visiting neighbor trace: 34
Intersection size: 2
Step: 0.011111
Tj part: 0.181818
Queue size: 0
Visiting neighbor trace: 35
Intersection size: 3
Step: 0.016667
Tj part: 0.272727
Queue size: 0
Visiting neighbor trace: 36
Intersection size: 1
Step: 0.005556
Tj part: 0.090909
Queue size: 0
Visiting neighbor trace: 37
Intersection size: 1
Step: 0.005556
Tj part: 0.100000
Queue size: 0
Visiting neighbor trace: 38
Intersection size: 3
Step: 0.016667
Tj part: 0.272727
Queue size: 0
Visiting neighbor trace: 41
Intersection size: 1
Step: 0.005556
Tj part: 0.083333
Queue size: 0
Visiting neighbor trace: 42
Intersection size: 1
Step: 0.005556
Tj part: 0.100000
Queue size: 0
Visiting neighbor trace: 43
Intersection size: 1
Step: 0.005556
Tj part: 0.083333
Queue size: 0
Visiting neighbor trace: 27
Intersection size: 1
Step: 0.005556
Tj part: 0.111111
Queue size: 0
Visiting neighbor trace: 7
Intersection size: 2
Step: 0.011111
Tj part: 0.177005
Queue size: 0
Visiting neighbor trace: 28
Intersection size: 1
Step: 0.005556
Tj part: 0.090909
Queue size: 0
Propagated trace for words: 12
Pruned traces for words: 12
Predicted understanding for words: 12
Processed words: 12
Error: 0.800596
Updating proficiency for words: 9
Adding trace for words: 9
Added trace for words: 9
Propagating trace: 44 with activation 1.000000
Current trace: 44 with activation 1.000000
Visited neighbors: 33
Visiting neighbor trace: 17
Intersection size: 2
Step: 0.222222
Tj part: 0.250000
Queue size: 0
Visiting neighbor trace: 1
Intersection size: 1
Step: 0.111111
Tj part: 0.116216
Queue size: 0
Visiting neighbor trace: 13
Intersection size: 1
Step: 0.111111
Tj part: 0.076923
Queue size: 1
Visiting neighbor trace: 5
Intersection size: 1
Step: 0.111111
Tj part: 0.103145
Queue size: 2
Visiting neighbor trace: 19
Intersection size: 1
Step: 0.111111
Tj part: 0.111111
Queue size: 2
Visiting neighbor trace: 11
Intersection size: 1
Step: 0.111111
Tj part: 0.125000
Queue size: 2
Visiting neighbor trace: 15
Intersection size: 1
Step: 0.111111
Tj part: 0.083333
Queue size: 3
Visiting neighbor trace: 16
Intersection size: 1
Step: 0.111111
Tj part: 0.071429
Queue size: 4
Visiting neighbor trace: 20
Intersection size: 2
Step: 0.222222
Tj part: 0.222222
Queue size: 4
Visiting neighbor trace: 22
Intersection size: 1
Step: 0.111111
Tj part: 0.100000
Queue size: 5
Visiting neighbor trace: 23
Intersection size: 1
Step: 0.111111
Tj part: 0.111111
Queue size: 5
Visiting neighbor trace: 24
Intersection size: 1
Step: 0.111111
Tj part: 0.111111
Queue size: 5
Visiting neighbor trace: 25
Intersection size: 2
Step: 0.222222
Tj part: 0.166667
Queue size: 6
Visiting neighbor trace: 26
Intersection size: 1
Step: 0.111111
Tj part: 0.111111
Queue size: 6
Visiting neighbor trace: 29
Intersection size: 2
Step: 0.222222
Tj part: 0.222222
Queue size: 6
Visiting neighbor trace: 30
Intersection size: 1
Step: 0.111111
Tj part: 0.142857
Queue size: 6
Visiting neighbor trace: 31
Intersection size: 1
Step: 0.111111
Tj part: 0.090909
Queue size: 7
Visiting neighbor trace: 32
Intersection size: 1
Step: 0.111111
Tj part: 0.111111
Queue size: 7
Visiting neighbor trace: 33
Intersection size: 1
Step: 0.111111
Tj part: 0.076923
Queue size: 8
Visiting neighbor trace: 34
Intersection size: 1
Step: 0.111111
Tj part: 0.090909
Queue size: 9
Visiting neighbor trace: 35
Intersection size: 2
Step: 0.222222
Tj part: 0.181818
Queue size: 10
Visiting neighbor trace: 36
Intersection size: 2
Step: 0.222222
Tj part: 0.181818
Queue size: 11
Visiting neighbor trace: 37
Intersection size: 2
Step: 0.222222
Tj part: 0.200000
Queue size: 12
Visiting neighbor trace: 38
Intersection size: 1
Step: 0.111111
Tj part: 0.090909
Queue size: 13
Visiting neighbor trace: 39
Intersection size: 1
Step: 0.111111
Tj part: 0.066667
Queue size: 14
Visiting neighbor trace: 41
Intersection size: 1
Step: 0.111111
Tj part: 0.083333
Queue size: 15
Visiting neighbor trace: 42
Intersection size: 1
Step: 0.111111
Tj part: 0.100000
Queue size: 16
Visiting neighbor trace: 43
Intersection size: 1
Step: 0.111111
Tj part: 0.083333
Queue size: 17
Visiting neighbor trace: 9
Intersection size: 1
Step: 0.111111
Tj part: 0.119003
Queue size: 17
Visiting neighbor trace: 21
Intersection size: 2
Step: 0.222222
Tj part: 0.222222
Queue size: 17
Visiting neighbor trace: 27
Intersection size: 1
Step: 0.111111
Tj part: 0.111111
Queue size: 17
Visiting neighbor trace: 12
Intersection size: 1
Step: 0.111111
Tj part: 0.125000
Queue size: 17
Visiting neighbor trace: 40
Intersection size: 1
Step: 0.111111
Tj part: 0.090909
Queue size: 18
Current trace: 13 with activation 0.111111
Visited neighbors: 35
Visiting neighbor trace: 1
Intersection size: 3
Step: 0.025641
Tj part: 0.348648
Queue size: 17
Visiting neighbor trace: 3
Intersection size: 2
Step: 0.017094
Tj part: 0.195448
Queue size: 17
Visiting neighbor trace: 6
Intersection size: 1
Step: 0.008547
Tj part: 0.085216
Queue size: 17
Visiting neighbor trace: 9
Intersection size: 1
Step: 0.008547
Tj part: 0.119003
Queue size: 17
Visiting neighbor trace: 11
Intersection size: 3
Step: 0.025641
Tj part: 0.375000
Queue size: 17
Visiting neighbor trace: 19
Intersection size: 2
Step: 0.017094
Tj part: 0.222222
Queue size: 17
Visiting neighbor trace: 21
Intersection size: 1
Step: 0.008547
Tj part: 0.111111
Queue size: 17
Visiting neighbor trace: 27
Intersection size: 2
Step: 0.017094
Tj part: 0.222222
Queue size: 17
Visiting neighbor trace: 37
Intersection size: 2
Step: 0.017094
Tj part: 0.200000
Queue size: 17
Visiting neighbor trace: 40
Intersection size: 1
Step: 0.008547
Tj part: 0.090909
Queue size: 17
Visiting neighbor trace: 41
Intersection size: 2
Step: 0.017094
Tj part: 0.166667
Queue size: 17
Visiting neighbor trace: 42
Intersection size: 2
Step: 0.017094
Tj part: 0.200000
Queue size: 17
Visiting neighbor trace: 43
Intersection size: 3
Step: 0.025641
Tj part: 0.250000
Queue size: 17
Visiting neighbor trace: 5
Intersection size: 1
Step: 0.008547
Tj part: 0.104283
Queue size: 17
Visiting neighbor trace: 15
Intersection size: 1
Step: 0.008547
Tj part: 0.083333
Queue size: 17
Visiting neighbor trace: 16
Intersection size: 2
Step: 0.017094
Tj part: 0.142857
Queue size: 17
Visiting neighbor trace: 17
Intersection size: 1
Step: 0.008547
Tj part: 0.125000
Queue size: 17
Visiting neighbor trace: 20
Intersection size: 1
Step: 0.008547
Tj part: 0.111111
Queue size: 17
Visiting neighbor trace: 22
Intersection size: 3
Step: 0.025641
Tj part: 0.300000
Queue size: 17
Visiting neighbor trace: 23
Intersection size: 1
Step: 0.008547
Tj part: 0.111111
Queue size: 17
Visiting neighbor trace: 24
Intersection size: 1
Step: 0.008547
Tj part: 0.111111
Queue size: 17
Visiting neighbor trace: 25
Intersection size: 1
Step: 0.008547
Tj part: 0.083333
Queue size: 17
Visiting neighbor trace: 26
Intersection size: 2
Step: 0.017094
Tj part: 0.222222
Queue size: 17
Visiting neighbor trace: 29
Intersection size: 3
Step: 0.025641
Tj part: 0.333333
Queue size: 17
Visiting neighbor trace: 30
Intersection size: 2
Step: 0.017094
Tj part: 0.285714
Queue size: 17
Visiting neighbor trace: 31
Intersection size: 2
Step: 0.017094
Tj part: 0.181818
Queue size: 17
Visiting neighbor trace: 32
Intersection size: 2
Step: 0.017094
Tj part: 0.222222
Queue size: 17
Visiting neighbor trace: 33
Intersection size: 1
Step: 0.008547
Tj part: 0.076923
Queue size: 17
Visiting neighbor trace: 34
Intersection size: 1
Step: 0.008547
Tj part: 0.090909
Queue size: 17
Visiting neighbor trace: 35
Intersection size: 1
Step: 0.008547
Tj part: 0.090909
Queue size: 17
Visiting neighbor trace: 36
Intersection size: 1
Step: 0.008547
Tj part: 0.090909
Queue size: 17
Visiting neighbor trace: 38
Intersection size: 1
Step: 0.008547
Tj part: 0.090909
Queue size: 17
Visiting neighbor trace: 39
Intersection size: 1
Step: 0.008547
Tj part: 0.066667
Queue size: 17
Visiting neighbor trace: 44
Intersection size: 1
Step: 0.008547
Tj part: 0.111111
Queue size: 17
Visiting neighbor trace: 14
Intersection size: 2
Step: 0.017094
Tj part: 0.222222
Queue size: 17
Current trace: 5 with activation 0.111111
Visited neighbors: 28
Visiting neighbor trace: 1
Intersection size: 2
Step: 0.031746
Tj part: 0.232432
Queue size: 16
Visiting neighbor trace: 11
Intersection size: 2
Step: 0.031746
Tj part: 0.250000
Queue size: 16
Visiting neighbor trace: 13
Intersection size: 1
Step: 0.015873
Tj part: 0.076923
Queue size: 16
Visiting neighbor trace: 15
Intersection size: 1
Step: 0.015873
Tj part: 0.083333
Queue size: 16
Visiting neighbor trace: 16
Intersection size: 1
Step: 0.015873
Tj part: 0.071429
Queue size: 16
Visiting neighbor trace: 17
Intersection size: 1
Step: 0.015873
Tj part: 0.125000
Queue size: 16
Visiting neighbor trace: 19
Intersection size: 1
Step: 0.015873
Tj part: 0.111111
Queue size: 16
Visiting neighbor trace: 20
Intersection size: 1
Step: 0.015873
Tj part: 0.111111
Queue size: 16
Visiting neighbor trace: 22
Intersection size: 2
Step: 0.031746
Tj part: 0.200000
Queue size: 16
Visiting neighbor trace: 23
Intersection size: 1
Step: 0.015873
Tj part: 0.111111
Queue size: 16
Visiting neighbor trace: 24
Intersection size: 1
Step: 0.015873
Tj part: 0.111111
Queue size: 16
Visiting neighbor trace: 25
Intersection size: 1
Step: 0.015873
Tj part: 0.083333
Queue size: 16
Visiting neighbor trace: 26
Intersection size: 1
Step: 0.015873
Tj part: 0.111111
Queue size: 16
Visiting neighbor trace: 29
Intersection size: 1
Step: 0.015873
Tj part: 0.111111
Queue size: 16
Visiting neighbor trace: 30
Intersection size: 1
Step: 0.015873
Tj part: 0.142857
Queue size: 16
Visiting neighbor trace: 31
Intersection size: 1
Step: 0.015873
Tj part: 0.090909
Queue size: 16
Visiting neighbor trace: 32
Intersection size: 1
Step: 0.015873
Tj part: 0.111111
Queue size: 16
Visiting neighbor trace: 33
Intersection size: 1
Step: 0.015873
Tj part: 0.076923
Queue size: 16
Visiting neighbor trace: 34
Intersection size: 1
Step: 0.015873
Tj part: 0.090909
Queue size: 16
Visiting neighbor trace: 35
Intersection size: 1
Step: 0.015873
Tj part: 0.090909
Queue size: 16
Visiting neighbor trace: 36
Intersection size: 1
Step: 0.015873
Tj part: 0.090909
Queue size: 16
Visiting neighbor trace: 37
Intersection size: 1
Step: 0.015873
Tj part: 0.100000
Queue size: 16
Visiting neighbor trace: 38
Intersection size: 1
Step: 0.015873
Tj part: 0.090909
Queue size: 16
Visiting neighbor trace: 39
Intersection size: 1
Step: 0.015873
Tj part: 0.066667
Queue size: 16
Visiting neighbor trace: 41
Intersection size: 1
Step: 0.015873
Tj part: 0.083333
Queue size: 16
Visiting neighbor trace: 42
Intersection size: 1
Step: 0.015873
Tj part: 0.100000
Queue size: 16
Visiting neighbor trace: 43
Intersection size: 1
Step: 0.015873
Tj part: 0.083333
Queue size: 16
Visiting neighbor trace: 44
Intersection size: 1
Step: 0.015873
Tj part: 0.111111
Queue size: 16
Current trace: 15 with activation 0.111111
Visited neighbors: 30
Visiting neighbor trace: 1
Intersection size: 1
Step: 0.009259
Tj part: 0.116216
Queue size: 15
Visiting neighbor trace: 5
Intersection size: 1
Step: 0.009259
Tj part: 0.104283
Queue size: 15
Visiting neighbor trace: 11
Intersection size: 1
Step: 0.009259
Tj part: 0.125000
Queue size: 15
Visiting neighbor trace: 13
Intersection size: 1
Step: 0.009259
Tj part: 0.076923
Queue size: 15
Visiting neighbor trace: 16
Intersection size: 2
Step: 0.018519
Tj part: 0.142857
Queue size: 15
Visiting neighbor trace: 17
Intersection size: 2
Step: 0.018519
Tj part: 0.250000
Queue size: 15
Visiting neighbor trace: 19
Intersection size: 4
Step: 0.037037
Tj part: 0.444444
Queue size: 15
Visiting neighbor trace: 20
Intersection size: 1
Step: 0.009259
Tj part: 0.111111
Queue size: 15
Visiting neighbor trace: 22
Intersection size: 1
Step: 0.009259
Tj part: 0.100000
Queue size: 15
Visiting neighbor trace: 23
Intersection size: 2
Step: 0.018519
Tj part: 0.222222
Queue size: 15
Visiting neighbor trace: 24
Intersection size: 1
Step: 0.009259
Tj part: 0.111111
Queue size: 15
Visiting neighbor trace: 25
Intersection size: 2
Step: 0.018519
Tj part: 0.166667
Queue size: 15
Visiting neighbor trace: 26
Intersection size: 2
Step: 0.018519
Tj part: 0.222222
Queue size: 15
Visiting neighbor trace: 29
Intersection size: 1
Step: 0.009259
Tj part: 0.111111
Queue size: 15
Visiting neighbor trace: 30
Intersection size: 2
Step: 0.018519
Tj part: 0.285714
Queue size: 15
Visiting neighbor trace: 31
Intersection size: 2
Step: 0.018519
Tj part: 0.181818
Queue size: 15
Visiting neighbor trace: 32
Intersection size: 1
Step: 0.009259
Tj part: 0.111111
Queue size: 15
Visiting neighbor trace: 33
Intersection size: 3
Step: 0.027778
Tj part: 0.230769
Queue size: 15
Visiting neighbor trace: 34
Intersection size: 1
Step: 0.009259
Tj part: 0.090909
Queue size: 15
Visiting neighbor trace: 35
Intersection size: 1
Step: 0.009259
Tj part: 0.090909
Queue size: 15
Visiting neighbor trace: 36
Intersection size: 1
Step: 0.009259
Tj part: 0.090909
Queue size: 15
Visiting neighbor trace: 37
Intersection size: 3
Step: 0.027778
Tj part: 0.300000
Queue size: 15
Visiting neighbor trace: 38
Intersection size: 1
Step: 0.009259
Tj part: 0.090909
Queue size: 15
Visiting neighbor trace: 39
Intersection size: 2
Step: 0.018519
Tj part: 0.133333
Queue size: 15
Visiting neighbor trace: 41
Intersection size: 3
Step: 0.027778
Tj part: 0.250000
Queue size: 15
Visiting neighbor trace: 42
Intersection size: 2
Step: 0.018519
Tj part: 0.200000
Queue size: 15
Visiting neighbor trace: 43
Intersection size: 2
Step: 0.018519
Tj part: 0.166667
Queue size: 15
Visiting neighbor trace: 44
Intersection size: 1
Step: 0.009259
Tj part: 0.111111
Queue size: 15
Visiting neighbor trace: 27
Intersection size: 1
Step: 0.009259
Tj part: 0.111111
Queue size: 15
Visiting neighbor trace: 40
Intersection size: 1
Step: 0.009259
Tj part: 0.090909
Queue size: 15
Current trace: 16 with activation 0.111111
Visited neighbors: 32
Visiting neighbor trace: 1
Intersection size: 1
Step: 0.007937
Tj part: 0.116216
Queue size: 14
Visiting neighbor trace: 5
Intersection size: 1
Step: 0.007937
Tj part: 0.104283
Queue size: 14
Visiting neighbor trace: 11
Intersection size: 1
Step: 0.007937
Tj part: 0.125000
Queue size: 14
Visiting neighbor trace: 13
Intersection size: 2
Step: 0.015873
Tj part: 0.153846
Queue size: 14
Visiting neighbor trace: 15
Intersection size: 2
Step: 0.015873
Tj part: 0.166667
Queue size: 14
Visiting neighbor trace: 17
Intersection size: 1
Step: 0.007937
Tj part: 0.125000
Queue size: 14
Visiting neighbor trace: 19
Intersection size: 2
Step: 0.015873
Tj part: 0.222222
Queue size: 14
Visiting neighbor trace: 20
Intersection size: 3
Step: 0.023810
Tj part: 0.333333
Queue size: 14
Visiting neighbor trace: 22
Intersection size: 2
Step: 0.015873
Tj part: 0.200000
Queue size: 14
Visiting neighbor trace: 23
Intersection size: 1
Step: 0.007937
Tj part: 0.111111
Queue size: 14
Visiting neighbor trace: 24
Intersection size: 2
Step: 0.015873
Tj part: 0.222222
Queue size: 14
Visiting neighbor trace: 25
Intersection size: 3
Step: 0.023810
Tj part: 0.250000
Queue size: 14
Visiting neighbor trace: 26
Intersection size: 3
Step: 0.023810
Tj part: 0.333333
Queue size: 14
Visiting neighbor trace: 29
Intersection size: 1
Step: 0.007937
Tj part: 0.111111
Queue size: 14
Visiting neighbor trace: 30
Intersection size: 2
Step: 0.015873
Tj part: 0.285714
Queue size: 14
Visiting neighbor trace: 31
Intersection size: 1
Step: 0.007937
Tj part: 0.090909
Queue size: 14
Visiting neighbor trace: 32
Intersection size: 2
Step: 0.015873
Tj part: 0.222222
Queue size: 14
Visiting neighbor trace: 33
Intersection size: 2
Step: 0.015873
Tj part: 0.153846
Queue size: 14
Visiting neighbor trace: 34
Intersection size: 1
Step: 0.007937
Tj part: 0.090909
Queue size: 14
Visiting neighbor trace: 35
Intersection size: 2
Step: 0.015873
Tj part: 0.181818
Queue size: 14
Visiting neighbor trace: 36
Intersection size: 1
Step: 0.007937
Tj part: 0.090909
Queue size: 14
Visiting neighbor trace: 37
Intersection size: 2
Step: 0.015873
Tj part: 0.200000
Queue size: 14
Visiting neighbor trace: 38
Intersection size: 1
Step: 0.007937
Tj part: 0.090909
Queue size: 14
Visiting neighbor trace: 39
Intersection size: 1
Step: 0.007937
Tj part: 0.066667
Queue size: 14
Visiting neighbor trace: 41
Intersection size: 1
Step: 0.007937
Tj part: 0.083333
Queue size: 14
Visiting neighbor trace: 42
Intersection size: 2
Step: 0.015873
Tj part: 0.200000
Queue size: 14
Visiting neighbor trace: 43
Intersection size: 2
Step: 0.015873
Tj part: 0.166667
Queue size: 14
Visiting neighbor trace: 44
Intersection size: 1
Step: 0.007937
Tj part: 0.111111
Queue size: 14
Visiting neighbor trace: 2
Intersection size: 1
Step: 0.007937
Tj part: 0.088540
Queue size: 14
Visiting neighbor trace: 6
Intersection size: 1
Step: 0.007937
Tj part: 0.085216
Queue size: 14
Visiting neighbor trace: 8
Intersection size: 1
Step: 0.007937
Tj part: 0.081117
Queue size: 14
Visiting neighbor trace: 27
Intersection size: 1
Step: 0.007937
Tj part: 0.111111
Queue size: 14
Current trace: 22 with activation 0.111111
Visited neighbors: 32
Visiting neighbor trace: 1
Intersection size: 1
Step: 0.011111
Tj part: 0.116216
Queue size: 13
Visiting neighbor trace: 5
Intersection size: 2
Step: 0.022222
Tj part: 0.208566
Queue size: 13
Visiting neighbor trace: 11
Intersection size: 1
Step: 0.011111
Tj part: 0.125000
Queue size: 13
Visiting neighbor trace: 13
Intersection size: 3
Step: 0.033333
Tj part: 0.230769
Queue size: 13
Visiting neighbor trace: 15
Intersection size: 1
Step: 0.011111
Tj part: 0.083333
Queue size: 13
Visiting neighbor trace: 16
Intersection size: 2
Step: 0.022222
Tj part: 0.142857
Queue size: 13
Visiting neighbor trace: 17
Intersection size: 2
Step: 0.022222
Tj part: 0.250000
Queue size: 13
Visiting neighbor trace: 19
Intersection size: 1
Step: 0.011111
Tj part: 0.111111
Queue size: 13
Visiting neighbor trace: 20
Intersection size: 2
Step: 0.022222
Tj part: 0.222222
Queue size: 13
Visiting neighbor trace: 23
Intersection size: 2
Step: 0.022222
Tj part: 0.222222
Queue size: 13
Visiting neighbor trace: 24
Intersection size: 1
Step: 0.011111
Tj part: 0.111111
Queue size: 13
Visiting neighbor trace: 25
Intersection size: 2
Step: 0.022222
Tj part: 0.166667
Queue size: 13
Visiting neighbor trace: 26
Intersection size: 2
Step: 0.022222
Tj part: 0.222222
Queue size: 13
Visiting neighbor trace: 29
Intersection size: 3
Step: 0.033333
Tj part: 0.333333
Queue size: 13
Visiting neighbor trace: 30
Intersection size: 1
Step: 0.011111
Tj part: 0.142857
Queue size: 13
Visiting neighbor trace: 31
Intersection size: 1
Step: 0.011111
Tj part: 0.090909
Queue size: 13
Visiting neighbor trace: 32
Intersection size: 1
Step: 0.011111
Tj part: 0.111111
Queue size: 13
Visiting neighbor trace: 33
Intersection size: 1
Step: 0.011111
Tj part: 0.076923
Queue size: 13
Visiting neighbor trace: 34
Intersection size: 1
Step: 0.011111
Tj part: 0.090909
Queue size: 13
Visiting neighbor trace: 35
Intersection size: 2
Step: 0.022222
Tj part: 0.181818
Queue size: 13
Visiting neighbor trace: 36
Intersection size: 1
Step: 0.011111
Tj part: 0.090909
Queue size: 13
Visiting neighbor trace: 37
Intersection size: 1
Step: 0.011111
Tj part: 0.100000
Queue size: 13
Visiting neighbor trace: 38
Intersection size: 1
Step: 0.011111
Tj part: 0.090909
Queue size: 13
Visiting neighbor trace: 39
Intersection size: 1
Step: 0.011111
Tj part: 0.066667
Queue size: 13
Visiting neighbor trace: 41
Intersection size: 1
Step: 0.011111
Tj part: 0.083333
Queue size: 13
Visiting neighbor trace: 42
Intersection size: 1
Step: 0.011111
Tj part: 0.100000
Queue size: 13
Visiting neighbor trace: 43
Intersection size: 1
Step: 0.011111
Tj part: 0.083333
Queue size: 13
Visiting neighbor trace: 44
Intersection size: 1
Step: 0.011111
Tj part: 0.111111
Queue size: 13
Visiting neighbor trace: 6
Intersection size: 2
Step: 0.022222
Tj part: 0.170431
Queue size: 13
Visiting neighbor trace: 0
Intersection size: 1
Step: 0.011111
Tj part: 0.136004
Queue size: 13
Visiting neighbor trace: 10
Intersection size: 1
Step: 0.011111
Tj part: 0.142857
Queue size: 13
Visiting neighbor trace: 8
Intersection size: 1
Step: 0.011111
Tj part: 0.081117
Queue size: 13
Current trace: 25 with activation 0.222222
Visited neighbors: 35
Visiting neighbor trace: 1
Intersection size: 1
Step: 0.018519
Tj part: 0.116216
Queue size: 12
Visiting neighbor trace: 5
Intersection size: 1
Step: 0.018519
Tj part: 0.104283
Queue size: 12
Visiting neighbor trace: 11
Intersection size: 1
Step: 0.018519
Tj part: 0.125000
Queue size: 12
Visiting neighbor trace: 13
Intersection size: 1
Step: 0.018519
Tj part: 0.076923
Queue size: 12
Visiting neighbor trace: 15
Intersection size: 2
Step: 0.037037
Tj part: 0.166667
Queue size: 12
Visiting neighbor trace: 16
Intersection size: 3
Step: 0.055556
Tj part: 0.214286
Queue size: 12
Visiting neighbor trace: 17
Intersection size: 2
Step: 0.037037
Tj part: 0.250000
Queue size: 12
Visiting neighbor trace: 19
Intersection size: 2
Step: 0.037037
Tj part: 0.222222
Queue size: 12
Visiting neighbor trace: 20
Intersection size: 4
Step: 0.074074
Tj part: 0.444444
Queue size: 12
Visiting neighbor trace: 22
Intersection size: 2
Step: 0.037037
Tj part: 0.200000
Queue size: 12
Visiting neighbor trace: 23
Intersection size: 1
Step: 0.018519
Tj part: 0.111111
Queue size: 12
Visiting neighbor trace: 24
Intersection size: 2
Step: 0.037037
Tj part: 0.222222
Queue size: 12
Visiting neighbor trace: 26
Intersection size: 2
Step: 0.037037
Tj part: 0.222222
Queue size: 12
Visiting neighbor trace: 29
Intersection size: 3
Step: 0.055556
Tj part: 0.333333
Queue size: 12
Visiting neighbor trace: 30
Intersection size: 1
Step: 0.018519
Tj part: 0.142857
Queue size: 12
Visiting neighbor trace: 31
Intersection size: 1
Step: 0.018519
Tj part: 0.090909
Queue size: 12
Visiting neighbor trace: 32
Intersection size: 1
Step: 0.018519
Tj part: 0.111111
Queue size: 12
Visiting neighbor trace: 33
Intersection size: 2
Step: 0.037037
Tj part: 0.153846
Queue size: 12
Visiting neighbor trace: 34
Intersection size: 1
Step: 0.018519
Tj part: 0.090909
Queue size: 12
Visiting neighbor trace: 35
Intersection size: 3
Step: 0.055556
Tj part: 0.272727
Queue size: 12
Visiting neighbor trace: 36
Intersection size: 2
Step: 0.037037
Tj part: 0.181818
Queue size: 12
Visiting neighbor trace: 37
Intersection size: 2
Step: 0.037037
Tj part: 0.200000
Queue size: 12
Visiting neighbor trace: 38
Intersection size: 1
Step: 0.018519
Tj part: 0.090909
Queue size: 12
Visiting neighbor trace: 39
Intersection size: 1
Step: 0.018519
Tj part: 0.066667
Queue size: 12
Visiting neighbor trace: 41
Intersection size: 1
Step: 0.018519
Tj part: 0.083333
Queue size: 12
Visiting neighbor trace: 42
Intersection size: 1
Step: 0.018519
Tj part: 0.100000
Queue size: 12
Visiting neighbor trace: 43
Intersection size: 1
Step: 0.018519
Tj part: 0.083333
Queue size: 12
Visiting neighbor trace: 44
Intersection size: 2
Step: 0.037037
Tj part: 0.222222
Queue size: 12
Visiting neighbor trace: 12
Intersection size: 1
Step: 0.018519
Tj part: 0.125000
Queue size: 12
Visiting neighbor trace: 14
Intersection size: 1
Step: 0.018519
Tj part: 0.111111
Queue size: 12
Visiting neighbor trace: 9
Intersection size: 1
Step: 0.018519
Tj part: 0.119003
Queue size: 12
Visiting neighbor trace: 21
Intersection size: 2
Step: 0.037037
Tj part: 0.222222
Queue size: 12
Visiting neighbor trace: 27
Intersection size: 1
Step: 0.018519
Tj part: 0.111111
Queue size: 12
Visiting neighbor trace: 6
Intersection size: 1
Step: 0.018519
Tj part: 0.085216
Queue size: 12
Visiting neighbor trace: 8
Intersection size: 1
Step: 0.018519
Tj part: 0.081117
Queue size: 12
Current trace: 31 with activation 0.111111
Visited neighbors: 29
Visiting neighbor trace: 1
Intersection size: 1
Step: 0.010101
Tj part: 0.116216
Queue size: 11
Visiting neighbor trace: 5
Intersection size: 1
Step: 0.010101
Tj part: 0.104283
Queue size: 11
Visiting neighbor trace: 11
Intersection size: 1
Step: 0.010101
Tj part: 0.125000
Queue size: 11
Visiting neighbor trace: 13
Intersection size: 2
Step: 0.020202
Tj part: 0.153846
Queue size: 11
Visiting neighbor trace: 15
Intersection size: 2
Step: 0.020202
Tj part: 0.166667
Queue size: 11
Visiting neighbor trace: 16
Intersection size: 1
Step: 0.010101
Tj part: 0.071429
Queue size: 11
Visiting neighbor trace: 17
Intersection size: 2
Step: 0.020202
Tj part: 0.250000
Queue size: 11
Visiting neighbor trace: 19
Intersection size: 2
Step: 0.020202
Tj part: 0.222222
Queue size: 11
Visiting neighbor trace: 20
Intersection size: 2
Step: 0.020202
Tj part: 0.222222
Queue size: 11
Visiting neighbor trace: 22
Intersection size: 1
Step: 0.010101
Tj part: 0.100000
Queue size: 11
Visiting neighbor trace: 23
Intersection size: 1
Step: 0.010101
Tj part: 0.111111
Queue size: 11
Visiting neighbor trace: 24
Intersection size: 1
Step: 0.010101
Tj part: 0.111111
Queue size: 11
Visiting neighbor trace: 25
Intersection size: 1
Step: 0.010101
Tj part: 0.083333
Queue size: 11
Visiting neighbor trace: 26
Intersection size: 1
Step: 0.010101
Tj part: 0.111111
Queue size: 11
Visiting neighbor trace: 29
Intersection size: 1
Step: 0.010101
Tj part: 0.111111
Queue size: 11
Visiting neighbor trace: 30
Intersection size: 2
Step: 0.020202
Tj part: 0.285714
Queue size: 11
Visiting neighbor trace: 32
Intersection size: 3
Step: 0.030303
Tj part: 0.333333
Queue size: 11
Visiting neighbor trace: 33
Intersection size: 1
Step: 0.010101
Tj part: 0.076923
Queue size: 11
Visiting neighbor trace: 34
Intersection size: 1
Step: 0.010101
Tj part: 0.090909
Queue size: 11
Visiting neighbor trace: 35
Intersection size: 1
Step: 0.010101
Tj part: 0.090909
Queue size: 11
Visiting neighbor trace: 36
Intersection size: 2
Step: 0.020202
Tj part: 0.181818
Queue size: 11
Visiting neighbor trace: 37
Intersection size: 2
Step: 0.020202
Tj part: 0.200000
Queue size: 11
Visiting neighbor trace: 38
Intersection size: 1
Step: 0.010101
Tj part: 0.090909
Queue size: 11
Visiting neighbor trace: 39
Intersection size: 1
Step: 0.010101
Tj part: 0.066667
Queue size: 11
Visiting neighbor trace: 41
Intersection size: 1
Step: 0.010101
Tj part: 0.083333
Queue size: 11
Visiting neighbor trace: 42
Intersection size: 1
Step: 0.010101
Tj part: 0.100000
Queue size: 11
Visiting neighbor trace: 43
Intersection size: 3
Step: 0.030303
Tj part: 0.250000
Queue size: 11
Visiting neighbor trace: 44
Intersection size: 1
Step: 0.010101
Tj part: 0.111111
Queue size: 11
Visiting neighbor trace: 21
Intersection size: 2
Step: 0.020202
Tj part: 0.222222
Queue size: 11
Current trace: 33 with activation 0.111111
Visited neighbors: 33
Visiting neighbor trace: 1
Intersection size: 1
Step: 0.008547
Tj part: 0.116216
Queue size: 10
Visiting neighbor trace: 5
Intersection size: 1
Step: 0.008547
Tj part: 0.104283
Queue size: 10
Visiting neighbor trace: 11
Intersection size: 1
Step: 0.008547
Tj part: 0.125000
Queue size: 10
Visiting neighbor trace: 13
Intersection size: 1
Step: 0.008547
Tj part: 0.076923
Queue size: 10
Visiting neighbor trace: 15
Intersection size: 3
Step: 0.025641
Tj part: 0.250000
Queue size: 10
Visiting neighbor trace: 16
Intersection size: 2
Step: 0.017094
Tj part: 0.142857
Queue size: 10
Visiting neighbor trace: 17
Intersection size: 1
Step: 0.008547
Tj part: 0.125000
Queue size: 10
Visiting neighbor trace: 19
Intersection size: 5
Step: 0.042735
Tj part: 0.555556
Queue size: 10
Visiting neighbor trace: 20
Intersection size: 1
Step: 0.008547
Tj part: 0.111111
Queue size: 10
Visiting neighbor trace: 22
Intersection size: 1
Step: 0.008547
Tj part: 0.100000
Queue size: 10
Visiting neighbor trace: 23
Intersection size: 4
Step: 0.034188
Tj part: 0.444444
Queue size: 10
Visiting neighbor trace: 24
Intersection size: 2
Step: 0.017094
Tj part: 0.222222
Queue size: 10
Visiting neighbor trace: 25
Intersection size: 2
Step: 0.017094
Tj part: 0.166667
Queue size: 10
Visiting neighbor trace: 26
Intersection size: 2
Step: 0.017094
Tj part: 0.222222
Queue size: 10
Visiting neighbor trace: 29
Intersection size: 1
Step: 0.008547
Tj part: 0.111111
Queue size: 10
Visiting neighbor trace: 30
Intersection size: 1
Step: 0.008547
Tj part: 0.142857
Queue size: 10
Visiting neighbor trace: 31
Intersection size: 1
Step: 0.008547
Tj part: 0.090909
Queue size: 10
Visiting neighbor trace: 32
Intersection size: 2
Step: 0.017094
Tj part: 0.222222
Queue size: 10
Visiting neighbor trace: 34
Intersection size: 2
Step: 0.017094
Tj part: 0.181818
Queue size: 10
Visiting neighbor trace: 35
Intersection size: 1
Step: 0.008547
Tj part: 0.090909
Queue size: 10
Visiting neighbor trace: 36
Intersection size: 1
Step: 0.008547
Tj part: 0.090909
Queue size: 10
Visiting neighbor trace: 37
Intersection size: 2
Step: 0.017094
Tj part: 0.200000
Queue size: 10
Visiting neighbor trace: 38
Intersection size: 1
Step: 0.008547
Tj part: 0.090909
Queue size: 10
Visiting neighbor trace: 39
Intersection size: 1
Step: 0.008547
Tj part: 0.066667
Queue size: 10
Visiting neighbor trace: 41
Intersection size: 2
Step: 0.017094
Tj part: 0.166667
Queue size: 10
Visiting neighbor trace: 42
Intersection size: 4
Step: 0.034188
Tj part: 0.400000
Queue size: 10
Visiting neighbor trace: 43
Intersection size: 2
Step: 0.017094
Tj part: 0.166667
Queue size: 10
Visiting neighbor trace: 44
Intersection size: 1
Step: 0.008547
Tj part: 0.111111
Queue size: 10
Visiting neighbor trace: 14
Intersection size: 1
Step: 0.008547
Tj part: 0.111111
Queue size: 10
Visiting neighbor trace: 40
Intersection size: 1
Step: 0.008547
Tj part: 0.090909
Queue size: 10
Visiting neighbor trace: 3
Intersection size: 1
Step: 0.008547
Tj part: 0.097724
Queue size: 10
Visiting neighbor trace: 2
Intersection size: 1
Step: 0.008547
Tj part: 0.088540
Queue size: 10
Visiting neighbor trace: 28
Intersection size: 1
Step: 0.008547
Tj part: 0.090909
Queue size: 10
Current trace: 34 with activation 0.111111
Visited neighbors: 30
Visiting neighbor trace: 1
Intersection size: 1
Step: 0.010101
Tj part: 0.116216
Queue size: 9
Visiting neighbor trace: 5
Intersection size: 1
Step: 0.010101
Tj part: 0.104283
Queue size: 9
Visiting neighbor trace: 11
Intersection size: 1
Step: 0.010101
Tj part: 0.125000
Queue size: 9
Visiting neighbor trace: 13
Intersection size: 1
Step: 0.010101
Tj part: 0.076923
Queue size: 9
Visiting neighbor trace: 15
Intersection size: 1
Step: 0.010101
Tj part: 0.083333
Queue size: 9
Visiting neighbor trace: 16
Intersection size: 1
Step: 0.010101
Tj part: 0.071429
Queue size: 9
Visiting neighbor trace: 17
Intersection size: 1
Step: 0.010101
Tj part: 0.125000
Queue size: 9
Visiting neighbor trace: 19
Intersection size: 1
Step: 0.010101
Tj part: 0.111111
Queue size: 9
Visiting neighbor trace: 20
Intersection size: 2
Step: 0.020202
Tj part: 0.222222
Queue size: 9
Visiting neighbor trace: 22
Intersection size: 1
Step: 0.010101
Tj part: 0.100000
Queue size: 9
Visiting neighbor trace: 23
Intersection size: 1
Step: 0.010101
Tj part: 0.111111
Queue size: 9
Visiting neighbor trace: 24
Intersection size: 3
Step: 0.030303
Tj part: 0.333333
Queue size: 9
Visiting neighbor trace: 25
Intersection size: 1
Step: 0.010101
Tj part: 0.083333
Queue size: 9
Visiting neighbor trace: 26
Intersection size: 1
Step: 0.010101
Tj part: 0.111111
Queue size: 9
Visiting neighbor trace: 29
Intersection size: 1
Step: 0.010101
Tj part: 0.111111
Queue size: 9
Visiting neighbor trace: 30
Intersection size: 1
Step: 0.010101
Tj part: 0.142857
Queue size: 9
Visiting neighbor trace: 31
Intersection size: 1
Step: 0.010101
Tj part: 0.090909
Queue size: 9
Visiting neighbor trace: 32
Intersection size: 1
Step: 0.010101
Tj part: 0.111111
Queue size: 9
Visiting neighbor trace: 33
Intersection size: 2
Step: 0.020202
Tj part: 0.153846
Queue size: 9
Visiting neighbor trace: 35
Intersection size: 3
Step: 0.030303
Tj part: 0.272727
Queue size: 9
Visiting neighbor trace: 36
Intersection size: 1
Step: 0.010101
Tj part: 0.090909
Queue size: 9
Visiting neighbor trace: 37
Intersection size: 3
Step: 0.030303
Tj part: 0.300000
Queue size: 9
Visiting neighbor trace: 38
Intersection size: 3
Step: 0.030303
Tj part: 0.272727
Queue size: 9
Visiting neighbor trace: 39
Intersection size: 2
Step: 0.020202
Tj part: 0.133333
Queue size: 9
Visiting neighbor trace: 41
Intersection size: 2
Step: 0.020202
Tj part: 0.166667
Queue size: 9
Visiting neighbor trace: 42
Intersection size: 1
Step: 0.010101
Tj part: 0.100000
Queue size: 9
Visiting neighbor trace: 43
Intersection size: 2
Step: 0.020202
Tj part: 0.166667
Queue size: 9
Visiting neighbor trace: 44
Intersection size: 1
Step: 0.010101
Tj part: 0.111111
Queue size: 9
Visiting neighbor trace: 7
Intersection size: 2
Step: 0.020202
Tj part: 0.177005
Queue size: 9
Visiting neighbor trace: 40
Intersection size: 1
Step: 0.010101
Tj part: 0.090909
Queue size: 9
Current trace: 35 with activation 0.222222
Visited neighbors: 33
Visiting neighbor trace: 1
Intersection size: 1
Step: 0.020202
Tj part: 0.116216
Queue size: 8
Visiting neighbor trace: 5
Intersection size: 1
Step: 0.020202
Tj part: 0.104283
Queue size: 8
Visiting neighbor trace: 11
Intersection size: 1
Step: 0.020202
Tj part: 0.125000
Queue size: 8
Visiting neighbor trace: 13
Intersection size: 1
Step: 0.020202
Tj part: 0.076923
Queue size: 8
Visiting neighbor trace: 15
Intersection size: 1
Step: 0.020202
Tj part: 0.083333
Queue size: 8
Visiting neighbor trace: 16
Intersection size: 2
Step: 0.040404
Tj part: 0.142857
Queue size: 8
Visiting neighbor trace: 17
Intersection size: 1
Step: 0.020202
Tj part: 0.125000
Queue size: 8
Visiting neighbor trace: 19
Intersection size: 1
Step: 0.020202
Tj part: 0.111111
Queue size: 8
Visiting neighbor trace: 20
Intersection size: 2
Step: 0.040404
Tj part: 0.222222
Queue size: 8
Visiting neighbor trace: 22
Intersection size: 2
Step: 0.040404
Tj part: 0.200000
Queue size: 8
Visiting neighbor trace: 23
Intersection size: 1
Step: 0.020202
Tj part: 0.111111
Queue size: 8
Visiting neighbor trace: 24
Intersection size: 2
Step: 0.040404
Tj part: 0.222222
Queue size: 8
Visiting neighbor trace: 25
Intersection size: 3
Step: 0.060606
Tj part: 0.250000
Queue size: 8
Visiting neighbor trace: 26
Intersection size: 2
Step: 0.040404
Tj part: 0.222222
Queue size: 8
Visiting neighbor trace: 29
Intersection size: 1
Step: 0.020202
Tj part: 0.111111
Queue size: 8
Visiting neighbor trace: 30
Intersection size: 1
Step: 0.020202
Tj part: 0.142857
Queue size: 8
Visiting neighbor trace: 31
Intersection size: 1
Step: 0.020202
Tj part: 0.090909
Queue size: 8
Visiting neighbor trace: 32
Intersection size: 1
Step: 0.020202
Tj part: 0.111111
Queue size: 8
Visiting neighbor trace: 33
Intersection size: 1
Step: 0.020202
Tj part: 0.076923
Queue size: 8
Visiting neighbor trace: 34
Intersection size: 3
Step: 0.060606
Tj part: 0.272727
Queue size: 8
Visiting neighbor trace: 36
Intersection size: 2
Step: 0.040404
Tj part: 0.181818
Queue size: 8
Visiting neighbor trace: 37
Intersection size: 1
Step: 0.020202
Tj part: 0.100000
Queue size: 8
Visiting neighbor trace: 38
Intersection size: 1
Step: 0.020202
Tj part: 0.090909
Queue size: 8
Visiting neighbor trace: 39
Intersection size: 3
Step: 0.060606
Tj part: 0.200000
Queue size: 8
Visiting neighbor trace: 41
Intersection size: 1
Step: 0.020202
Tj part: 0.083333
Queue size: 8
Visiting neighbor trace: 42
Intersection size: 1
Step: 0.020202
Tj part: 0.100000
Queue size: 8
Visiting neighbor trace: 43
Intersection size: 1
Step: 0.020202
Tj part: 0.083333
Queue size: 8
Visiting neighbor trace: 44
Intersection size: 2
Step: 0.040404
Tj part: 0.222222
Queue size: 8
Visiting neighbor trace: 6
Intersection size: 1
Step: 0.020202
Tj part: 0.085216
Queue size: 8
Visiting neighbor trace: 8
Intersection size: 1
Step: 0.020202
Tj part: 0.081117
Queue size: 8
Visiting neighbor trace: 40
Intersection size: 1
Step: 0.020202
Tj part: 0.090909
Queue size: 8
Visiting neighbor trace: 7
Intersection size: 1
Step: 0.020202
Tj part: 0.088502
Queue size: 8
Visiting neighbor trace: 28
Intersection size: 1
Step: 0.020202
Tj part: 0.090909
Queue size: 8
Current trace: 36 with activation 0.222222
Visited neighbors: 32
Visiting neighbor trace: 1
Intersection size: 1
Step: 0.020202
Tj part: 0.116216
Queue size: 7
Visiting neighbor trace: 5
Intersection size: 1
Step: 0.020202
Tj part: 0.104283
Queue size: 7
Visiting neighbor trace: 11
Intersection size: 1
Step: 0.020202
Tj part: 0.125000
Queue size: 7
Visiting neighbor trace: 13
Intersection size: 1
Step: 0.020202
Tj part: 0.076923
Queue size: 7
Visiting neighbor trace: 15
Intersection size: 1
Step: 0.020202
Tj part: 0.083333
Queue size: 7
Visiting neighbor trace: 16
Intersection size: 1
Step: 0.020202
Tj part: 0.071429
Queue size: 7
Visiting neighbor trace: 17
Intersection size: 2
Step: 0.040404
Tj part: 0.250000
Queue size: 7
Visiting neighbor trace: 19
Intersection size: 1
Step: 0.020202
Tj part: 0.111111
Queue size: 7
Visiting neighbor trace: 20
Intersection size: 2
Step: 0.040404
Tj part: 0.222222
Queue size: 7
Visiting neighbor trace: 22
Intersection size: 1
Step: 0.020202
Tj part: 0.100000
Queue size: 7
Visiting neighbor trace: 23
Intersection size: 1
Step: 0.020202
Tj part: 0.111111
Queue size: 7
Visiting neighbor trace: 24
Intersection size: 1
Step: 0.020202
Tj part: 0.111111
Queue size: 7
Visiting neighbor trace: 25
Intersection size: 2
Step: 0.040404
Tj part: 0.166667
Queue size: 7
Visiting neighbor trace: 26
Intersection size: 1
Step: 0.020202
Tj part: 0.111111
Queue size: 7
Visiting neighbor trace: 29
Intersection size: 2
Step: 0.040404
Tj part: 0.222222
Queue size: 7
Visiting neighbor trace: 30
Intersection size: 1
Step: 0.020202
Tj part: 0.142857
Queue size: 7
Visiting neighbor trace: 31
Intersection size: 2
Step: 0.040404
Tj part: 0.181818
Queue size: 7
Visiting neighbor trace: 32
Intersection size: 2
Step: 0.040404
Tj part: 0.222222
Queue size: 7
Visiting neighbor trace: 33
Intersection size: 1
Step: 0.020202
Tj part: 0.076923
Queue size: 7
Visiting neighbor trace: 34
Intersection size: 1
Step: 0.020202
Tj part: 0.090909
Queue size: 7
Visiting neighbor trace: 35
Intersection size: 2
Step: 0.040404
Tj part: 0.181818
Queue size: 7
Visiting neighbor trace: 37
Intersection size: 1
Step: 0.020202
Tj part: 0.100000
Queue size: 7
Visiting neighbor trace: 38
Intersection size: 1
Step: 0.020202
Tj part: 0.090909
Queue size: 7
Visiting neighbor trace: 39
Intersection size: 1
Step: 0.020202
Tj part: 0.066667
Queue size: 7
Visiting neighbor trace: 41
Intersection size: 1
Step: 0.020202
Tj part: 0.083333
Queue size: 7
Visiting neighbor trace: 42
Intersection size: 1
Step: 0.020202
Tj part: 0.100000
Queue size: 7
Visiting neighbor trace: 43
Intersection size: 1
Step: 0.020202
Tj part: 0.083333
Queue size: 7
Visiting neighbor trace: 44
Intersection size: 2
Step: 0.040404
Tj part: 0.222222
Queue size: 7
Visiting neighbor trace: 9
Intersection size: 1
Step: 0.020202
Tj part: 0.119003
Queue size: 7
Visiting neighbor trace: 21
Intersection size: 1
Step: 0.020202
Tj part: 0.111111
Queue size: 7
Visiting neighbor trace: 27
Intersection size: 2
Step: 0.040404
Tj part: 0.222222
Queue size: 7
Visiting neighbor trace: 28
Intersection size: 1
Step: 0.020202
Tj part: 0.090909
Queue size: 7
Current trace: 37 with activation 0.222222
Visited neighbors: 36
Visiting neighbor trace: 1
Intersection size: 2
Step: 0.044444
Tj part: 0.232432
Queue size: 6
Visiting neighbor trace: 3
Intersection size: 1
Step: 0.022222
Tj part: 0.097724
Queue size: 6
Visiting neighbor trace: 6
Intersection size: 1
Step: 0.022222
Tj part: 0.085216
Queue size: 6
Visiting neighbor trace: 9
Intersection size: 1
Step: 0.022222
Tj part: 0.119003
Queue size: 6
Visiting neighbor trace: 11
Intersection size: 2
Step: 0.044444
Tj part: 0.250000
Queue size: 6
Visiting neighbor trace: 13
Intersection size: 2
Step: 0.044444
Tj part: 0.153846
Queue size: 6
Visiting neighbor trace: 19
Intersection size: 4
Step: 0.088889
Tj part: 0.444444
Queue size: 6
Visiting neighbor trace: 21
Intersection size: 1
Step: 0.022222
Tj part: 0.111111
Queue size: 6
Visiting neighbor trace: 27
Intersection size: 1
Step: 0.022222
Tj part: 0.111111
Queue size: 6
Visiting neighbor trace: 40
Intersection size: 2
Step: 0.044444
Tj part: 0.181818
Queue size: 6
Visiting neighbor trace: 41
Intersection size: 3
Step: 0.066667
Tj part: 0.250000
Queue size: 6
Visiting neighbor trace: 42
Intersection size: 2
Step: 0.044444
Tj part: 0.200000
Queue size: 6
Visiting neighbor trace: 43
Intersection size: 3
Step: 0.066667
Tj part: 0.250000
Queue size: 6
Visiting neighbor trace: 5
Intersection size: 1
Step: 0.022222
Tj part: 0.104283
Queue size: 6
Visiting neighbor trace: 15
Intersection size: 3
Step: 0.066667
Tj part: 0.250000
Queue size: 6
Visiting neighbor trace: 16
Intersection size: 2
Step: 0.044444
Tj part: 0.142857
Queue size: 6
Visiting neighbor trace: 17
Intersection size: 2
Step: 0.044444
Tj part: 0.250000
Queue size: 6
Visiting neighbor trace: 20
Intersection size: 1
Step: 0.022222
Tj part: 0.111111
Queue size: 6
Visiting neighbor trace: 22
Intersection size: 1
Step: 0.022222
Tj part: 0.100000
Queue size: 6
Visiting neighbor trace: 23
Intersection size: 1
Step: 0.022222
Tj part: 0.111111
Queue size: 6
Visiting neighbor trace: 24
Intersection size: 1
Step: 0.022222
Tj part: 0.111111
Queue size: 6
Visiting neighbor trace: 25
Intersection size: 2
Step: 0.044444
Tj part: 0.166667
Queue size: 6
Visiting neighbor trace: 26
Intersection size: 1
Step: 0.022222
Tj part: 0.111111
Queue size: 6
Visiting neighbor trace: 29
Intersection size: 1
Step: 0.022222
Tj part: 0.111111
Queue size: 6
Visiting neighbor trace: 30
Intersection size: 1
Step: 0.022222
Tj part: 0.142857
Queue size: 6
Visiting neighbor trace: 31
Intersection size: 2
Step: 0.044444
Tj part: 0.181818
Queue size: 6
Visiting neighbor trace: 32
Intersection size: 1
Step: 0.022222
Tj part: 0.111111
Queue size: 6
Visiting neighbor trace: 33
Intersection size: 2
Step: 0.044444
Tj part: 0.153846
Queue size: 6
Visiting neighbor trace: 34
Intersection size: 3
Step: 0.066667
Tj part: 0.272727
Queue size: 6
Visiting neighbor trace: 35
Intersection size: 1
Step: 0.022222
Tj part: 0.090909
Queue size: 6
Visiting neighbor trace: 36
Intersection size: 1
Step: 0.022222
Tj part: 0.090909
Queue size: 6
Visiting neighbor trace: 38
Intersection size: 3
Step: 0.066667
Tj part: 0.272727
Queue size: 6
Visiting neighbor trace: 39
Intersection size: 1
Step: 0.022222
Tj part: 0.066667
Queue size: 6
Visiting neighbor trace: 44
Intersection size: 2
Step: 0.044444
Tj part: 0.222222
Queue size: 6
Visiting neighbor trace: 7
Intersection size: 1
Step: 0.022222
Tj part: 0.088502
Queue size: 6
Visiting neighbor trace: 12
Intersection size: 1
Step: 0.022222
Tj part: 0.125000
Queue size: 6
Current trace: 38 with activation 0.111111
Visited neighbors: 30
Visiting neighbor trace: 1
Intersection size: 1
Step: 0.010101
Tj part: 0.116216
Queue size: 5
Visiting neighbor trace: 5
Intersection size: 1
Step: 0.010101
Tj part: 0.104283
Queue size: 5
Visiting neighbor trace: 11
Intersection size: 1
Step: 0.010101
Tj part: 0.125000
Queue size: 5
Visiting neighbor trace: 13
Intersection size: 1
Step: 0.010101
Tj part: 0.076923
Queue size: 5
Visiting neighbor trace: 15
Intersection size: 1
Step: 0.010101
Tj part: 0.083333
Queue size: 5
Visiting neighbor trace: 16
Intersection size: 1
Step: 0.010101
Tj part: 0.071429
Queue size: 5
Visiting neighbor trace: 17
Intersection size: 1
Step: 0.010101
Tj part: 0.125000
Queue size: 5
Visiting neighbor trace: 19
Intersection size: 2
Step: 0.020202
Tj part: 0.222222
Queue size: 5
Visiting neighbor trace: 20
Intersection size: 1
Step: 0.010101
Tj part: 0.111111
Queue size: 5
Visiting neighbor trace: 22
Intersection size: 1
Step: 0.010101
Tj part: 0.100000
Queue size: 5
Visiting neighbor trace: 23
Intersection size: 1
Step: 0.010101
Tj part: 0.111111
Queue size: 5
Visiting neighbor trace: 24
Intersection size: 2
Step: 0.020202
Tj part: 0.222222
Queue size: 5
Visiting neighbor trace: 25
Intersection size: 1
Step: 0.010101
Tj part: 0.083333
Queue size: 5
Visiting neighbor trace: 26
Intersection size: 1
Step: 0.010101
Tj part: 0.111111
Queue size: 5
Visiting neighbor trace: 29
Intersection size: 1
Step: 0.010101
Tj part: 0.111111
Queue size: 5
Visiting neighbor trace: 30
Intersection size: 1
Step: 0.010101
Tj part: 0.142857
Queue size: 5
Visiting neighbor trace: 31
Intersection size: 1
Step: 0.010101
Tj part: 0.090909
Queue size: 5
Visiting neighbor trace: 32
Intersection size: 1
Step: 0.010101
Tj part: 0.111111
Queue size: 5
Visiting neighbor trace: 33
Intersection size: 1
Step: 0.010101
Tj part: 0.076923
Queue size: 5
Visiting neighbor trace: 34
Intersection size: 3
Step: 0.030303
Tj part: 0.272727
Queue size: 5
Visiting neighbor trace: 35
Intersection size: 1
Step: 0.010101
Tj part: 0.090909
Queue size: 5
Visiting neighbor trace: 36
Intersection size: 1
Step: 0.010101
Tj part: 0.090909
Queue size: 5
Visiting neighbor trace: 37
Intersection size: 3
Step: 0.030303
Tj part: 0.300000
Queue size: 5
Visiting neighbor trace: 39
Intersection size: 3
Step: 0.030303
Tj part: 0.200000
Queue size: 5
Visiting neighbor trace: 41
Intersection size: 2
Step: 0.020202
Tj part: 0.166667
Queue size: 5
Visiting neighbor trace: 42
Intersection size: 1
Step: 0.010101
Tj part: 0.100000
Queue size: 5
Visiting neighbor trace: 43
Intersection size: 1
Step: 0.010101
Tj part: 0.083333
Queue size: 5
Visiting neighbor trace: 44
Intersection size: 1
Step: 0.010101
Tj part: 0.111111
Queue size: 5
Visiting neighbor trace: 7
Intersection size: 2
Step: 0.020202
Tj part: 0.177005
Queue size: 5
Visiting neighbor trace: 3
Intersection size: 1
Step: 0.010101
Tj part: 0.097724
Queue size: 5
Current trace: 39 with activation 0.111111
Visited neighbors: 31
Visiting neighbor trace: 1
Intersection size: 1
Step: 0.007407
Tj part: 0.116216
Queue size: 4
Visiting neighbor trace: 5
Intersection size: 1
Step: 0.007407
Tj part: 0.104283
Queue size: 4
Visiting neighbor trace: 11
Intersection size: 1
Step: 0.007407
Tj part: 0.125000
Queue size: 4
Visiting neighbor trace: 13
Intersection size: 1
Step: 0.007407
Tj part: 0.076923
Queue size: 4
Visiting neighbor trace: 15
Intersection size: 2
Step: 0.014815
Tj part: 0.166667
Queue size: 4
Visiting neighbor trace: 16
Intersection size: 1
Step: 0.007407
Tj part: 0.071429
Queue size: 4
Visiting neighbor trace: 17
Intersection size: 2
Step: 0.014815
Tj part: 0.250000
Queue size: 4
Visiting neighbor trace: 19
Intersection size: 1
Step: 0.007407
Tj part: 0.111111
Queue size: 4
Visiting neighbor trace: 20
Intersection size: 1
Step: 0.007407
Tj part: 0.111111
Queue size: 4
Visiting neighbor trace: 22
Intersection size: 1
Step: 0.007407
Tj part: 0.100000
Queue size: 4
Visiting neighbor trace: 23
Intersection size: 1
Step: 0.007407
Tj part: 0.111111
Queue size: 4
Visiting neighbor trace: 24
Intersection size: 2
Step: 0.014815
Tj part: 0.222222
Queue size: 4
Visiting neighbor trace: 25
Intersection size: 1
Step: 0.007407
Tj part: 0.083333
Queue size: 4
Visiting neighbor trace: 26
Intersection size: 2
Step: 0.014815
Tj part: 0.222222
Queue size: 4
Visiting neighbor trace: 29
Intersection size: 2
Step: 0.014815
Tj part: 0.222222
Queue size: 4
Visiting neighbor trace: 30
Intersection size: 2
Step: 0.014815
Tj part: 0.285714
Queue size: 4
Visiting neighbor trace: 31
Intersection size: 1
Step: 0.007407
Tj part: 0.090909
Queue size: 4
Visiting neighbor trace: 32
Intersection size: 1
Step: 0.007407
Tj part: 0.111111
Queue size: 4
Visiting neighbor trace: 33
Intersection size: 1
Step: 0.007407
Tj part: 0.076923
Queue size: 4
Visiting neighbor trace: 34
Intersection size: 2
Step: 0.014815
Tj part: 0.181818
Queue size: 4
Visiting neighbor trace: 35
Intersection size: 3
Step: 0.022222
Tj part: 0.272727
Queue size: 4
Visiting neighbor trace: 36
Intersection size: 1
Step: 0.007407
Tj part: 0.090909
Queue size: 4
Visiting neighbor trace: 37
Intersection size: 1
Step: 0.007407
Tj part: 0.100000
Queue size: 4
Visiting neighbor trace: 38
Intersection size: 3
Step: 0.022222
Tj part: 0.272727
Queue size: 4
Visiting neighbor trace: 41
Intersection size: 1
Step: 0.007407
Tj part: 0.083333
Queue size: 4
Visiting neighbor trace: 42
Intersection size: 1
Step: 0.007407
Tj part: 0.100000
Queue size: 4
Visiting neighbor trace: 43
Intersection size: 1
Step: 0.007407
Tj part: 0.083333
Queue size: 4
Visiting neighbor trace: 44
Intersection size: 1
Step: 0.007407
Tj part: 0.111111
Queue size: 4
Visiting neighbor trace: 27
Intersection size: 1
Step: 0.007407
Tj part: 0.111111
Queue size: 4
Visiting neighbor trace: 7
Intersection size: 2
Step: 0.014815
Tj part: 0.177005
Queue size: 4
Visiting neighbor trace: 28
Intersection size: 1
Step: 0.007407
Tj part: 0.090909
Queue size: 4
Current trace: 41 with activation 0.111111
Visited neighbors: 36
Visiting neighbor trace: 1
Intersection size: 2
Step: 0.018519
Tj part: 0.232432
Queue size: 3
Visiting neighbor trace: 3
Intersection size: 1
Step: 0.009259
Tj part: 0.097724
Queue size: 3
Visiting neighbor trace: 6
Intersection size: 2
Step: 0.018519
Tj part: 0.170431
Queue size: 3
Visiting neighbor trace: 9
Intersection size: 2
Step: 0.018519
Tj part: 0.238007
Queue size: 3
Visiting neighbor trace: 11
Intersection size: 2
Step: 0.018519
Tj part: 0.250000
Queue size: 3
Visiting neighbor trace: 13
Intersection size: 2
Step: 0.018519
Tj part: 0.153846
Queue size: 3
Visiting neighbor trace: 19
Intersection size: 3
Step: 0.027778
Tj part: 0.333333
Queue size: 3
Visiting neighbor trace: 21
Intersection size: 1
Step: 0.009259
Tj part: 0.111111
Queue size: 3
Visiting neighbor trace: 27
Intersection size: 1
Step: 0.009259
Tj part: 0.111111
Queue size: 3
Visiting neighbor trace: 37
Intersection size: 3
Step: 0.027778
Tj part: 0.300000
Queue size: 3
Visiting neighbor trace: 40
Intersection size: 3
Step: 0.027778
Tj part: 0.272727
Queue size: 3
Visiting neighbor trace: 42
Intersection size: 3
Step: 0.027778
Tj part: 0.300000
Queue size: 3
Visiting neighbor trace: 43
Intersection size: 2
Step: 0.018519
Tj part: 0.166667
Queue size: 3
Visiting neighbor trace: 5
Intersection size: 1
Step: 0.009259
Tj part: 0.104283
Queue size: 3
Visiting neighbor trace: 15
Intersection size: 3
Step: 0.027778
Tj part: 0.250000
Queue size: 3
Visiting neighbor trace: 16
Intersection size: 1
Step: 0.009259
Tj part: 0.071429
Queue size: 3
Visiting neighbor trace: 17
Intersection size: 1
Step: 0.009259
Tj part: 0.125000
Queue size: 3
Visiting neighbor trace: 20
Intersection size: 1
Step: 0.009259
Tj part: 0.111111
Queue size: 3
Visiting neighbor trace: 22
Intersection size: 1
Step: 0.009259
Tj part: 0.100000
Queue size: 3
Visiting neighbor trace: 23
Intersection size: 2
Step: 0.018519
Tj part: 0.222222
Queue size: 3
Visiting neighbor trace: 24
Intersection size: 1
Step: 0.009259
Tj part: 0.111111
Queue size: 3
Visiting neighbor trace: 25
Intersection size: 1
Step: 0.009259
Tj part: 0.083333
Queue size: 3
Visiting neighbor trace: 26
Intersection size: 1
Step: 0.009259
Tj part: 0.111111
Queue size: 3
Visiting neighbor trace: 29
Intersection size: 1
Step: 0.009259
Tj part: 0.111111
Queue size: 3
Visiting neighbor trace: 30
Intersection size: 1
Step: 0.009259
Tj part: 0.142857
Queue size: 3
Visiting neighbor trace: 31
Intersection size: 1
Step: 0.009259
Tj part: 0.090909
Queue size: 3
Visiting neighbor trace: 32
Intersection size: 1
Step: 0.009259
Tj part: 0.111111
Queue size: 3
Visiting neighbor trace: 33
Intersection size: 2
Step: 0.018519
Tj part: 0.153846
Queue size: 3
Visiting neighbor trace: 34
Intersection size: 2
Step: 0.018519
Tj part: 0.181818
Queue size: 3
Visiting neighbor trace: 35
Intersection size: 1
Step: 0.009259
Tj part: 0.090909
Queue size: 3
Visiting neighbor trace: 36
Intersection size: 1
Step: 0.009259
Tj part: 0.090909
Queue size: 3
Visiting neighbor trace: 38
Intersection size: 2
Step: 0.018519
Tj part: 0.181818
Queue size: 3
Visiting neighbor trace: 39
Intersection size: 1
Step: 0.009259
Tj part: 0.066667
Queue size: 3
Visiting neighbor trace: 44
Intersection size: 1
Step: 0.009259
Tj part: 0.111111
Queue size: 3
Visiting neighbor trace: 7
Intersection size: 1
Step: 0.009259
Tj part: 0.088502
Queue size: 3
Visiting neighbor trace: 2
Intersection size: 1
Step: 0.009259
Tj part: 0.088540
Queue size: 3
Current trace: 42 with activation 0.111111
Visited neighbors: 36
Visiting neighbor trace: 1
Intersection size: 2
Step: 0.022222
Tj part: 0.232432
Queue size: 2
Visiting neighbor trace: 3
Intersection size: 1
Step: 0.011111
Tj part: 0.097724
Queue size: 2
Visiting neighbor trace: 6
Intersection size: 1
Step: 0.011111
Tj part: 0.085216
Queue size: 2
Visiting neighbor trace: 9
Intersection size: 1
Step: 0.011111
Tj part: 0.119003
Queue size: 2
Visiting neighbor trace: 11
Intersection size: 2
Step: 0.022222
Tj part: 0.250000
Queue size: 2
Visiting neighbor trace: 13
Intersection size: 2
Step: 0.022222
Tj part: 0.153846
Queue size: 2
Visiting neighbor trace: 19
Intersection size: 4
Step: 0.044444
Tj part: 0.444444
Queue size: 2
Visiting neighbor trace: 21
Intersection size: 1
Step: 0.011111
Tj part: 0.111111
Queue size: 2
Visiting neighbor trace: 27
Intersection size: 1
Step: 0.011111
Tj part: 0.111111
Queue size: 2
Visiting neighbor trace: 37
Intersection size: 2
Step: 0.022222
Tj part: 0.200000
Queue size: 2
Visiting neighbor trace: 40
Intersection size: 3
Step: 0.033333
Tj part: 0.272727
Queue size: 2
Visiting neighbor trace: 41
Intersection size: 3
Step: 0.033333
Tj part: 0.250000
Queue size: 2
Visiting neighbor trace: 43
Intersection size: 2
Step: 0.022222
Tj part: 0.166667
Queue size: 2
Visiting neighbor trace: 5
Intersection size: 1
Step: 0.011111
Tj part: 0.104283
Queue size: 2
Visiting neighbor trace: 15
Intersection size: 2
Step: 0.022222
Tj part: 0.166667
Queue size: 2
Visiting neighbor trace: 16
Intersection size: 2
Step: 0.022222
Tj part: 0.142857
Queue size: 2
Visiting neighbor trace: 17
Intersection size: 1
Step: 0.011111
Tj part: 0.125000
Queue size: 2
Visiting neighbor trace: 20
Intersection size: 1
Step: 0.011111
Tj part: 0.111111
Queue size: 2
Visiting neighbor trace: 22
Intersection size: 1
Step: 0.011111
Tj part: 0.100000
Queue size: 2
Visiting neighbor trace: 23
Intersection size: 3
Step: 0.033333
Tj part: 0.333333
Queue size: 2
Visiting neighbor trace: 24
Intersection size: 3
Step: 0.033333
Tj part: 0.333333
Queue size: 2
Visiting neighbor trace: 25
Intersection size: 1
Step: 0.011111
Tj part: 0.083333
Queue size: 2
Visiting neighbor trace: 26
Intersection size: 1
Step: 0.011111
Tj part: 0.111111
Queue size: 2
Visiting neighbor trace: 29
Intersection size: 1
Step: 0.011111
Tj part: 0.111111
Queue size: 2
Visiting neighbor trace: 30
Intersection size: 1
Step: 0.011111
Tj part: 0.142857
Queue size: 2
Visiting neighbor trace: 31
Intersection size: 1
Step: 0.011111
Tj part: 0.090909
Queue size: 2
Visiting neighbor trace: 32
Intersection size: 3
Step: 0.033333
Tj part: 0.333333
Queue size: 2
Visiting neighbor trace: 33
Intersection size: 4
Step: 0.044444
Tj part: 0.307692
Queue size: 2
Visiting neighbor trace: 34
Intersection size: 1
Step: 0.011111
Tj part: 0.090909
Queue size: 2
Visiting neighbor trace: 35
Intersection size: 1
Step: 0.011111
Tj part: 0.090909
Queue size: 2
Visiting neighbor trace: 36
Intersection size: 1
Step: 0.011111
Tj part: 0.090909
Queue size: 2
Visiting neighbor trace: 38
Intersection size: 1
Step: 0.011111
Tj part: 0.090909
Queue size: 2
Visiting neighbor trace: 39
Intersection size: 1
Step: 0.011111
Tj part: 0.066667
Queue size: 2
Visiting neighbor trace: 44
Intersection size: 1
Step: 0.011111
Tj part: 0.111111
Queue size: 2
Visiting neighbor trace: 2
Intersection size: 1
Step: 0.011111
Tj part: 0.088540
Queue size: 2
Visiting neighbor trace: 28
Intersection size: 1
Step: 0.011111
Tj part: 0.090909
Queue size: 2
Current trace: 43 with activation 0.111111
Visited neighbors: 35
Visiting neighbor trace: 1
Intersection size: 2
Step: 0.018519
Tj part: 0.232432
Queue size: 1
Visiting neighbor trace: 3
Intersection size: 1
Step: 0.009259
Tj part: 0.097724
Queue size: 1
Visiting neighbor trace: 6
Intersection size: 1
Step: 0.009259
Tj part: 0.085216
Queue size: 1
Visiting neighbor trace: 9
Intersection size: 1
Step: 0.009259
Tj part: 0.119003
Queue size: 1
Visiting neighbor trace: 11
Intersection size: 2
Step: 0.018519
Tj part: 0.250000
Queue size: 1
Visiting neighbor trace: 13
Intersection size: 3
Step: 0.027778
Tj part: 0.230769
Queue size: 1
Visiting neighbor trace: 19
Intersection size: 3
Step: 0.027778
Tj part: 0.333333
Queue size: 1
Visiting neighbor trace: 21
Intersection size: 2
Step: 0.018519
Tj part: 0.222222
Queue size: 1
Visiting neighbor trace: 27
Intersection size: 2
Step: 0.018519
Tj part: 0.222222
Queue size: 1
Visiting neighbor trace: 37
Intersection size: 3
Step: 0.027778
Tj part: 0.300000
Queue size: 1
Visiting neighbor trace: 40
Intersection size: 3
Step: 0.027778
Tj part: 0.272727
Queue size: 1
Visiting neighbor trace: 41
Intersection size: 2
Step: 0.018519
Tj part: 0.166667
Queue size: 1
Visiting neighbor trace: 42
Intersection size: 2
Step: 0.018519
Tj part: 0.200000
Queue size: 1
Visiting neighbor trace: 5
Intersection size: 1
Step: 0.009259
Tj part: 0.104283
Queue size: 1
Visiting neighbor trace: 15
Intersection size: 2
Step: 0.018519
Tj part: 0.166667
Queue size: 1
Visiting neighbor trace: 16
Intersection size: 2
Step: 0.018519
Tj part: 0.142857
Queue size: 1
Visiting neighbor trace: 17
Intersection size: 2
Step: 0.018519
Tj part: 0.250000
Queue size: 1
Visiting neighbor trace: 20
Intersection size: 2
Step: 0.018519
Tj part: 0.222222
Queue size: 1
Visiting neighbor trace: 22
Intersection size: 1
Step: 0.009259
Tj part: 0.100000
Queue size: 1
Visiting neighbor trace: 23
Intersection size: 1
Step: 0.009259
Tj part: 0.111111
Queue size: 1
Visiting neighbor trace: 24
Intersection size: 1
Step: 0.009259
Tj part: 0.111111
Queue size: 1
Visiting neighbor trace: 25
Intersection size: 1
Step: 0.009259
Tj part: 0.083333
Queue size: 1
Visiting neighbor trace: 26
Intersection size: 2
Step: 0.018519
Tj part: 0.222222
Queue size: 1
Visiting neighbor trace: 29
Intersection size: 1
Step: 0.009259
Tj part: 0.111111
Queue size: 1
Visiting neighbor trace: 30
Intersection size: 2
Step: 0.018519
Tj part: 0.285714
Queue size: 1
Visiting neighbor trace: 31
Intersection size: 3
Step: 0.027778
Tj part: 0.272727
Queue size: 1
Visiting neighbor trace: 32
Intersection size: 1
Step: 0.009259
Tj part: 0.111111
Queue size: 1
Visiting neighbor trace: 33
Intersection size: 2
Step: 0.018519
Tj part: 0.153846
Queue size: 1
Visiting neighbor trace: 34
Intersection size: 2
Step: 0.018519
Tj part: 0.181818
Queue size: 1
Visiting neighbor trace: 35
Intersection size: 1
Step: 0.009259
Tj part: 0.090909
Queue size: 1
Visiting neighbor trace: 36
Intersection size: 1
Step: 0.009259
Tj part: 0.090909
Queue size: 1
Visiting neighbor trace: 38
Intersection size: 1
Step: 0.009259
Tj part: 0.090909
Queue size: 1
Visiting neighbor trace: 39
Intersection size: 1
Step: 0.009259
Tj part: 0.066667
Queue size: 1
Visiting neighbor trace: 44
Intersection size: 1
Step: 0.009259
Tj part: 0.111111
Queue size: 1
Visiting neighbor trace: 12
Intersection size: 1
Step: 0.009259
Tj part: 0.125000
Queue size: 1
Current trace: 40 with activation 0.111111
Visited neighbors: 20
Visiting neighbor trace: 1
Intersection size: 1
Step: 0.010101
Tj part: 0.116216
Queue size: 0
Visiting neighbor trace: 3
Intersection size: 1
Step: 0.010101
Tj part: 0.097724
Queue size: 0
Visiting neighbor trace: 6
Intersection size: 1
Step: 0.010101
Tj part: 0.085216
Queue size: 0
Visiting neighbor trace: 9
Intersection size: 1
Step: 0.010101
Tj part: 0.119003
Queue size: 0
Visiting neighbor trace: 11
Intersection size: 1
Step: 0.010101
Tj part: 0.125000
Queue size: 0
Visiting neighbor trace: 13
Intersection size: 1
Step: 0.010101
Tj part: 0.076923
Queue size: 0
Visiting neighbor trace: 19
Intersection size: 2
Step: 0.020202
Tj part: 0.222222
Queue size: 0
Visiting neighbor trace: 21
Intersection size: 1
Step: 0.010101
Tj part: 0.111111
Queue size: 0
Visiting neighbor trace: 27
Intersection size: 1
Step: 0.010101
Tj part: 0.111111
Queue size: 0
Visiting neighbor trace: 37
Intersection size: 2
Step: 0.020202
Tj part: 0.200000
Queue size: 0
Visiting neighbor trace: 41
Intersection size: 3
Step: 0.030303
Tj part: 0.250000
Queue size: 0
Visiting neighbor trace: 42
Intersection size: 3
Step: 0.030303
Tj part: 0.300000
Queue size: 0
Visiting neighbor trace: 43
Intersection size: 3
Step: 0.030303
Tj part: 0.250000
Queue size: 0
Visiting neighbor trace: 15
Intersection size: 1
Step: 0.010101
Tj part: 0.083333
Queue size: 0
Visiting neighbor trace: 23
Intersection size: 2
Step: 0.020202
Tj part: 0.222222
Queue size: 0
Visiting neighbor trace: 33
Intersection size: 1
Step: 0.010101
Tj part: 0.076923
Queue size: 0
Visiting neighbor trace: 12
Intersection size: 1
Step: 0.010101
Tj part: 0.125000
Queue size: 0
Visiting neighbor trace: 34
Intersection size: 1
Step: 0.010101
Tj part: 0.090909
Queue size: 0
Visiting neighbor trace: 35
Intersection size: 1
Step: 0.010101
Tj part: 0.090909
Queue size: 0
Visiting neighbor trace: 44
Intersection size: 1
Step: 0.010101
Tj part: 0.111111
Queue size: 0
Propagated trace for words: 9
Pruned traces for words: 9
Predicted understanding for words: 9
Processed words: 9
Error: 0.824067
Updating proficiency for words: 7
Adding trace for words: 7
Added trace for words: 7
Propagating trace: 45 with activation 1.000000
Current trace: 45 with activation 1.000000
Visited neighbors: 33
Visiting neighbor trace: 17
Intersection size: 2
Step: 0.285714
Tj part: 0.250000
Queue size: 1
Visiting neighbor trace: 1
Intersection size: 1
Step: 0.142857
Tj part: 0.116216
Queue size: 2
Visiting neighbor trace: 13
Intersection size: 1
Step: 0.142857
Tj part: 0.076923
Queue size: 3
Visiting neighbor trace: 5
Intersection size: 1
Step: 0.142857
Tj part: 0.104283
Queue size: 4
Visiting neighbor trace: 19
Intersection size: 1
Step: 0.142857
Tj part: 0.111111
Queue size: 5
Visiting neighbor trace: 11
Intersection size: 1
Step: 0.142857
Tj part: 0.125000
Queue size: 6
Visiting neighbor trace: 15
Intersection size: 1
Step: 0.142857
Tj part: 0.083333
Queue size: 7
Visiting neighbor trace: 16
Intersection size: 1
Step: 0.142857
Tj part: 0.071429
Queue size: 8
Visiting neighbor trace: 20
Intersection size: 2
Step: 0.285714
Tj part: 0.222222
Queue size: 9
Visiting neighbor trace: 22
Intersection size: 1
Step: 0.142857
Tj part: 0.100000
Queue size: 10
Visiting neighbor trace: 23
Intersection size: 1
Step: 0.142857
Tj part: 0.111111
Queue size: 11
Visiting neighbor trace: 24
Intersection size: 1
Step: 0.142857
Tj part: 0.111111
Queue size: 12
Visiting neighbor trace: 25
Intersection size: 2
Step: 0.285714
Tj part: 0.166667
Queue size: 13
Visiting neighbor trace: 26
Intersection size: 1
Step: 0.142857
Tj part: 0.111111
Queue size: 14
Visiting neighbor trace: 29
Intersection size: 2
Step: 0.285714
Tj part: 0.222222
Queue size: 15
Visiting neighbor trace: 30
Intersection size: 1
Step: 0.142857
Tj part: 0.142857
Queue size: 15
Visiting neighbor trace: 31
Intersection size: 1
Step: 0.142857
Tj part: 0.090909
Queue size: 16
Visiting neighbor trace: 32
Intersection size: 1
Step: 0.142857
Tj part: 0.111111
Queue size: 17
Visiting neighbor trace: 33
Intersection size: 1
Step: 0.142857
Tj part: 0.076923
Queue size: 18
Visiting neighbor trace: 34
Intersection size: 1
Step: 0.142857
Tj part: 0.090909
Queue size: 19
Visiting neighbor trace: 35
Intersection size: 1
Step: 0.142857
Tj part: 0.090909
Queue size: 20
Visiting neighbor trace: 36
Intersection size: 3
Step: 0.428571
Tj part: 0.272727
Queue size: 21
Visiting neighbor trace: 37
Intersection size: 1
Step: 0.142857
Tj part: 0.100000
Queue size: 22
Visiting neighbor trace: 38
Intersection size: 1
Step: 0.142857
Tj part: 0.090909
Queue size: 23
Visiting neighbor trace: 39
Intersection size: 1
Step: 0.142857
Tj part: 0.066667
Queue size: 24
Visiting neighbor trace: 41
Intersection size: 1
Step: 0.142857
Tj part: 0.083333
Queue size: 25
Visiting neighbor trace: 42
Intersection size: 1
Step: 0.142857
Tj part: 0.100000
Queue size: 26
Visiting neighbor trace: 43
Intersection size: 2
Step: 0.285714
Tj part: 0.166667
Queue size: 27
Visiting neighbor trace: 44
Intersection size: 2
Step: 0.285714
Tj part: 0.222222
Queue size: 28
Visiting neighbor trace: 9
Intersection size: 1
Step: 0.142857
Tj part: 0.119003
Queue size: 29
Visiting neighbor trace: 21
Intersection size: 1
Step: 0.142857
Tj part: 0.111111
Queue size: 30
Visiting neighbor trace: 27
Intersection size: 1
Step: 0.142857
Tj part: 0.111111
Queue size: 31
Visiting neighbor trace: 40
Intersection size: 1
Step: 0.142857
Tj part: 0.090909
Queue size: 32
Current trace: 17 with activation 0.285714
Visited neighbors: 33
Visiting neighbor trace: 1
Intersection size: 1
Step: 0.035714
Tj part: 0.119546
Queue size: 31
Visiting neighbor trace: 5
Intersection size: 1
Step: 0.035714
Tj part: 0.109793
Queue size: 31
Visiting neighbor trace: 11
Intersection size: 1
Step: 0.035714
Tj part: 0.125000
Queue size: 31
Visiting neighbor trace: 13
Intersection size: 1
Step: 0.035714
Tj part: 0.076923
Queue size: 31
Visiting neighbor trace: 15
Intersection size: 2
Step: 0.071429
Tj part: 0.166667
Queue size: 31
Visiting neighbor trace: 16
Intersection size: 1
Step: 0.035714
Tj part: 0.071429
Queue size: 31
Visiting neighbor trace: 19
Intersection size: 2
Step: 0.071429
Tj part: 0.222222
Queue size: 31
Visiting neighbor trace: 20
Intersection size: 2
Step: 0.071429
Tj part: 0.222222
Queue size: 31
Visiting neighbor trace: 22
Intersection size: 2
Step: 0.071429
Tj part: 0.200000
Queue size: 31
Visiting neighbor trace: 23
Intersection size: 1
Step: 0.035714
Tj part: 0.111111
Queue size: 31
Visiting neighbor trace: 24
Intersection size: 1
Step: 0.035714
Tj part: 0.111111
Queue size: 31
Visiting neighbor trace: 25
Intersection size: 2
Step: 0.071429
Tj part: 0.166667
Queue size: 31
Visiting neighbor trace: 26
Intersection size: 1
Step: 0.035714
Tj part: 0.111111
Queue size: 31
Visiting neighbor trace: 29
Intersection size: 2
Step: 0.071429
Tj part: 0.222222
Queue size: 31
Visiting neighbor trace: 30
Intersection size: 1
Step: 0.035714
Tj part: 0.142857
Queue size: 31
Visiting neighbor trace: 31
Intersection size: 2
Step: 0.071429
Tj part: 0.181818
Queue size: 31
Visiting neighbor trace: 32
Intersection size: 1
Step: 0.035714
Tj part: 0.111111
Queue size: 31
Visiting neighbor trace: 33
Intersection size: 1
Step: 0.035714
Tj part: 0.076923
Queue size: 31
Visiting neighbor trace: 34
Intersection size: 1
Step: 0.035714
Tj part: 0.090909
Queue size: 31
Visiting neighbor trace: 35
Intersection size: 1
Step: 0.035714
Tj part: 0.090909
Queue size: 31
Visiting neighbor trace: 36
Intersection size: 2
Step: 0.071429
Tj part: 0.181818
Queue size: 31
Visiting neighbor trace: 37
Intersection size: 2
Step: 0.071429
Tj part: 0.200000
Queue size: 31
Visiting neighbor trace: 38
Intersection size: 1
Step: 0.035714
Tj part: 0.090909
Queue size: 31
Visiting neighbor trace: 39
Intersection size: 2
Step: 0.071429
Tj part: 0.133333
Queue size: 31
Visiting neighbor trace: 41
Intersection size: 1
Step: 0.035714
Tj part: 0.083333
Queue size: 31
Visiting neighbor trace: 42
Intersection size: 1
Step: 0.035714
Tj part: 0.100000
Queue size: 31
Visiting neighbor trace: 43
Intersection size: 2
Step: 0.071429
Tj part: 0.166667
Queue size: 31
Visiting neighbor trace: 44
Intersection size: 2
Step: 0.071429
Tj part: 0.222222
Queue size: 31
Visiting neighbor trace: 45
Intersection size: 2
Step: 0.071429
Tj part: 0.285714
Queue size: 31
Visiting neighbor trace: 6
Intersection size: 1
Step: 0.035714
Tj part: 0.085216
Queue size: 31
Visiting neighbor trace: 9
Intersection size: 1
Step: 0.035714
Tj part: 0.121985
Queue size: 31
Visiting neighbor trace: 21
Intersection size: 1
Step: 0.035714
Tj part: 0.111111
Queue size: 31
Visiting neighbor trace: 27
Intersection size: 1
Step: 0.035714
Tj part: 0.111111
Queue size: 31
Current trace: 1 with activation 0.142857
Visited neighbors: 36
Visiting neighbor trace: 3
Intersection size: 3
Step: 0.053571
Tj part: 0.293172
Queue size: 30
Visiting neighbor trace: 6
Intersection size: 1
Step: 0.017857
Tj part: 0.085216
Queue size: 30
Visiting neighbor trace: 9
Intersection size: 1
Step: 0.017857
Tj part: 0.121985
Queue size: 30
Visiting neighbor trace: 11
Intersection size: 8
Step: 0.142857
Tj part: 1.000000
Queue size: 30
Visiting neighbor trace: 13
Intersection size: 3
Step: 0.053571
Tj part: 0.230769
Queue size: 30
Visiting neighbor trace: 19
Intersection size: 2
Step: 0.035714
Tj part: 0.222222
Queue size: 30
Visiting neighbor trace: 21
Intersection size: 1
Step: 0.017857
Tj part: 0.111111
Queue size: 30
Visiting neighbor trace: 27
Intersection size: 1
Step: 0.017857
Tj part: 0.111111
Queue size: 30
Visiting neighbor trace: 37
Intersection size: 2
Step: 0.035714
Tj part: 0.200000
Queue size: 30
Visiting neighbor trace: 40
Intersection size: 1
Step: 0.017857
Tj part: 0.090909
Queue size: 30
Visiting neighbor trace: 41
Intersection size: 2
Step: 0.035714
Tj part: 0.166667
Queue size: 30
Visiting neighbor trace: 42
Intersection size: 2
Step: 0.035714
Tj part: 0.200000
Queue size: 30
Visiting neighbor trace: 43
Intersection size: 2
Step: 0.035714
Tj part: 0.166667
Queue size: 30
Visiting neighbor trace: 5
Intersection size: 2
Step: 0.035714
Tj part: 0.219587
Queue size: 30
Visiting neighbor trace: 15
Intersection size: 1
Step: 0.017857
Tj part: 0.083333
Queue size: 30
Visiting neighbor trace: 16
Intersection size: 1
Step: 0.017857
Tj part: 0.071429
Queue size: 30
Visiting neighbor trace: 17
Intersection size: 1
Step: 0.017857
Tj part: 0.125000
Queue size: 30
Visiting neighbor trace: 20
Intersection size: 1
Step: 0.017857
Tj part: 0.111111
Queue size: 30
Visiting neighbor trace: 22
Intersection size: 1
Step: 0.017857
Tj part: 0.100000
Queue size: 30
Visiting neighbor trace: 23
Intersection size: 1
Step: 0.017857
Tj part: 0.111111
Queue size: 30
Visiting neighbor trace: 24
Intersection size: 1
Step: 0.017857
Tj part: 0.111111
Queue size: 30
Visiting neighbor trace: 25
Intersection size: 1
Step: 0.017857
Tj part: 0.083333
Queue size: 30
Visiting neighbor trace: 26
Intersection size: 1
Step: 0.017857
Tj part: 0.111111
Queue size: 30
Visiting neighbor trace: 29
Intersection size: 1
Step: 0.017857
Tj part: 0.111111
Queue size: 30
Visiting neighbor trace: 30
Intersection size: 1
Step: 0.017857
Tj part: 0.142857
Queue size: 30
Visiting neighbor trace: 31
Intersection size: 1
Step: 0.017857
Tj part: 0.090909
Queue size: 30
Visiting neighbor trace: 32
Intersection size: 1
Step: 0.017857
Tj part: 0.111111
Queue size: 30
Visiting neighbor trace: 33
Intersection size: 1
Step: 0.017857
Tj part: 0.076923
Queue size: 30
Visiting neighbor trace: 34
Intersection size: 1
Step: 0.017857
Tj part: 0.090909
Queue size: 30
Visiting neighbor trace: 35
Intersection size: 1
Step: 0.017857
Tj part: 0.090909
Queue size: 30
Visiting neighbor trace: 36
Intersection size: 1
Step: 0.017857
Tj part: 0.090909
Queue size: 30
Visiting neighbor trace: 38
Intersection size: 1
Step: 0.017857
Tj part: 0.090909
Queue size: 30
Visiting neighbor trace: 39
Intersection size: 1
Step: 0.017857
Tj part: 0.066667
Queue size: 30
Visiting neighbor trace: 44
Intersection size: 1
Step: 0.017857
Tj part: 0.111111
Queue size: 30
Visiting neighbor trace: 45
Intersection size: 1
Step: 0.017857
Tj part: 0.142857
Queue size: 30
Visiting neighbor trace: 14
Intersection size: 1
Step: 0.017857
Tj part: 0.111111
Queue size: 30
Current trace: 13 with activation 0.142857
Visited neighbors: 36
Visiting neighbor trace: 1
Intersection size: 3
Step: 0.032967
Tj part: 0.358638
Queue size: 29
Visiting neighbor trace: 3
Intersection size: 2
Step: 0.021978
Tj part: 0.195448
Queue size: 29
Visiting neighbor trace: 6
Intersection size: 1
Step: 0.010989
Tj part: 0.085216
Queue size: 29
Visiting neighbor trace: 9
Intersection size: 1
Step: 0.010989
Tj part: 0.121985
Queue size: 29
Visiting neighbor trace: 11
Intersection size: 3
Step: 0.032967
Tj part: 0.375000
Queue size: 29
Visiting neighbor trace: 19
Intersection size: 2
Step: 0.021978
Tj part: 0.222222
Queue size: 29
Visiting neighbor trace: 21
Intersection size: 1
Step: 0.010989
Tj part: 0.111111
Queue size: 29
Visiting neighbor trace: 27
Intersection size: 2
Step: 0.021978
Tj part: 0.222222
Queue size: 29
Visiting neighbor trace: 37
Intersection size: 2
Step: 0.021978
Tj part: 0.200000
Queue size: 29
Visiting neighbor trace: 40
Intersection size: 1
Step: 0.010989
Tj part: 0.090909
Queue size: 29
Visiting neighbor trace: 41
Intersection size: 2
Step: 0.021978
Tj part: 0.166667
Queue size: 29
Visiting neighbor trace: 42
Intersection size: 2
Step: 0.021978
Tj part: 0.200000
Queue size: 29
Visiting neighbor trace: 43
Intersection size: 3
Step: 0.032967
Tj part: 0.250000
Queue size: 29
Visiting neighbor trace: 5
Intersection size: 1
Step: 0.010989
Tj part: 0.109793
Queue size: 29
Visiting neighbor trace: 15
Intersection size: 1
Step: 0.010989
Tj part: 0.083333
Queue size: 29
Visiting neighbor trace: 16
Intersection size: 2
Step: 0.021978
Tj part: 0.142857
Queue size: 29
Visiting neighbor trace: 17
Intersection size: 1
Step: 0.010989
Tj part: 0.125000
Queue size: 29
Visiting neighbor trace: 20
Intersection size: 1
Step: 0.010989
Tj part: 0.111111
Queue size: 29
Visiting neighbor trace: 22
Intersection size: 3
Step: 0.032967
Tj part: 0.300000
Queue size: 29
Visiting neighbor trace: 23
Intersection size: 1
Step: 0.010989
Tj part: 0.111111
Queue size: 29
Visiting neighbor trace: 24
Intersection size: 1
Step: 0.010989
Tj part: 0.111111
Queue size: 29
Visiting neighbor trace: 25
Intersection size: 1
Step: 0.010989
Tj part: 0.083333
Queue size: 29
Visiting neighbor trace: 26
Intersection size: 2
Step: 0.021978
Tj part: 0.222222
Queue size: 29
Visiting neighbor trace: 29
Intersection size: 3
Step: 0.032967
Tj part: 0.333333
Queue size: 29
Visiting neighbor trace: 30
Intersection size: 2
Step: 0.021978
Tj part: 0.285714
Queue size: 29
Visiting neighbor trace: 31
Intersection size: 2
Step: 0.021978
Tj part: 0.181818
Queue size: 29
Visiting neighbor trace: 32
Intersection size: 2
Step: 0.021978
Tj part: 0.222222
Queue size: 29
Visiting neighbor trace: 33
Intersection size: 1
Step: 0.010989
Tj part: 0.076923
Queue size: 29
Visiting neighbor trace: 34
Intersection size: 1
Step: 0.010989
Tj part: 0.090909
Queue size: 29
Visiting neighbor trace: 35
Intersection size: 1
Step: 0.010989
Tj part: 0.090909
Queue size: 29
Visiting neighbor trace: 36
Intersection size: 1
Step: 0.010989
Tj part: 0.090909
Queue size: 29
Visiting neighbor trace: 38
Intersection size: 1
Step: 0.010989
Tj part: 0.090909
Queue size: 29
Visiting neighbor trace: 39
Intersection size: 1
Step: 0.010989
Tj part: 0.066667
Queue size: 29
Visiting neighbor trace: 44
Intersection size: 1
Step: 0.010989
Tj part: 0.111111
Queue size: 29
Visiting neighbor trace: 45
Intersection size: 1
Step: 0.010989
Tj part: 0.142857
Queue size: 29
Visiting neighbor trace: 14
Intersection size: 2
Step: 0.021978
Tj part: 0.222222
Queue size: 29
Current trace: 5 with activation 0.142857
Visited neighbors: 29
Visiting neighbor trace: 1
Intersection size: 2
Step: 0.040816
Tj part: 0.239092
Queue size: 28
Visiting neighbor trace: 11
Intersection size: 2
Step: 0.040816
Tj part: 0.250000
Queue size: 28
Visiting neighbor trace: 13
Intersection size: 1
Step: 0.020408
Tj part: 0.076923
Queue size: 28
Visiting neighbor trace: 15
Intersection size: 1
Step: 0.020408
Tj part: 0.083333
Queue size: 28
Visiting neighbor trace: 16
Intersection size: 1
Step: 0.020408
Tj part: 0.071429
Queue size: 28
Visiting neighbor trace: 17
Intersection size: 1
Step: 0.020408
Tj part: 0.125000
Queue size: 28
Visiting neighbor trace: 19
Intersection size: 1
Step: 0.020408
Tj part: 0.111111
Queue size: 28
Visiting neighbor trace: 20
Intersection size: 1
Step: 0.020408
Tj part: 0.111111
Queue size: 28
Visiting neighbor trace: 22
Intersection size: 2
Step: 0.040816
Tj part: 0.200000
Queue size: 28
Visiting neighbor trace: 23
Intersection size: 1
Step: 0.020408
Tj part: 0.111111
Queue size: 28
Visiting neighbor trace: 24
Intersection size: 1
Step: 0.020408
Tj part: 0.111111
Queue size: 28
Visiting neighbor trace: 25
Intersection size: 1
Step: 0.020408
Tj part: 0.083333
Queue size: 28
Visiting neighbor trace: 26
Intersection size: 1
Step: 0.020408
Tj part: 0.111111
Queue size: 28
Visiting neighbor trace: 29
Intersection size: 1
Step: 0.020408
Tj part: 0.111111
Queue size: 28
Visiting neighbor trace: 30
Intersection size: 1
Step: 0.020408
Tj part: 0.142857
Queue size: 28
Visiting neighbor trace: 31
Intersection size: 1
Step: 0.020408
Tj part: 0.090909
Queue size: 28
Visiting neighbor trace: 32
Intersection size: 1
Step: 0.020408
Tj part: 0.111111
Queue size: 28
Visiting neighbor trace: 33
Intersection size: 1
Step: 0.020408
Tj part: 0.076923
Queue size: 28
Visiting neighbor trace: 34
Intersection size: 1
Step: 0.020408
Tj part: 0.090909
Queue size: 28
Visiting neighbor trace: 35
Intersection size: 1
Step: 0.020408
Tj part: 0.090909
Queue size: 28
Visiting neighbor trace: 36
Intersection size: 1
Step: 0.020408
Tj part: 0.090909
Queue size: 28
Visiting neighbor trace: 37
Intersection size: 1
Step: 0.020408
Tj part: 0.100000
Queue size: 28
Visiting neighbor trace: 38
Intersection size: 1
Step: 0.020408
Tj part: 0.090909
Queue size: 28
Visiting neighbor trace: 39
Intersection size: 1
Step: 0.020408
Tj part: 0.066667
Queue size: 28
Visiting neighbor trace: 41
Intersection size: 1
Step: 0.020408
Tj part: 0.083333
Queue size: 28
Visiting neighbor trace: 42
Intersection size: 1
Step: 0.020408
Tj part: 0.100000
Queue size: 28
Visiting neighbor trace: 43
Intersection size: 1
Step: 0.020408
Tj part: 0.083333
Queue size: 28
Visiting neighbor trace: 44
Intersection size: 1
Step: 0.020408
Tj part: 0.111111
Queue size: 28
Visiting neighbor trace: 45
Intersection size: 1
Step: 0.020408
Tj part: 0.142857
Queue size: 28
Current trace: 19 with activation 0.142857
Visited neighbors: 37
Visiting neighbor trace: 1
Intersection size: 2
Step: 0.031746
Tj part: 0.239092
Queue size: 27
Visiting neighbor trace: 3
Intersection size: 1
Step: 0.015873
Tj part: 0.097724
Queue size: 27
Visiting neighbor trace: 6
Intersection size: 1
Step: 0.015873
Tj part: 0.085216
Queue size: 27
Visiting neighbor trace: 9
Intersection size: 1
Step: 0.015873
Tj part: 0.121985
Queue size: 27
Visiting neighbor trace: 11
Intersection size: 2
Step: 0.031746
Tj part: 0.250000
Queue size: 27
Visiting neighbor trace: 13
Intersection size: 2
Step: 0.031746
Tj part: 0.153846
Queue size: 27
Visiting neighbor trace: 21
Intersection size: 1
Step: 0.015873
Tj part: 0.111111
Queue size: 27
Visiting neighbor trace: 27
Intersection size: 1
Step: 0.015873
Tj part: 0.111111
Queue size: 27
Visiting neighbor trace: 37
Intersection size: 4
Step: 0.063492
Tj part: 0.400000
Queue size: 27
Visiting neighbor trace: 40
Intersection size: 2
Step: 0.031746
Tj part: 0.181818
Queue size: 27
Visiting neighbor trace: 41
Intersection size: 3
Step: 0.047619
Tj part: 0.250000
Queue size: 27
Visiting neighbor trace: 42
Intersection size: 4
Step: 0.063492
Tj part: 0.400000
Queue size: 27
Visiting neighbor trace: 43
Intersection size: 3
Step: 0.047619
Tj part: 0.250000
Queue size: 27
Visiting neighbor trace: 5
Intersection size: 1
Step: 0.015873
Tj part: 0.109793
Queue size: 27
Visiting neighbor trace: 15
Intersection size: 4
Step: 0.063492
Tj part: 0.333333
Queue size: 27
Visiting neighbor trace: 16
Intersection size: 2
Step: 0.031746
Tj part: 0.142857
Queue size: 27
Visiting neighbor trace: 17
Intersection size: 2
Step: 0.031746
Tj part: 0.250000
Queue size: 27
Visiting neighbor trace: 20
Intersection size: 1
Step: 0.015873
Tj part: 0.111111
Queue size: 27
Visiting neighbor trace: 22
Intersection size: 1
Step: 0.015873
Tj part: 0.100000
Queue size: 27
Visiting neighbor trace: 23
Intersection size: 4
Step: 0.063492
Tj part: 0.444444
Queue size: 27
Visiting neighbor trace: 24
Intersection size: 2
Step: 0.031746
Tj part: 0.222222
Queue size: 27
Visiting neighbor trace: 25
Intersection size: 2
Step: 0.031746
Tj part: 0.166667
Queue size: 27
Visiting neighbor trace: 26
Intersection size: 1
Step: 0.015873
Tj part: 0.111111
Queue size: 27
Visiting neighbor trace: 29
Intersection size: 1
Step: 0.015873
Tj part: 0.111111
Queue size: 27
Visiting neighbor trace: 30
Intersection size: 1
Step: 0.015873
Tj part: 0.142857
Queue size: 27
Visiting neighbor trace: 31
Intersection size: 2
Step: 0.031746
Tj part: 0.181818
Queue size: 27
Visiting neighbor trace: 32
Intersection size: 2
Step: 0.031746
Tj part: 0.222222
Queue size: 27
Visiting neighbor trace: 33
Intersection size: 5
Step: 0.079365
Tj part: 0.384615
Queue size: 27
Visiting neighbor trace: 34
Intersection size: 1
Step: 0.015873
Tj part: 0.090909
Queue size: 27
Visiting neighbor trace: 35
Intersection size: 1
Step: 0.015873
Tj part: 0.090909
Queue size: 27
Visiting neighbor trace: 36
Intersection size: 1
Step: 0.015873
Tj part: 0.090909
Queue size: 27
Visiting neighbor trace: 38
Intersection size: 2
Step: 0.031746
Tj part: 0.181818
Queue size: 27
Visiting neighbor trace: 39
Intersection size: 1
Step: 0.015873
Tj part: 0.066667
Queue size: 27
Visiting neighbor trace: 44
Intersection size: 1
Step: 0.015873
Tj part: 0.111111
Queue size: 27
Visiting neighbor trace: 45
Intersection size: 1
Step: 0.015873
Tj part: 0.142857
Queue size: 27
Visiting neighbor trace: 2
Intersection size: 1
Step: 0.015873
Tj part: 0.088540
Queue size: 27
Visiting neighbor trace: 28
Intersection size: 1
Step: 0.015873
Tj part: 0.090909
Queue size: 27
Current trace: 11 with activation 0.142857
Visited neighbors: 36
Visiting neighbor trace: 1
Intersection size: 8
Step: 0.142857
Tj part: 0.956368
Queue size: 26
Visiting neighbor trace: 3
Intersection size: 3
Step: 0.053571
Tj part: 0.293172
Queue size: 26
Visiting neighbor trace: 6
Intersection size: 1
Step: 0.017857
Tj part: 0.085216
Queue size: 26
Visiting neighbor trace: 9
Intersection size: 1
Step: 0.017857
Tj part: 0.121985
Queue size: 26
Visiting neighbor trace: 13
Intersection size: 3
Step: 0.053571
Tj part: 0.230769
Queue size: 26
Visiting neighbor trace: 19
Intersection size: 2
Step: 0.035714
Tj part: 0.222222
Queue size: 26
Visiting neighbor trace: 21
Intersection size: 1
Step: 0.017857
Tj part: 0.111111
Queue size: 26
Visiting neighbor trace: 27
Intersection size: 1
Step: 0.017857
Tj part: 0.111111
Queue size: 26
Visiting neighbor trace: 37
Intersection size: 2
Step: 0.035714
Tj part: 0.200000
Queue size: 26
Visiting neighbor trace: 40
Intersection size: 1
Step: 0.017857
Tj part: 0.090909
Queue size: 26
Visiting neighbor trace: 41
Intersection size: 2
Step: 0.035714
Tj part: 0.166667
Queue size: 26
Visiting neighbor trace: 42
Intersection size: 2
Step: 0.035714
Tj part: 0.200000
Queue size: 26
Visiting neighbor trace: 43
Intersection size: 2
Step: 0.035714
Tj part: 0.166667
Queue size: 26
Visiting neighbor trace: 5
Intersection size: 2
Step: 0.035714
Tj part: 0.219587
Queue size: 26
Visiting neighbor trace: 15
Intersection size: 1
Step: 0.017857
Tj part: 0.083333
Queue size: 26
Visiting neighbor trace: 16
Intersection size: 1
Step: 0.017857
Tj part: 0.071429
Queue size: 26
Visiting neighbor trace: 17
Intersection size: 1
Step: 0.017857
Tj part: 0.125000
Queue size: 26
Visiting neighbor trace: 20
Intersection size: 1
Step: 0.017857
Tj part: 0.111111
Queue size: 26
Visiting neighbor trace: 22
Intersection size: 1
Step: 0.017857
Tj part: 0.100000
Queue size: 26
Visiting neighbor trace: 23
Intersection size: 1
Step: 0.017857
Tj part: 0.111111
Queue size: 26
Visiting neighbor trace: 24
Intersection size: 1
Step: 0.017857
Tj part: 0.111111
Queue size: 26
Visiting neighbor trace: 25
Intersection size: 1
Step: 0.017857
Tj part: 0.083333
Queue size: 26
Visiting neighbor trace: 26
Intersection size: 1
Step: 0.017857
Tj part: 0.111111
Queue size: 26
Visiting neighbor trace: 29
Intersection size: 1
Step: 0.017857
Tj part: 0.111111
Queue size: 26
Visiting neighbor trace: 30
Intersection size: 1
Step: 0.017857
Tj part: 0.142857
Queue size: 26
Visiting neighbor trace: 31
Intersection size: 1
Step: 0.017857
Tj part: 0.090909
Queue size: 26
Visiting neighbor trace: 32
Intersection size: 1
Step: 0.017857
Tj part: 0.111111
Queue size: 26
Visiting neighbor trace: 33
Intersection size: 1
Step: 0.017857
Tj part: 0.076923
Queue size: 26
Visiting neighbor trace: 34
Intersection size: 1
Step: 0.017857
Tj part: 0.090909
Queue size: 26
Visiting neighbor trace: 35
Intersection size: 1
Step: 0.017857
Tj part: 0.090909
Queue size: 26
Visiting neighbor trace: 36
Intersection size: 1
Step: 0.017857
Tj part: 0.090909
Queue size: 26
Visiting neighbor trace: 38
Intersection size: 1
Step: 0.017857
Tj part: 0.090909
Queue size: 26
Visiting neighbor trace: 39
Intersection size: 1
Step: 0.017857
Tj part: 0.066667
Queue size: 26
Visiting neighbor trace: 44
Intersection size: 1
Step: 0.017857
Tj part: 0.111111
Queue size: 26
Visiting neighbor trace: 45
Intersection size: 1
Step: 0.017857
Tj part: 0.142857
Queue size: 26
Visiting neighbor trace: 14
Intersection size: 1
Step: 0.017857
Tj part: 0.111111
Queue size: 26
Current trace: 15 with activation 0.142857
Visited neighbors: 31
Visiting neighbor trace: 1
Intersection size: 1
Step: 0.011905
Tj part: 0.119546
Queue size: 25
Visiting neighbor trace: 5
Intersection size: 1
Step: 0.011905
Tj part: 0.109793
Queue size: 25
Visiting neighbor trace: 11
Intersection size: 1
Step: 0.011905
Tj part: 0.125000
Queue size: 25
Visiting neighbor trace: 13
Intersection size: 1
Step: 0.011905
Tj part: 0.076923
Queue size: 25
Visiting neighbor trace: 16
Intersection size: 2
Step: 0.023810
Tj part: 0.142857
Queue size: 25
Visiting neighbor trace: 17
Intersection size: 2
Step: 0.023810
Tj part: 0.250000
Queue size: 25
Visiting neighbor trace: 19
Intersection size: 4
Step: 0.047619
Tj part: 0.444444
Queue size: 25
Visiting neighbor trace: 20
Intersection size: 1
Step: 0.011905
Tj part: 0.111111
Queue size: 25
Visiting neighbor trace: 22
Intersection size: 1
Step: 0.011905
Tj part: 0.100000
Queue size: 25
Visiting neighbor trace: 23
Intersection size: 2
Step: 0.023810
Tj part: 0.222222
Queue size: 25
Visiting neighbor trace: 24
Intersection size: 1
Step: 0.011905
Tj part: 0.111111
Queue size: 25
Visiting neighbor trace: 25
Intersection size: 2
Step: 0.023810
Tj part: 0.166667
Queue size: 25
Visiting neighbor trace: 26
Intersection size: 2
Step: 0.023810
Tj part: 0.222222
Queue size: 25
Visiting neighbor trace: 29
Intersection size: 1
Step: 0.011905
Tj part: 0.111111
Queue size: 25
Visiting neighbor trace: 30
Intersection size: 2
Step: 0.023810
Tj part: 0.285714
Queue size: 25
Visiting neighbor trace: 31
Intersection size: 2
Step: 0.023810
Tj part: 0.181818
Queue size: 25
Visiting neighbor trace: 32
Intersection size: 1
Step: 0.011905
Tj part: 0.111111
Queue size: 25
Visiting neighbor trace: 33
Intersection size: 3
Step: 0.035714
Tj part: 0.230769
Queue size: 25
Visiting neighbor trace: 34
Intersection size: 1
Step: 0.011905
Tj part: 0.090909
Queue size: 25
Visiting neighbor trace: 35
Intersection size: 1
Step: 0.011905
Tj part: 0.090909
Queue size: 25
Visiting neighbor trace: 36
Intersection size: 1
Step: 0.011905
Tj part: 0.090909
Queue size: 25
Visiting neighbor trace: 37
Intersection size: 3
Step: 0.035714
Tj part: 0.300000
Queue size: 25
Visiting neighbor trace: 38
Intersection size: 1
Step: 0.011905
Tj part: 0.090909
Queue size: 25
Visiting neighbor trace: 39
Intersection size: 2
Step: 0.023810
Tj part: 0.133333
Queue size: 25
Visiting neighbor trace: 41
Intersection size: 3
Step: 0.035714
Tj part: 0.250000
Queue size: 25
Visiting neighbor trace: 42
Intersection size: 2
Step: 0.023810
Tj part: 0.200000
Queue size: 25
Visiting neighbor trace: 43
Intersection size: 2
Step: 0.023810
Tj part: 0.166667
Queue size: 25
Visiting neighbor trace: 44
Intersection size: 1
Step: 0.011905
Tj part: 0.111111
Queue size: 25
Visiting neighbor trace: 45
Intersection size: 1
Step: 0.011905
Tj part: 0.142857
Queue size: 25
Visiting neighbor trace: 27
Intersection size: 1
Step: 0.011905
Tj part: 0.111111
Queue size: 25
Visiting neighbor trace: 40
Intersection size: 1
Step: 0.011905
Tj part: 0.090909
Queue size: 25
Current trace: 16 with activation 0.142857
Visited neighbors: 33
Visiting neighbor trace: 1
Intersection size: 1
Step: 0.010204
Tj part: 0.119546
Queue size: 24
Visiting neighbor trace: 5
Intersection size: 1
Step: 0.010204
Tj part: 0.109793
Queue size: 24
Visiting neighbor trace: 11
Intersection size: 1
Step: 0.010204
Tj part: 0.125000
Queue size: 24
Visiting neighbor trace: 13
Intersection size: 2
Step: 0.020408
Tj part: 0.153846
Queue size: 24
Visiting neighbor trace: 15
Intersection size: 2
Step: 0.020408
Tj part: 0.166667
Queue size: 24
Visiting neighbor trace: 17
Intersection size: 1
Step: 0.010204
Tj part: 0.125000
Queue size: 24
Visiting neighbor trace: 19
Intersection size: 2
Step: 0.020408
Tj part: 0.222222
Queue size: 24
Visiting neighbor trace: 20
Intersection size: 3
Step: 0.030612
Tj part: 0.333333
Queue size: 24
Visiting neighbor trace: 22
Intersection size: 2
Step: 0.020408
Tj part: 0.200000
Queue size: 24
Visiting neighbor trace: 23
Intersection size: 1
Step: 0.010204
Tj part: 0.111111
Queue size: 24
Visiting neighbor trace: 24
Intersection size: 2
Step: 0.020408
Tj part: 0.222222
Queue size: 24
Visiting neighbor trace: 25
Intersection size: 3
Step: 0.030612
Tj part: 0.250000
Queue size: 24
Visiting neighbor trace: 26
Intersection size: 3
Step: 0.030612
Tj part: 0.333333
Queue size: 24
Visiting neighbor trace: 29
Intersection size: 1
Step: 0.010204
Tj part: 0.111111
Queue size: 24
Visiting neighbor trace: 30
Intersection size: 2
Step: 0.020408
Tj part: 0.285714
Queue size: 24
Visiting neighbor trace: 31
Intersection size: 1
Step: 0.010204
Tj part: 0.090909
Queue size: 24
Visiting neighbor trace: 32
Intersection size: 2
Step: 0.020408
Tj part: 0.222222
Queue size: 24
Visiting neighbor trace: 33
Intersection size: 2
Step: 0.020408
Tj part: 0.153846
Queue size: 24
Visiting neighbor trace: 34
Intersection size: 1
Step: 0.010204
Tj part: 0.090909
Queue size: 24
Visiting neighbor trace: 35
Intersection size: 2
Step: 0.020408
Tj part: 0.181818
Queue size: 24
Visiting neighbor trace: 36
Intersection size: 1
Step: 0.010204
Tj part: 0.090909
Queue size: 24
Visiting neighbor trace: 37
Intersection size: 2
Step: 0.020408
Tj part: 0.200000
Queue size: 24
Visiting neighbor trace: 38
Intersection size: 1
Step: 0.010204
Tj part: 0.090909
Queue size: 24
Visiting neighbor trace: 39
Intersection size: 1
Step: 0.010204
Tj part: 0.066667
Queue size: 24
Visiting neighbor trace: 41
Intersection size: 1
Step: 0.010204
Tj part: 0.083333
Queue size: 24
Visiting neighbor trace: 42
Intersection size: 2
Step: 0.020408
Tj part: 0.200000
Queue size: 24
Visiting neighbor trace: 43
Intersection size: 2
Step: 0.020408
Tj part: 0.166667
Queue size: 24
Visiting neighbor trace: 44
Intersection size: 1
Step: 0.010204
Tj part: 0.111111
Queue size: 24
Visiting neighbor trace: 45
Intersection size: 1
Step: 0.010204
Tj part: 0.142857
Queue size: 24
Visiting neighbor trace: 2
Intersection size: 1
Step: 0.010204
Tj part: 0.088540
Queue size: 24
Visiting neighbor trace: 6
Intersection size: 1
Step: 0.010204
Tj part: 0.085216
Queue size: 24
Visiting neighbor trace: 8
Intersection size: 1
Step: 0.010204
Tj part: 0.081117
Queue size: 24
Visiting neighbor trace: 27
Intersection size: 1
Step: 0.010204
Tj part: 0.111111
Queue size: 24
Current trace: 20 with activation 0.285714
Visited neighbors: 35
Visiting neighbor trace: 1
Intersection size: 1
Step: 0.031746
Tj part: 0.119546
Queue size: 23
Visiting neighbor trace: 5
Intersection size: 1
Step: 0.031746
Tj part: 0.109793
Queue size: 23
Visiting neighbor trace: 11
Intersection size: 1
Step: 0.031746
Tj part: 0.125000
Queue size: 23
Visiting neighbor trace: 13
Intersection size: 1
Step: 0.031746
Tj part: 0.076923
Queue size: 23
Visiting neighbor trace: 15
Intersection size: 1
Step: 0.031746
Tj part: 0.083333
Queue size: 23
Visiting neighbor trace: 16
Intersection size: 3
Step: 0.095238
Tj part: 0.214286
Queue size: 23
Visiting neighbor trace: 17
Intersection size: 2
Step: 0.063492
Tj part: 0.250000
Queue size: 23
Visiting neighbor trace: 19
Intersection size: 1
Step: 0.031746
Tj part: 0.111111
Queue size: 23
Visiting neighbor trace: 22
Intersection size: 2
Step: 0.063492
Tj part: 0.200000
Queue size: 23
Visiting neighbor trace: 23
Intersection size: 1
Step: 0.031746
Tj part: 0.111111
Queue size: 23
Visiting neighbor trace: 24
Intersection size: 1
Step: 0.031746
Tj part: 0.111111
Queue size: 23
Visiting neighbor trace: 25
Intersection size: 4
Step: 0.126984
Tj part: 0.333333
Queue size: 23
Visiting neighbor trace: 26
Intersection size: 2
Step: 0.063492
Tj part: 0.222222
Queue size: 23
Visiting neighbor trace: 29
Intersection size: 3
Step: 0.095238
Tj part: 0.333333
Queue size: 23
Visiting neighbor trace: 30
Intersection size: 1
Step: 0.031746
Tj part: 0.142857
Queue size: 23
Visiting neighbor trace: 31
Intersection size: 2
Step: 0.063492
Tj part: 0.181818
Queue size: 23
Visiting neighbor trace: 32
Intersection size: 1
Step: 0.031746
Tj part: 0.111111
Queue size: 23
Visiting neighbor trace: 33
Intersection size: 1
Step: 0.031746
Tj part: 0.076923
Queue size: 23
Visiting neighbor trace: 34
Intersection size: 2
Step: 0.063492
Tj part: 0.181818
Queue size: 23
Visiting neighbor trace: 35
Intersection size: 2
Step: 0.063492
Tj part: 0.181818
Queue size: 23
Visiting neighbor trace: 36
Intersection size: 2
Step: 0.063492
Tj part: 0.181818
Queue size: 23
Visiting neighbor trace: 37
Intersection size: 1
Step: 0.031746
Tj part: 0.100000
Queue size: 23
Visiting neighbor trace: 38
Intersection size: 1
Step: 0.031746
Tj part: 0.090909
Queue size: 23
Visiting neighbor trace: 39
Intersection size: 1
Step: 0.031746
Tj part: 0.066667
Queue size: 23
Visiting neighbor trace: 41
Intersection size: 1
Step: 0.031746
Tj part: 0.083333
Queue size: 23
Visiting neighbor trace: 42
Intersection size: 1
Step: 0.031746
Tj part: 0.100000
Queue size: 23
Visiting neighbor trace: 43
Intersection size: 2
Step: 0.063492
Tj part: 0.166667
Queue size: 23
Visiting neighbor trace: 44
Intersection size: 2
Step: 0.063492
Tj part: 0.222222
Queue size: 23
Visiting neighbor trace: 45
Intersection size: 2
Step: 0.063492
Tj part: 0.285714
Queue size: 23
Visiting neighbor trace: 2
Intersection size: 1
Step: 0.031746
Tj part: 0.088540
Queue size: 23
Visiting neighbor trace: 9
Intersection size: 1
Step: 0.031746
Tj part: 0.121985
Queue size: 23
Visiting neighbor trace: 21
Intersection size: 2
Step: 0.063492
Tj part: 0.222222
Queue size: 23
Visiting neighbor trace: 27
Intersection size: 1
Step: 0.031746
Tj part: 0.111111
Queue size: 23
Visiting neighbor trace: 6
Intersection size: 1
Step: 0.031746
Tj part: 0.085216
Queue size: 23
Visiting neighbor trace: 8
Intersection size: 2
Step: 0.063492
Tj part: 0.162234
Queue size: 23
Current trace: 22 with activation 0.142857
Visited neighbors: 33
Visiting neighbor trace: 1
Intersection size: 1
Step: 0.014286
Tj part: 0.119546
Queue size: 22
Visiting neighbor trace: 5
Intersection size: 2
Step: 0.028571
Tj part: 0.219587
Queue size: 22
Visiting neighbor trace: 11
Intersection size: 1
Step: 0.014286
Tj part: 0.125000
Queue size: 22
Visiting neighbor trace: 13
Intersection size: 3
Step: 0.042857
Tj part: 0.230769
Queue size: 22
Visiting neighbor trace: 15
Intersection size: 1
Step: 0.014286
Tj part: 0.083333
Queue size: 22
Visiting neighbor trace: 16
Intersection size: 2
Step: 0.028571
Tj part: 0.142857
Queue size: 22
Visiting neighbor trace: 17
Intersection size: 2
Step: 0.028571
Tj part: 0.250000
Queue size: 22
Visiting neighbor trace: 19
Intersection size: 1
Step: 0.014286
Tj part: 0.111111
Queue size: 22
Visiting neighbor trace: 20
Intersection size: 2
Step: 0.028571
Tj part: 0.222222
Queue size: 22
Visiting neighbor trace: 23
Intersection size: 2
Step: 0.028571
Tj part: 0.222222
Queue size: 22
Visiting neighbor trace: 24
Intersection size: 1
Step: 0.014286
Tj part: 0.111111
Queue size: 22
Visiting neighbor trace: 25
Intersection size: 2
Step: 0.028571
Tj part: 0.166667
Queue size: 22
Visiting neighbor trace: 26
Intersection size: 2
Step: 0.028571
Tj part: 0.222222
Queue size: 22
Visiting neighbor trace: 29
Intersection size: 3
Step: 0.042857
Tj part: 0.333333
Queue size: 22
Visiting neighbor trace: 30
Intersection size: 1
Step: 0.014286
Tj part: 0.142857
Queue size: 22
Visiting neighbor trace: 31
Intersection size: 1
Step: 0.014286
Tj part: 0.090909
Queue size: 22
Visiting neighbor trace: 32
Intersection size: 1
Step: 0.014286
Tj part: 0.111111
Queue size: 22
Visiting neighbor trace: 33
Intersection size: 1
Step: 0.014286
Tj part: 0.076923
Queue size: 22
Visiting neighbor trace: 34
Intersection size: 1
Step: 0.014286
Tj part: 0.090909
Queue size: 22
Visiting neighbor trace: 35
Intersection size: 2
Step: 0.028571
Tj part: 0.181818
Queue size: 22
Visiting neighbor trace: 36
Intersection size: 1
Step: 0.014286
Tj part: 0.090909
Queue size: 22
Visiting neighbor trace: 37
Intersection size: 1
Step: 0.014286
Tj part: 0.100000
Queue size: 22
Visiting neighbor trace: 38
Intersection size: 1
Step: 0.014286
Tj part: 0.090909
Queue size: 22
Visiting neighbor trace: 39
Intersection size: 1
Step: 0.014286
Tj part: 0.066667
Queue size: 22
Visiting neighbor trace: 41
Intersection size: 1
Step: 0.014286
Tj part: 0.083333
Queue size: 22
Visiting neighbor trace: 42
Intersection size: 1
Step: 0.014286
Tj part: 0.100000
Queue size: 22
Visiting neighbor trace: 43
Intersection size: 1
Step: 0.014286
Tj part: 0.083333
Queue size: 22
Visiting neighbor trace: 44
Intersection size: 1
Step: 0.014286
Tj part: 0.111111
Queue size: 22
Visiting neighbor trace: 45
Intersection size: 1
Step: 0.014286
Tj part: 0.142857
Queue size: 22
Visiting neighbor trace: 6
Intersection size: 2
Step: 0.028571
Tj part: 0.170431
Queue size: 22
Visiting neighbor trace: 0
Intersection size: 1
Step: 0.014286
Tj part: 0.136004
Queue size: 22
Visiting neighbor trace: 10
Intersection size: 1
Step: 0.014286
Tj part: 0.142857
Queue size: 22
Visiting neighbor trace: 8
Intersection size: 1
Step: 0.014286
Tj part: 0.081117
Queue size: 22
Current trace: 23 with activation 0.142857
Visited neighbors: 35
Visiting neighbor trace: 1
Intersection size: 1
Step: 0.015873
Tj part: 0.119546
Queue size: 21
Visiting neighbor trace: 5
Intersection size: 1
Step: 0.015873
Tj part: 0.109793
Queue size: 21
Visiting neighbor trace: 11
Intersection size: 1
Step: 0.015873
Tj part: 0.125000
Queue size: 21
Visiting neighbor trace: 13
Intersection size: 1
Step: 0.015873
Tj part: 0.076923
Queue size: 21
Visiting neighbor trace: 15
Intersection size: 2
Step: 0.031746
Tj part: 0.166667
Queue size: 21
Visiting neighbor trace: 16
Intersection size: 1
Step: 0.015873
Tj part: 0.071429
Queue size: 21
Visiting neighbor trace: 17
Intersection size: 1
Step: 0.015873
Tj part: 0.125000
Queue size: 21
Visiting neighbor trace: 19
Intersection size: 4
Step: 0.063492
Tj part: 0.444444
Queue size: 21
Visiting neighbor trace: 20
Intersection size: 1
Step: 0.015873
Tj part: 0.111111
Queue size: 21
Visiting neighbor trace: 22
Intersection size: 2
Step: 0.031746
Tj part: 0.200000
Queue size: 21
Visiting neighbor trace: 24
Intersection size: 2
Step: 0.031746
Tj part: 0.222222
Queue size: 21
Visiting neighbor trace: 25
Intersection size: 1
Step: 0.015873
Tj part: 0.083333
Queue size: 21
Visiting neighbor trace: 26
Intersection size: 1
Step: 0.015873
Tj part: 0.111111
Queue size: 21
Visiting neighbor trace: 29
Intersection size: 1
Step: 0.015873
Tj part: 0.111111
Queue size: 21
Visiting neighbor trace: 30
Intersection size: 1
Step: 0.015873
Tj part: 0.142857
Queue size: 21
Visiting neighbor trace: 31
Intersection size: 1
Step: 0.015873
Tj part: 0.090909
Queue size: 21
Visiting neighbor trace: 32
Intersection size: 2
Step: 0.031746
Tj part: 0.222222
Queue size: 21
Visiting neighbor trace: 33
Intersection size: 4
Step: 0.063492
Tj part: 0.307692
Queue size: 21
Visiting neighbor trace: 34
Intersection size: 1
Step: 0.015873
Tj part: 0.090909
Queue size: 21
Visiting neighbor trace: 35
Intersection size: 1
Step: 0.015873
Tj part: 0.090909
Queue size: 21
Visiting neighbor trace: 36
Intersection size: 1
Step: 0.015873
Tj part: 0.090909
Queue size: 21
Visiting neighbor trace: 37
Intersection size: 1
Step: 0.015873
Tj part: 0.100000
Queue size: 21
Visiting neighbor trace: 38
Intersection size: 1
Step: 0.015873
Tj part: 0.090909
Queue size: 21
Visiting neighbor trace: 39
Intersection size: 1
Step: 0.015873
Tj part: 0.066667
Queue size: 21
Visiting neighbor trace: 41
Intersection size: 2
Step: 0.031746
Tj part: 0.166667
Queue size: 21
Visiting neighbor trace: 42
Intersection size: 3
Step: 0.047619
Tj part: 0.300000
Queue size: 21
Visiting neighbor trace: 43
Intersection size: 1
Step: 0.015873
Tj part: 0.083333
Queue size: 21
Visiting neighbor trace: 44
Intersection size: 1
Step: 0.015873
Tj part: 0.111111
Queue size: 21
Visiting neighbor trace: 45
Intersection size: 1
Step: 0.015873
Tj part: 0.142857
Queue size: 21
Visiting neighbor trace: 0
Intersection size: 1
Step: 0.015873
Tj part: 0.136004
Queue size: 21
Visiting neighbor trace: 2
Intersection size: 2
Step: 0.031746
Tj part: 0.177080
Queue size: 21
Visiting neighbor trace: 10
Intersection size: 1
Step: 0.015873
Tj part: 0.142857
Queue size: 21
Visiting neighbor trace: 27
Intersection size: 1
Step: 0.015873
Tj part: 0.111111
Queue size: 21
Visiting neighbor trace: 28
Intersection size: 2
Step: 0.031746
Tj part: 0.181818
Queue size: 21
Visiting neighbor trace: 40
Intersection size: 2
Step: 0.031746
Tj part: 0.181818
Queue size: 21
Current trace: 24 with activation 0.142857
Visited neighbors: 34
Visiting neighbor trace: 1
Intersection size: 1
Step: 0.015873
Tj part: 0.119546
Queue size: 20
Visiting neighbor trace: 5
Intersection size: 1
Step: 0.015873
Tj part: 0.109793
Queue size: 20
Visiting neighbor trace: 11
Intersection size: 1
Step: 0.015873
Tj part: 0.125000
Queue size: 20
Visiting neighbor trace: 13
Intersection size: 1
Step: 0.015873
Tj part: 0.076923
Queue size: 20
Visiting neighbor trace: 15
Intersection size: 1
Step: 0.015873
Tj part: 0.083333
Queue size: 20
Visiting neighbor trace: 16
Intersection size: 2
Step: 0.031746
Tj part: 0.142857
Queue size: 20
Visiting neighbor trace: 17
Intersection size: 1
Step: 0.015873
Tj part: 0.125000
Queue size: 20
Visiting neighbor trace: 19
Intersection size: 2
Step: 0.031746
Tj part: 0.222222
Queue size: 20
Visiting neighbor trace: 20
Intersection size: 1
Step: 0.015873
Tj part: 0.111111
Queue size: 20
Visiting neighbor trace: 22
Intersection size: 1
Step: 0.015873
Tj part: 0.100000
Queue size: 20
Visiting neighbor trace: 23
Intersection size: 2
Step: 0.031746
Tj part: 0.222222
Queue size: 20
Visiting neighbor trace: 25
Intersection size: 2
Step: 0.031746
Tj part: 0.166667
Queue size: 20
Visiting neighbor trace: 26
Intersection size: 1
Step: 0.015873
Tj part: 0.111111
Queue size: 20
Visiting neighbor trace: 29
Intersection size: 1
Step: 0.015873
Tj part: 0.111111
Queue size: 20
Visiting neighbor trace: 30
Intersection size: 1
Step: 0.015873
Tj part: 0.142857
Queue size: 20
Visiting neighbor trace: 31
Intersection size: 1
Step: 0.015873
Tj part: 0.090909
Queue size: 20
Visiting neighbor trace: 32
Intersection size: 3
Step: 0.047619
Tj part: 0.333333
Queue size: 20
Visiting neighbor trace: 33
Intersection size: 2
Step: 0.031746
Tj part: 0.153846
Queue size: 20
Visiting neighbor trace: 34
Intersection size: 3
Step: 0.047619
Tj part: 0.272727
Queue size: 20
Visiting neighbor trace: 35
Intersection size: 2
Step: 0.031746
Tj part: 0.181818
Queue size: 20
Visiting neighbor trace: 36
Intersection size: 1
Step: 0.015873
Tj part: 0.090909
Queue size: 20
Visiting neighbor trace: 37
Intersection size: 1
Step: 0.015873
Tj part: 0.100000
Queue size: 20
Visiting neighbor trace: 38
Intersection size: 2
Step: 0.031746
Tj part: 0.181818
Queue size: 20
Visiting neighbor trace: 39
Intersection size: 2
Step: 0.031746
Tj part: 0.133333
Queue size: 20
Visiting neighbor trace: 41
Intersection size: 1
Step: 0.015873
Tj part: 0.083333
Queue size: 20
Visiting neighbor trace: 42
Intersection size: 3
Step: 0.047619
Tj part: 0.300000
Queue size: 20
Visiting neighbor trace: 43
Intersection size: 1
Step: 0.015873
Tj part: 0.083333
Queue size: 20
Visiting neighbor trace: 44
Intersection size: 1
Step: 0.015873
Tj part: 0.111111
Queue size: 20
Visiting neighbor trace: 45
Intersection size: 1
Step: 0.015873
Tj part: 0.142857
Queue size: 20
Visiting neighbor trace: 7
Intersection size: 1
Step: 0.015873
Tj part: 0.088502
Queue size: 20
Visiting neighbor trace: 12
Intersection size: 1
Step: 0.015873
Tj part: 0.125000
Queue size: 20
Visiting neighbor trace: 14
Intersection size: 1
Step: 0.015873
Tj part: 0.111111
Queue size: 20
Visiting neighbor trace: 2
Intersection size: 1
Step: 0.015873
Tj part: 0.088540
Queue size: 20
Visiting neighbor trace: 28
Intersection size: 1
Step: 0.015873
Tj part: 0.090909
Queue size: 20
Current trace: 25 with activation 0.285714
Visited neighbors: 36
Visiting neighbor trace: 1
Intersection size: 1
Step: 0.023810
Tj part: 0.119546
Queue size: 19
Visiting neighbor trace: 5
Intersection size: 1
Step: 0.023810
Tj part: 0.109793
Queue size: 19
Visiting neighbor trace: 11
Intersection size: 1
Step: 0.023810
Tj part: 0.125000
Queue size: 19
Visiting neighbor trace: 13
Intersection size: 1
Step: 0.023810
Tj part: 0.076923
Queue size: 19
Visiting neighbor trace: 15
Intersection size: 2
Step: 0.047619
Tj part: 0.166667
Queue size: 19
Visiting neighbor trace: 16
Intersection size: 3
Step: 0.071429
Tj part: 0.214286
Queue size: 19
Visiting neighbor trace: 17
Intersection size: 2
Step: 0.047619
Tj part: 0.250000
Queue size: 19
Visiting neighbor trace: 19
Intersection size: 2
Step: 0.047619
Tj part: 0.222222
Queue size: 19
Visiting neighbor trace: 20
Intersection size: 4
Step: 0.095238
Tj part: 0.444444
Queue size: 19
Visiting neighbor trace: 22
Intersection size: 2
Step: 0.047619
Tj part: 0.200000
Queue size: 19
Visiting neighbor trace: 23
Intersection size: 1
Step: 0.023810
Tj part: 0.111111
Queue size: 19
Visiting neighbor trace: 24
Intersection size: 2
Step: 0.047619
Tj part: 0.222222
Queue size: 19
Visiting neighbor trace: 26
Intersection size: 2
Step: 0.047619
Tj part: 0.222222
Queue size: 19
Visiting neighbor trace: 29
Intersection size: 3
Step: 0.071429
Tj part: 0.333333
Queue size: 19
Visiting neighbor trace: 30
Intersection size: 1
Step: 0.023810
Tj part: 0.142857
Queue size: 19
Visiting neighbor trace: 31
Intersection size: 1
Step: 0.023810
Tj part: 0.090909
Queue size: 19
Visiting neighbor trace: 32
Intersection size: 1
Step: 0.023810
Tj part: 0.111111
Queue size: 19
Visiting neighbor trace: 33
Intersection size: 2
Step: 0.047619
Tj part: 0.153846
Queue size: 19
Visiting neighbor trace: 34
Intersection size: 1
Step: 0.023810
Tj part: 0.090909
Queue size: 19
Visiting neighbor trace: 35
Intersection size: 3
Step: 0.071429
Tj part: 0.272727
Queue size: 19
Visiting neighbor trace: 36
Intersection size: 2
Step: 0.047619
Tj part: 0.181818
Queue size: 19
Visiting neighbor trace: 37
Intersection size: 2
Step: 0.047619
Tj part: 0.200000
Queue size: 19
Visiting neighbor trace: 38
Intersection size: 1
Step: 0.023810
Tj part: 0.090909
Queue size: 19
Visiting neighbor trace: 39
Intersection size: 1
Step: 0.023810
Tj part: 0.066667
Queue size: 19
Visiting neighbor trace: 41
Intersection size: 1
Step: 0.023810
Tj part: 0.083333
Queue size: 19
Visiting neighbor trace: 42
Intersection size: 1
Step: 0.023810
Tj part: 0.100000
Queue size: 19
Visiting neighbor trace: 43
Intersection size: 1
Step: 0.023810
Tj part: 0.083333
Queue size: 19
Visiting neighbor trace: 44
Intersection size: 2
Step: 0.047619
Tj part: 0.222222
Queue size: 19
Visiting neighbor trace: 45
Intersection size: 2
Step: 0.047619
Tj part: 0.285714
Queue size: 19
Visiting neighbor trace: 12
Intersection size: 1
Step: 0.023810
Tj part: 0.125000
Queue size: 19
Visiting neighbor trace: 14
Intersection size: 1
Step: 0.023810
Tj part: 0.111111
Queue size: 19
Visiting neighbor trace: 9
Intersection size: 1
Step: 0.023810
Tj part: 0.121985
Queue size: 19
Visiting neighbor trace: 21
Intersection size: 2
Step: 0.047619
Tj part: 0.222222
Queue size: 19
Visiting neighbor trace: 27
Intersection size: 1
Step: 0.023810
Tj part: 0.111111
Queue size: 19
Visiting neighbor trace: 6
Intersection size: 1
Step: 0.023810
Tj part: 0.085216
Queue size: 19
Visiting neighbor trace: 8
Intersection size: 1
Step: 0.023810
Tj part: 0.081117
Queue size: 19
Current trace: 26 with activation 0.142857
Visited neighbors: 34
Visiting neighbor trace: 1
Intersection size: 1
Step: 0.015873
Tj part: 0.119546
Queue size: 18
Visiting neighbor trace: 5
Intersection size: 1
Step: 0.015873
Tj part: 0.109793
Queue size: 18
Visiting neighbor trace: 11
Intersection size: 1
Step: 0.015873
Tj part: 0.125000
Queue size: 18
Visiting neighbor trace: 13
Intersection size: 2
Step: 0.031746
Tj part: 0.153846
Queue size: 18
Visiting neighbor trace: 15
Intersection size: 2
Step: 0.031746
Tj part: 0.166667
Queue size: 18
Visiting neighbor trace: 16
Intersection size: 3
Step: 0.047619
Tj part: 0.214286
Queue size: 18
Visiting neighbor trace: 17
Intersection size: 1
Step: 0.015873
Tj part: 0.125000
Queue size: 18
Visiting neighbor trace: 19
Intersection size: 1
Step: 0.015873
Tj part: 0.111111
Queue size: 18
Visiting neighbor trace: 20
Intersection size: 2
Step: 0.031746
Tj part: 0.222222
Queue size: 18
Visiting neighbor trace: 22
Intersection size: 2
Step: 0.031746
Tj part: 0.200000
Queue size: 18
Visiting neighbor trace: 23
Intersection size: 1
Step: 0.015873
Tj part: 0.111111
Queue size: 18
Visiting neighbor trace: 24
Intersection size: 1
Step: 0.015873
Tj part: 0.111111
Queue size: 18
Visiting neighbor trace: 25
Intersection size: 2
Step: 0.031746
Tj part: 0.166667
Queue size: 18
Visiting neighbor trace: 29
Intersection size: 1
Step: 0.015873
Tj part: 0.111111
Queue size: 18
Visiting neighbor trace: 30
Intersection size: 4
Step: 0.063492
Tj part: 0.571429
Queue size: 18
Visiting neighbor trace: 31
Intersection size: 1
Step: 0.015873
Tj part: 0.090909
Queue size: 18
Visiting neighbor trace: 32
Intersection size: 1
Step: 0.015873
Tj part: 0.111111
Queue size: 18
Visiting neighbor trace: 33
Intersection size: 2
Step: 0.031746
Tj part: 0.153846
Queue size: 18
Visiting neighbor trace: 34
Intersection size: 1
Step: 0.015873
Tj part: 0.090909
Queue size: 18
Visiting neighbor trace: 35
Intersection size: 2
Step: 0.031746
Tj part: 0.181818
Queue size: 18
Visiting neighbor trace: 36
Intersection size: 1
Step: 0.015873
Tj part: 0.090909
Queue size: 18
Visiting neighbor trace: 37
Intersection size: 1
Step: 0.015873
Tj part: 0.100000
Queue size: 18
Visiting neighbor trace: 38
Intersection size: 1
Step: 0.015873
Tj part: 0.090909
Queue size: 18
Visiting neighbor trace: 39
Intersection size: 2
Step: 0.031746
Tj part: 0.133333
Queue size: 18
Visiting neighbor trace: 41
Intersection size: 1
Step: 0.015873
Tj part: 0.083333
Queue size: 18
Visiting neighbor trace: 42
Intersection size: 1
Step: 0.015873
Tj part: 0.100000
Queue size: 18
Visiting neighbor trace: 43
Intersection size: 2
Step: 0.031746
Tj part: 0.166667
Queue size: 18
Visiting neighbor trace: 44
Intersection size: 1
Step: 0.015873
Tj part: 0.111111
Queue size: 18
Visiting neighbor trace: 45
Intersection size: 1
Step: 0.015873
Tj part: 0.142857
Queue size: 18
Visiting neighbor trace: 27
Intersection size: 3
Step: 0.047619
Tj part: 0.333333
Queue size: 18
Visiting neighbor trace: 14
Intersection size: 1
Step: 0.015873
Tj part: 0.111111
Queue size: 18
Visiting neighbor trace: 6
Intersection size: 1
Step: 0.015873
Tj part: 0.085216
Queue size: 18
Visiting neighbor trace: 8
Intersection size: 1
Step: 0.015873
Tj part: 0.081117
Queue size: 18
Visiting neighbor trace: 28
Intersection size: 1
Step: 0.015873
Tj part: 0.090909
Queue size: 18
Current trace: 29 with activation 0.285714
Visited neighbors: 32
Visiting neighbor trace: 1
Intersection size: 1
Step: 0.031746
Tj part: 0.119546
Queue size: 17
Visiting neighbor trace: 5
Intersection size: 1
Step: 0.031746
Tj part: 0.109793
Queue size: 17
Visiting neighbor trace: 11
Intersection size: 1
Step: 0.031746
Tj part: 0.125000
Queue size: 17
Visiting neighbor trace: 13
Intersection size: 3
Step: 0.095238
Tj part: 0.230769
Queue size: 17
Visiting neighbor trace: 15
Intersection size: 1
Step: 0.031746
Tj part: 0.083333
Queue size: 17
Visiting neighbor trace: 16
Intersection size: 1
Step: 0.031746
Tj part: 0.071429
Queue size: 17
Visiting neighbor trace: 17
Intersection size: 2
Step: 0.063492
Tj part: 0.250000
Queue size: 17
Visiting neighbor trace: 19
Intersection size: 1
Step: 0.031746
Tj part: 0.111111
Queue size: 17
Visiting neighbor trace: 20
Intersection size: 3
Step: 0.095238
Tj part: 0.333333
Queue size: 17
Visiting neighbor trace: 22
Intersection size: 3
Step: 0.095238
Tj part: 0.300000
Queue size: 17
Visiting neighbor trace: 23
Intersection size: 1
Step: 0.031746
Tj part: 0.111111
Queue size: 17
Visiting neighbor trace: 24
Intersection size: 1
Step: 0.031746
Tj part: 0.111111
Queue size: 17
Visiting neighbor trace: 25
Intersection size: 3
Step: 0.095238
Tj part: 0.250000
Queue size: 17
Visiting neighbor trace: 26
Intersection size: 1
Step: 0.031746
Tj part: 0.111111
Queue size: 17
Visiting neighbor trace: 30
Intersection size: 1
Step: 0.031746
Tj part: 0.142857
Queue size: 17
Visiting neighbor trace: 31
Intersection size: 1
Step: 0.031746
Tj part: 0.090909
Queue size: 17
Visiting neighbor trace: 32
Intersection size: 1
Step: 0.031746
Tj part: 0.111111
Queue size: 17
Visiting neighbor trace: 33
Intersection size: 1
Step: 0.031746
Tj part: 0.076923
Queue size: 17
Visiting neighbor trace: 34
Intersection size: 1
Step: 0.031746
Tj part: 0.090909
Queue size: 17
Visiting neighbor trace: 35
Intersection size: 1
Step: 0.031746
Tj part: 0.090909
Queue size: 17
Visiting neighbor trace: 36
Intersection size: 2
Step: 0.063492
Tj part: 0.181818
Queue size: 17
Visiting neighbor trace: 37
Intersection size: 1
Step: 0.031746
Tj part: 0.100000
Queue size: 17
Visiting neighbor trace: 38
Intersection size: 1
Step: 0.031746
Tj part: 0.090909
Queue size: 17
Visiting neighbor trace: 39
Intersection size: 2
Step: 0.063492
Tj part: 0.133333
Queue size: 17
Visiting neighbor trace: 41
Intersection size: 1
Step: 0.031746
Tj part: 0.083333
Queue size: 17
Visiting neighbor trace: 42
Intersection size: 1
Step: 0.031746
Tj part: 0.100000
Queue size: 17
Visiting neighbor trace: 43
Intersection size: 1
Step: 0.031746
Tj part: 0.083333
Queue size: 17
Visiting neighbor trace: 44
Intersection size: 2
Step: 0.063492
Tj part: 0.222222
Queue size: 17
Visiting neighbor trace: 45
Intersection size: 2
Step: 0.063492
Tj part: 0.285714
Queue size: 17
Visiting neighbor trace: 9
Intersection size: 1
Step: 0.031746
Tj part: 0.121985
Queue size: 17
Visiting neighbor trace: 21
Intersection size: 1
Step: 0.031746
Tj part: 0.111111
Queue size: 17
Visiting neighbor trace: 27
Intersection size: 1
Step: 0.031746
Tj part: 0.111111
Queue size: 17
Current trace: 31 with activation 0.142857
Visited neighbors: 30
Visiting neighbor trace: 1
Intersection size: 1
Step: 0.012987
Tj part: 0.119546
Queue size: 16
Visiting neighbor trace: 5
Intersection size: 1
Step: 0.012987
Tj part: 0.109793
Queue size: 16
Visiting neighbor trace: 11
Intersection size: 1
Step: 0.012987
Tj part: 0.125000
Queue size: 16
Visiting neighbor trace: 13
Intersection size: 2
Step: 0.025974
Tj part: 0.153846
Queue size: 16
Visiting neighbor trace: 15
Intersection size: 2
Step: 0.025974
Tj part: 0.166667
Queue size: 16
Visiting neighbor trace: 16
Intersection size: 1
Step: 0.012987
Tj part: 0.071429
Queue size: 16
Visiting neighbor trace: 17
Intersection size: 2
Step: 0.025974
Tj part: 0.250000
Queue size: 16
Visiting neighbor trace: 19
Intersection size: 2
Step: 0.025974
Tj part: 0.222222
Queue size: 16
Visiting neighbor trace: 20
Intersection size: 2
Step: 0.025974
Tj part: 0.222222
Queue size: 16
Visiting neighbor trace: 22
Intersection size: 1
Step: 0.012987
Tj part: 0.100000
Queue size: 16
Visiting neighbor trace: 23
Intersection size: 1
Step: 0.012987
Tj part: 0.111111
Queue size: 16
Visiting neighbor trace: 24
Intersection size: 1
Step: 0.012987
Tj part: 0.111111
Queue size: 16
Visiting neighbor trace: 25
Intersection size: 1
Step: 0.012987
Tj part: 0.083333
Queue size: 16
Visiting neighbor trace: 26
Intersection size: 1
Step: 0.012987
Tj part: 0.111111
Queue size: 16
Visiting neighbor trace: 29
Intersection size: 1
Step: 0.012987
Tj part: 0.111111
Queue size: 16
Visiting neighbor trace: 30
Intersection size: 2
Step: 0.025974
Tj part: 0.285714
Queue size: 16
Visiting neighbor trace: 32
Intersection size: 3
Step: 0.038961
Tj part: 0.333333
Queue size: 16
Visiting neighbor trace: 33
Intersection size: 1
Step: 0.012987
Tj part: 0.076923
Queue size: 16
Visiting neighbor trace: 34
Intersection size: 1
Step: 0.012987
Tj part: 0.090909
Queue size: 16
Visiting neighbor trace: 35
Intersection size: 1
Step: 0.012987
Tj part: 0.090909
Queue size: 16
Visiting neighbor trace: 36
Intersection size: 2
Step: 0.025974
Tj part: 0.181818
Queue size: 16
Visiting neighbor trace: 37
Intersection size: 2
Step: 0.025974
Tj part: 0.200000
Queue size: 16
Visiting neighbor trace: 38
Intersection size: 1
Step: 0.012987
Tj part: 0.090909
Queue size: 16
Visiting neighbor trace: 39
Intersection size: 1
Step: 0.012987
Tj part: 0.066667
Queue size: 16
Visiting neighbor trace: 41
Intersection size: 1
Step: 0.012987
Tj part: 0.083333
Queue size: 16
Visiting neighbor trace: 42
Intersection size: 1
Step: 0.012987
Tj part: 0.100000
Queue size: 16
Visiting neighbor trace: 43
Intersection size: 3
Step: 0.038961
Tj part: 0.250000
Queue size: 16
Visiting neighbor trace: 44
Intersection size: 1
Step: 0.012987
Tj part: 0.111111
Queue size: 16
Visiting neighbor trace: 45
Intersection size: 1
Step: 0.012987
Tj part: 0.142857
Queue size: 16
Visiting neighbor trace: 21
Intersection size: 2
Step: 0.025974
Tj part: 0.222222
Queue size: 16
Current trace: 32 with activation 0.142857
Visited neighbors: 31
Visiting neighbor trace: 1
Intersection size: 1
Step: 0.015873
Tj part: 0.119546
Queue size: 15
Visiting neighbor trace: 5
Intersection size: 1
Step: 0.015873
Tj part: 0.109793
Queue size: 15
Visiting neighbor trace: 11
Intersection size: 1
Step: 0.015873
Tj part: 0.125000
Queue size: 15
Visiting neighbor trace: 13
Intersection size: 2
Step: 0.031746
Tj part: 0.153846
Queue size: 15
Visiting neighbor trace: 15
Intersection size: 1
Step: 0.015873
Tj part: 0.083333
Queue size: 15
Visiting neighbor trace: 16
Intersection size: 2
Step: 0.031746
Tj part: 0.142857
Queue size: 15
Visiting neighbor trace: 17
Intersection size: 1
Step: 0.015873
Tj part: 0.125000
Queue size: 15
Visiting neighbor trace: 19
Intersection size: 2
Step: 0.031746
Tj part: 0.222222
Queue size: 15
Visiting neighbor trace: 20
Intersection size: 1
Step: 0.015873
Tj part: 0.111111
Queue size: 15
Visiting neighbor trace: 22
Intersection size: 1
Step: 0.015873
Tj part: 0.100000
Queue size: 15
Visiting neighbor trace: 23
Intersection size: 2
Step: 0.031746
Tj part: 0.222222
Queue size: 15
Visiting neighbor trace: 24
Intersection size: 3
Step: 0.047619
Tj part: 0.333333
Queue size: 15
Visiting neighbor trace: 25
Intersection size: 1
Step: 0.015873
Tj part: 0.083333
Queue size: 15
Visiting neighbor trace: 26
Intersection size: 1
Step: 0.015873
Tj part: 0.111111
Queue size: 15
Visiting neighbor trace: 29
Intersection size: 1
Step: 0.015873
Tj part: 0.111111
Queue size: 15
Visiting neighbor trace: 30
Intersection size: 2
Step: 0.031746
Tj part: 0.285714
Queue size: 15
Visiting neighbor trace: 31
Intersection size: 3
Step: 0.047619
Tj part: 0.272727
Queue size: 15
Visiting neighbor trace: 33
Intersection size: 2
Step: 0.031746
Tj part: 0.153846
Queue size: 15
Visiting neighbor trace: 34
Intersection size: 1
Step: 0.015873
Tj part: 0.090909
Queue size: 15
Visiting neighbor trace: 35
Intersection size: 1
Step: 0.015873
Tj part: 0.090909
Queue size: 15
Visiting neighbor trace: 36
Intersection size: 2
Step: 0.031746
Tj part: 0.181818
Queue size: 15
Visiting neighbor trace: 37
Intersection size: 1
Step: 0.015873
Tj part: 0.100000
Queue size: 15
Visiting neighbor trace: 38
Intersection size: 1
Step: 0.015873
Tj part: 0.090909
Queue size: 15
Visiting neighbor trace: 39
Intersection size: 1
Step: 0.015873
Tj part: 0.066667
Queue size: 15
Visiting neighbor trace: 41
Intersection size: 1
Step: 0.015873
Tj part: 0.083333
Queue size: 15
Visiting neighbor trace: 42
Intersection size: 3
Step: 0.047619
Tj part: 0.300000
Queue size: 15
Visiting neighbor trace: 43
Intersection size: 1
Step: 0.015873
Tj part: 0.083333
Queue size: 15
Visiting neighbor trace: 44
Intersection size: 1
Step: 0.015873
Tj part: 0.111111
Queue size: 15
Visiting neighbor trace: 45
Intersection size: 1
Step: 0.015873
Tj part: 0.142857
Queue size: 15
Visiting neighbor trace: 2
Intersection size: 1
Step: 0.015873
Tj part: 0.088540
Queue size: 15
Visiting neighbor trace: 28
Intersection size: 1
Step: 0.015873
Tj part: 0.090909
Queue size: 15
Current trace: 33 with activation 0.142857
Visited neighbors: 34
Visiting neighbor trace: 1
Intersection size: 1
Step: 0.010989
Tj part: 0.119546
Queue size: 14
Visiting neighbor trace: 5
Intersection size: 1
Step: 0.010989
Tj part: 0.109793
Queue size: 14
Visiting neighbor trace: 11
Intersection size: 1
Step: 0.010989
Tj part: 0.125000
Queue size: 14
Visiting neighbor trace: 13
Intersection size: 1
Step: 0.010989
Tj part: 0.076923
Queue size: 14
Visiting neighbor trace: 15
Intersection size: 3
Step: 0.032967
Tj part: 0.250000
Queue size: 14
Visiting neighbor trace: 16
Intersection size: 2
Step: 0.021978
Tj part: 0.142857
Queue size: 14
Visiting neighbor trace: 17
Intersection size: 1
Step: 0.010989
Tj part: 0.125000
Queue size: 14
Visiting neighbor trace: 19
Intersection size: 5
Step: 0.054945
Tj part: 0.555556
Queue size: 14
Visiting neighbor trace: 20
Intersection size: 1
Step: 0.010989
Tj part: 0.111111
Queue size: 14
Visiting neighbor trace: 22
Intersection size: 1
Step: 0.010989
Tj part: 0.100000
Queue size: 14
Visiting neighbor trace: 23
Intersection size: 4
Step: 0.043956
Tj part: 0.444444
Queue size: 14
Visiting neighbor trace: 24
Intersection size: 2
Step: 0.021978
Tj part: 0.222222
Queue size: 14
Visiting neighbor trace: 25
Intersection size: 2
Step: 0.021978
Tj part: 0.166667
Queue size: 14
Visiting neighbor trace: 26
Intersection size: 2
Step: 0.021978
Tj part: 0.222222
Queue size: 14
Visiting neighbor trace: 29
Intersection size: 1
Step: 0.010989
Tj part: 0.111111
Queue size: 14
Visiting neighbor trace: 30
Intersection size: 1
Step: 0.010989
Tj part: 0.142857
Queue size: 14
Visiting neighbor trace: 31
Intersection size: 1
Step: 0.010989
Tj part: 0.090909
Queue size: 14
Visiting neighbor trace: 32
Intersection size: 2
Step: 0.021978
Tj part: 0.222222
Queue size: 14
Visiting neighbor trace: 34
Intersection size: 2
Step: 0.021978
Tj part: 0.181818
Queue size: 14
Visiting neighbor trace: 35
Intersection size: 1
Step: 0.010989
Tj part: 0.090909
Queue size: 14
Visiting neighbor trace: 36
Intersection size: 1
Step: 0.010989
Tj part: 0.090909
Queue size: 14
Visiting neighbor trace: 37
Intersection size: 2
Step: 0.021978
Tj part: 0.200000
Queue size: 14
Visiting neighbor trace: 38
Intersection size: 1
Step: 0.010989
Tj part: 0.090909
Queue size: 14
Visiting neighbor trace: 39
Intersection size: 1
Step: 0.010989
Tj part: 0.066667
Queue size: 14
Visiting neighbor trace: 41
Intersection size: 2
Step: 0.021978
Tj part: 0.166667
Queue size: 14
Visiting neighbor trace: 42
Intersection size: 4
Step: 0.043956
Tj part: 0.400000
Queue size: 14
Visiting neighbor trace: 43
Intersection size: 2
Step: 0.021978
Tj part: 0.166667
Queue size: 14
Visiting neighbor trace: 44
Intersection size: 1
Step: 0.010989
Tj part: 0.111111
Queue size: 14
Visiting neighbor trace: 45
Intersection size: 1
Step: 0.010989
Tj part: 0.142857
Queue size: 14
Visiting neighbor trace: 14
Intersection size: 1
Step: 0.010989
Tj part: 0.111111
Queue size: 14
Visiting neighbor trace: 40
Intersection size: 1
Step: 0.010989
Tj part: 0.090909
Queue size: 14
Visiting neighbor trace: 3
Intersection size: 1
Step: 0.010989
Tj part: 0.097724
Queue size: 14
Visiting neighbor trace: 2
Intersection size: 1
Step: 0.010989
Tj part: 0.088540
Queue size: 14
Visiting neighbor trace: 28
Intersection size: 1
Step: 0.010989
Tj part: 0.090909
Queue size: 14
Current trace: 34 with activation 0.142857
Visited neighbors: 31
Visiting neighbor trace: 1
Intersection size: 1
Step: 0.012987
Tj part: 0.119546
Queue size: 13
Visiting neighbor trace: 5
Intersection size: 1
Step: 0.012987
Tj part: 0.109793
Queue size: 13
Visiting neighbor trace: 11
Intersection size: 1
Step: 0.012987
Tj part: 0.125000
Queue size: 13
Visiting neighbor trace: 13
Intersection size: 1
Step: 0.012987
Tj part: 0.076923
Queue size: 13
Visiting neighbor trace: 15
Intersection size: 1
Step: 0.012987
Tj part: 0.083333
Queue size: 13
Visiting neighbor trace: 16
Intersection size: 1
Step: 0.012987
Tj part: 0.071429
Queue size: 13
Visiting neighbor trace: 17
Intersection size: 1
Step: 0.012987
Tj part: 0.125000
Queue size: 13
Visiting neighbor trace: 19
Intersection size: 1
Step: 0.012987
Tj part: 0.111111
Queue size: 13
Visiting neighbor trace: 20
Intersection size: 2
Step: 0.025974
Tj part: 0.222222
Queue size: 13
Visiting neighbor trace: 22
Intersection size: 1
Step: 0.012987
Tj part: 0.100000
Queue size: 13
Visiting neighbor trace: 23
Intersection size: 1
Step: 0.012987
Tj part: 0.111111
Queue size: 13
Visiting neighbor trace: 24
Intersection size: 3
Step: 0.038961
Tj part: 0.333333
Queue size: 13
Visiting neighbor trace: 25
Intersection size: 1
Step: 0.012987
Tj part: 0.083333
Queue size: 13
Visiting neighbor trace: 26
Intersection size: 1
Step: 0.012987
Tj part: 0.111111
Queue size: 13
Visiting neighbor trace: 29
Intersection size: 1
Step: 0.012987
Tj part: 0.111111
Queue size: 13
Visiting neighbor trace: 30
Intersection size: 1
Step: 0.012987
Tj part: 0.142857
Queue size: 13
Visiting neighbor trace: 31
Intersection size: 1
Step: 0.012987
Tj part: 0.090909
Queue size: 13
Visiting neighbor trace: 32
Intersection size: 1
Step: 0.012987
Tj part: 0.111111
Queue size: 13
Visiting neighbor trace: 33
Intersection size: 2
Step: 0.025974
Tj part: 0.153846
Queue size: 13
Visiting neighbor trace: 35
Intersection size: 3
Step: 0.038961
Tj part: 0.272727
Queue size: 13
Visiting neighbor trace: 36
Intersection size: 1
Step: 0.012987
Tj part: 0.090909
Queue size: 13
Visiting neighbor trace: 37
Intersection size: 3
Step: 0.038961
Tj part: 0.300000
Queue size: 13
Visiting neighbor trace: 38
Intersection size: 3
Step: 0.038961
Tj part: 0.272727
Queue size: 13
Visiting neighbor trace: 39
Intersection size: 2
Step: 0.025974
Tj part: 0.133333
Queue size: 13
Visiting neighbor trace: 41
Intersection size: 2
Step: 0.025974
Tj part: 0.166667
Queue size: 13
Visiting neighbor trace: 42
Intersection size: 1
Step: 0.012987
Tj part: 0.100000
Queue size: 13
Visiting neighbor trace: 43
Intersection size: 2
Step: 0.025974
Tj part: 0.166667
Queue size: 13
Visiting neighbor trace: 44
Intersection size: 1
Step: 0.012987
Tj part: 0.111111
Queue size: 13
Visiting neighbor trace: 45
Intersection size: 1
Step: 0.012987
Tj part: 0.142857
Queue size: 13
Visiting neighbor trace: 7
Intersection size: 2
Step: 0.025974
Tj part: 0.177005
Queue size: 13
Visiting neighbor trace: 40
Intersection size: 1
Step: 0.012987
Tj part: 0.090909
Queue size: 13
Current trace: 35 with activation 0.142857
Visited neighbors: 34
Visiting neighbor trace: 1
Intersection size: 1
Step: 0.012987
Tj part: 0.119546
Queue size: 12
Visiting neighbor trace: 5
Intersection size: 1
Step: 0.012987
Tj part: 0.109793
Queue size: 12
Visiting neighbor trace: 11
Intersection size: 1
Step: 0.012987
Tj part: 0.125000
Queue size: 12
Visiting neighbor trace: 13
Intersection size: 1
Step: 0.012987
Tj part: 0.076923
Queue size: 12
Visiting neighbor trace: 15
Intersection size: 1
Step: 0.012987
Tj part: 0.083333
Queue size: 12
Visiting neighbor trace: 16
Intersection size: 2
Step: 0.025974
Tj part: 0.142857
Queue size: 12
Visiting neighbor trace: 17
Intersection size: 1
Step: 0.012987
Tj part: 0.125000
Queue size: 12
Visiting neighbor trace: 19
Intersection size: 1
Step: 0.012987
Tj part: 0.111111
Queue size: 12
Visiting neighbor trace: 20
Intersection size: 2
Step: 0.025974
Tj part: 0.222222
Queue size: 12
Visiting neighbor trace: 22
Intersection size: 2
Step: 0.025974
Tj part: 0.200000
Queue size: 12
Visiting neighbor trace: 23
Intersection size: 1
Step: 0.012987
Tj part: 0.111111
Queue size: 12
Visiting neighbor trace: 24
Intersection size: 2
Step: 0.025974
Tj part: 0.222222
Queue size: 12
Visiting neighbor trace: 25
Intersection size: 3
Step: 0.038961
Tj part: 0.250000
Queue size: 12
Visiting neighbor trace: 26
Intersection size: 2
Step: 0.025974
Tj part: 0.222222
Queue size: 12
Visiting neighbor trace: 29
Intersection size: 1
Step: 0.012987
Tj part: 0.111111
Queue size: 12
Visiting neighbor trace: 30
Intersection size: 1
Step: 0.012987
Tj part: 0.142857
Queue size: 12
Visiting neighbor trace: 31
Intersection size: 1
Step: 0.012987
Tj part: 0.090909
Queue size: 12
Visiting neighbor trace: 32
Intersection size: 1
Step: 0.012987
Tj part: 0.111111
Queue size: 12
Visiting neighbor trace: 33
Intersection size: 1
Step: 0.012987
Tj part: 0.076923
Queue size: 12
Visiting neighbor trace: 34
Intersection size: 3
Step: 0.038961
Tj part: 0.272727
Queue size: 12
Visiting neighbor trace: 36
Intersection size: 2
Step: 0.025974
Tj part: 0.181818
Queue size: 12
Visiting neighbor trace: 37
Intersection size: 1
Step: 0.012987
Tj part: 0.100000
Queue size: 12
Visiting neighbor trace: 38
Intersection size: 1
Step: 0.012987
Tj part: 0.090909
Queue size: 12
Visiting neighbor trace: 39
Intersection size: 3
Step: 0.038961
Tj part: 0.200000
Queue size: 12
Visiting neighbor trace: 41
Intersection size: 1
Step: 0.012987
Tj part: 0.083333
Queue size: 12
Visiting neighbor trace: 42
Intersection size: 1
Step: 0.012987
Tj part: 0.100000
Queue size: 12
Visiting neighbor trace: 43
Intersection size: 1
Step: 0.012987
Tj part: 0.083333
Queue size: 12
Visiting neighbor trace: 44
Intersection size: 2
Step: 0.025974
Tj part: 0.222222
Queue size: 12
Visiting neighbor trace: 45
Intersection size: 1
Step: 0.012987
Tj part: 0.142857
Queue size: 12
Visiting neighbor trace: 6
Intersection size: 1
Step: 0.012987
Tj part: 0.085216
Queue size: 12
Visiting neighbor trace: 8
Intersection size: 1
Step: 0.012987
Tj part: 0.081117
Queue size: 12
Visiting neighbor trace: 40
Intersection size: 1
Step: 0.012987
Tj part: 0.090909
Queue size: 12
Visiting neighbor trace: 7
Intersection size: 1
Step: 0.012987
Tj part: 0.088502
Queue size: 12
Visiting neighbor trace: 28
Intersection size: 1
Step: 0.012987
Tj part: 0.090909
Queue size: 12
Current trace: 36 with activation 0.428571
Visited neighbors: 33
Visiting neighbor trace: 1
Intersection size: 1
Step: 0.038961
Tj part: 0.119546
Queue size: 11
Visiting neighbor trace: 5
Intersection size: 1
Step: 0.038961
Tj part: 0.109793
Queue size: 11
Visiting neighbor trace: 11
Intersection size: 1
Step: 0.038961
Tj part: 0.125000
Queue size: 11
Visiting neighbor trace: 13
Intersection size: 1
Step: 0.038961
Tj part: 0.076923
Queue size: 11
Visiting neighbor trace: 15
Intersection size: 1
Step: 0.038961
Tj part: 0.083333
Queue size: 11
Visiting neighbor trace: 16
Intersection size: 1
Step: 0.038961
Tj part: 0.071429
Queue size: 11
Visiting neighbor trace: 17
Intersection size: 2
Step: 0.077922
Tj part: 0.250000
Queue size: 11
Visiting neighbor trace: 19
Intersection size: 1
Step: 0.038961
Tj part: 0.111111
Queue size: 11
Visiting neighbor trace: 20
Intersection size: 2
Step: 0.077922
Tj part: 0.222222
Queue size: 11
Visiting neighbor trace: 22
Intersection size: 1
Step: 0.038961
Tj part: 0.100000
Queue size: 11
Visiting neighbor trace: 23
Intersection size: 1
Step: 0.038961
Tj part: 0.111111
Queue size: 11
Visiting neighbor trace: 24
Intersection size: 1
Step: 0.038961
Tj part: 0.111111
Queue size: 11
Visiting neighbor trace: 25
Intersection size: 2
Step: 0.077922
Tj part: 0.166667
Queue size: 11
Visiting neighbor trace: 26
Intersection size: 1
Step: 0.038961
Tj part: 0.111111
Queue size: 11
Visiting neighbor trace: 29
Intersection size: 2
Step: 0.077922
Tj part: 0.222222
Queue size: 11
Visiting neighbor trace: 30
Intersection size: 1
Step: 0.038961
Tj part: 0.142857
Queue size: 11
Visiting neighbor trace: 31
Intersection size: 2
Step: 0.077922
Tj part: 0.181818
Queue size: 11
Visiting neighbor trace: 32
Intersection size: 2
Step: 0.077922
Tj part: 0.222222
Queue size: 11
Visiting neighbor trace: 33
Intersection size: 1
Step: 0.038961
Tj part: 0.076923
Queue size: 11
Visiting neighbor trace: 34
Intersection size: 1
Step: 0.038961
Tj part: 0.090909
Queue size: 11
Visiting neighbor trace: 35
Intersection size: 2
Step: 0.077922
Tj part: 0.181818
Queue size: 11
Visiting neighbor trace: 37
Intersection size: 1
Step: 0.038961
Tj part: 0.100000
Queue size: 11
Visiting neighbor trace: 38
Intersection size: 1
Step: 0.038961
Tj part: 0.090909
Queue size: 11
Visiting neighbor trace: 39
Intersection size: 1
Step: 0.038961
Tj part: 0.066667
Queue size: 11
Visiting neighbor trace: 41
Intersection size: 1
Step: 0.038961
Tj part: 0.083333
Queue size: 11
Visiting neighbor trace: 42
Intersection size: 1
Step: 0.038961
Tj part: 0.100000
Queue size: 11
Visiting neighbor trace: 43
Intersection size: 1
Step: 0.038961
Tj part: 0.083333
Queue size: 11
Visiting neighbor trace: 44
Intersection size: 2
Step: 0.077922
Tj part: 0.222222
Queue size: 11
Visiting neighbor trace: 45
Intersection size: 3
Step: 0.116883
Tj part: 0.428571
Queue size: 11
Visiting neighbor trace: 9
Intersection size: 1
Step: 0.038961
Tj part: 0.121985
Queue size: 11
Visiting neighbor trace: 21
Intersection size: 1
Step: 0.038961
Tj part: 0.111111
Queue size: 11
Visiting neighbor trace: 27
Intersection size: 2
Step: 0.077922
Tj part: 0.222222
Queue size: 11
Visiting neighbor trace: 28
Intersection size: 1
Step: 0.038961
Tj part: 0.090909
Queue size: 11
Current trace: 37 with activation 0.142857
Visited neighbors: 37
Visiting neighbor trace: 1
Intersection size: 2
Step: 0.028571
Tj part: 0.239092
Queue size: 10
Visiting neighbor trace: 3
Intersection size: 1
Step: 0.014286
Tj part: 0.097724
Queue size: 10
Visiting neighbor trace: 6
Intersection size: 1
Step: 0.014286
Tj part: 0.085216
Queue size: 10
Visiting neighbor trace: 9
Intersection size: 1
Step: 0.014286
Tj part: 0.121985
Queue size: 10
Visiting neighbor trace: 11
Intersection size: 2
Step: 0.028571
Tj part: 0.250000
Queue size: 10
Visiting neighbor trace: 13
Intersection size: 2
Step: 0.028571
Tj part: 0.153846
Queue size: 10
Visiting neighbor trace: 19
Intersection size: 4
Step: 0.057143
Tj part: 0.444444
Queue size: 10
Visiting neighbor trace: 21
Intersection size: 1
Step: 0.014286
Tj part: 0.111111
Queue size: 10
Visiting neighbor trace: 27
Intersection size: 1
Step: 0.014286
Tj part: 0.111111
Queue size: 10
Visiting neighbor trace: 40
Intersection size: 2
Step: 0.028571
Tj part: 0.181818
Queue size: 10
Visiting neighbor trace: 41
Intersection size: 3
Step: 0.042857
Tj part: 0.250000
Queue size: 10
Visiting neighbor trace: 42
Intersection size: 2
Step: 0.028571
Tj part: 0.200000
Queue size: 10
Visiting neighbor trace: 43
Intersection size: 3
Step: 0.042857
Tj part: 0.250000
Queue size: 10
Visiting neighbor trace: 5
Intersection size: 1
Step: 0.014286
Tj part: 0.109793
Queue size: 10
Visiting neighbor trace: 15
Intersection size: 3
Step: 0.042857
Tj part: 0.250000
Queue size: 10
Visiting neighbor trace: 16
Intersection size: 2
Step: 0.028571
Tj part: 0.142857
Queue size: 10
Visiting neighbor trace: 17
Intersection size: 2
Step: 0.028571
Tj part: 0.250000
Queue size: 10
Visiting neighbor trace: 20
Intersection size: 1
Step: 0.014286
Tj part: 0.111111
Queue size: 10
Visiting neighbor trace: 22
Intersection size: 1
Step: 0.014286
Tj part: 0.100000
Queue size: 10
Visiting neighbor trace: 23
Intersection size: 1
Step: 0.014286
Tj part: 0.111111
Queue size: 10
Visiting neighbor trace: 24
Intersection size: 1
Step: 0.014286
Tj part: 0.111111
Queue size: 10
Visiting neighbor trace: 25
Intersection size: 2
Step: 0.028571
Tj part: 0.166667
Queue size: 10
Visiting neighbor trace: 26
Intersection size: 1
Step: 0.014286
Tj part: 0.111111
Queue size: 10
Visiting neighbor trace: 29
Intersection size: 1
Step: 0.014286
Tj part: 0.111111
Queue size: 10
Visiting neighbor trace: 30
Intersection size: 1
Step: 0.014286
Tj part: 0.142857
Queue size: 10
Visiting neighbor trace: 31
Intersection size: 2
Step: 0.028571
Tj part: 0.181818
Queue size: 10
Visiting neighbor trace: 32
Intersection size: 1
Step: 0.014286
Tj part: 0.111111
Queue size: 10
Visiting neighbor trace: 33
Intersection size: 2
Step: 0.028571
Tj part: 0.153846
Queue size: 10
Visiting neighbor trace: 34
Intersection size: 3
Step: 0.042857
Tj part: 0.272727
Queue size: 10
Visiting neighbor trace: 35
Intersection size: 1
Step: 0.014286
Tj part: 0.090909
Queue size: 10
Visiting neighbor trace: 36
Intersection size: 1
Step: 0.014286
Tj part: 0.090909
Queue size: 10
Visiting neighbor trace: 38
Intersection size: 3
Step: 0.042857
Tj part: 0.272727
Queue size: 10
Visiting neighbor trace: 39
Intersection size: 1
Step: 0.014286
Tj part: 0.066667
Queue size: 10
Visiting neighbor trace: 44
Intersection size: 2
Step: 0.028571
Tj part: 0.222222
Queue size: 10
Visiting neighbor trace: 45
Intersection size: 1
Step: 0.014286
Tj part: 0.142857
Queue size: 10
Visiting neighbor trace: 7
Intersection size: 1
Step: 0.014286
Tj part: 0.088502
Queue size: 10
Visiting neighbor trace: 12
Intersection size: 1
Step: 0.014286
Tj part: 0.125000
Queue size: 10
Current trace: 38 with activation 0.142857
Visited neighbors: 31
Visiting neighbor trace: 1
Intersection size: 1
Step: 0.012987
Tj part: 0.119546
Queue size: 9
Visiting neighbor trace: 5
Intersection size: 1
Step: 0.012987
Tj part: 0.109793
Queue size: 9
Visiting neighbor trace: 11
Intersection size: 1
Step: 0.012987
Tj part: 0.125000
Queue size: 9
Visiting neighbor trace: 13
Intersection size: 1
Step: 0.012987
Tj part: 0.076923
Queue size: 9
Visiting neighbor trace: 15
Intersection size: 1
Step: 0.012987
Tj part: 0.083333
Queue size: 9
Visiting neighbor trace: 16
Intersection size: 1
Step: 0.012987
Tj part: 0.071429
Queue size: 9
Visiting neighbor trace: 17
Intersection size: 1
Step: 0.012987
Tj part: 0.125000
Queue size: 9
Visiting neighbor trace: 19
Intersection size: 2
Step: 0.025974
Tj part: 0.222222
Queue size: 9
Visiting neighbor trace: 20
Intersection size: 1
Step: 0.012987
Tj part: 0.111111
Queue size: 9
Visiting neighbor trace: 22
Intersection size: 1
Step: 0.012987
Tj part: 0.100000
Queue size: 9
Visiting neighbor trace: 23
Intersection size: 1
Step: 0.012987
Tj part: 0.111111
Queue size: 9
Visiting neighbor trace: 24
Intersection size: 2
Step: 0.025974
Tj part: 0.222222
Queue size: 9
Visiting neighbor trace: 25
Intersection size: 1
Step: 0.012987
Tj part: 0.083333
Queue size: 9
Visiting neighbor trace: 26
Intersection size: 1
Step: 0.012987
Tj part: 0.111111
Queue size: 9
Visiting neighbor trace: 29
Intersection size: 1
Step: 0.012987
Tj part: 0.111111
Queue size: 9
Visiting neighbor trace: 30
Intersection size: 1
Step: 0.012987
Tj part: 0.142857
Queue size: 9
Visiting neighbor trace: 31
Intersection size: 1
Step: 0.012987
Tj part: 0.090909
Queue size: 9
Visiting neighbor trace: 32
Intersection size: 1
Step: 0.012987
Tj part: 0.111111
Queue size: 9
Visiting neighbor trace: 33
Intersection size: 1
Step: 0.012987
Tj part: 0.076923
Queue size: 9
Visiting neighbor trace: 34
Intersection size: 3
Step: 0.038961
Tj part: 0.272727
Queue size: 9
Visiting neighbor trace: 35
Intersection size: 1
Step: 0.012987
Tj part: 0.090909
Queue size: 9
Visiting neighbor trace: 36
Intersection size: 1
Step: 0.012987
Tj part: 0.090909
Queue size: 9
Visiting neighbor trace: 37
Intersection size: 3
Step: 0.038961
Tj part: 0.300000
Queue size: 9
Visiting neighbor trace: 39
Intersection size: 3
Step: 0.038961
Tj part: 0.200000
Queue size: 9
Visiting neighbor trace: 41
Intersection size: 2
Step: 0.025974
Tj part: 0.166667
Queue size: 9
Visiting neighbor trace: 42
Intersection size: 1
Step: 0.012987
Tj part: 0.100000
Queue size: 9
Visiting neighbor trace: 43
Intersection size: 1
Step: 0.012987
Tj part: 0.083333
Queue size: 9
Visiting neighbor trace: 44
Intersection size: 1
Step: 0.012987
Tj part: 0.111111
Queue size: 9
Visiting neighbor trace: 45
Intersection size: 1
Step: 0.012987
Tj part: 0.142857
Queue size: 9
Visiting neighbor trace: 7
Intersection size: 2
Step: 0.025974
Tj part: 0.177005
Queue size: 9
Visiting neighbor trace: 3
Intersection size: 1
Step: 0.012987
Tj part: 0.097724
Queue size: 9
Current trace: 39 with activation 0.142857
Visited neighbors: 32
Visiting neighbor trace: 1
Intersection size: 1
Step: 0.009524
Tj part: 0.119546
Queue size: 8
Visiting neighbor trace: 5
Intersection size: 1
Step: 0.009524
Tj part: 0.109793
Queue size: 8
Visiting neighbor trace: 11
Intersection size: 1
Step: 0.009524
Tj part: 0.125000
Queue size: 8
Visiting neighbor trace: 13
Intersection size: 1
Step: 0.009524
Tj part: 0.076923
Queue size: 8
Visiting neighbor trace: 15
Intersection size: 2
Step: 0.019048
Tj part: 0.166667
Queue size: 8
Visiting neighbor trace: 16
Intersection size: 1
Step: 0.009524
Tj part: 0.071429
Queue size: 8
Visiting neighbor trace: 17
Intersection size: 2
Step: 0.019048
Tj part: 0.250000
Queue size: 8
Visiting neighbor trace: 19
Intersection size: 1
Step: 0.009524
Tj part: 0.111111
Queue size: 8
Visiting neighbor trace: 20
Intersection size: 1
Step: 0.009524
Tj part: 0.111111
Queue size: 8
Visiting neighbor trace: 22
Intersection size: 1
Step: 0.009524
Tj part: 0.100000
Queue size: 8
Visiting neighbor trace: 23
Intersection size: 1
Step: 0.009524
Tj part: 0.111111
Queue size: 8
Visiting neighbor trace: 24
Intersection size: 2
Step: 0.019048
Tj part: 0.222222
Queue size: 8
Visiting neighbor trace: 25
Intersection size: 1
Step: 0.009524
Tj part: 0.083333
Queue size: 8
Visiting neighbor trace: 26
Intersection size: 2
Step: 0.019048
Tj part: 0.222222
Queue size: 8
Visiting neighbor trace: 29
Intersection size: 2
Step: 0.019048
Tj part: 0.222222
Queue size: 8
Visiting neighbor trace: 30
Intersection size: 2
Step: 0.019048
Tj part: 0.285714
Queue size: 8
Visiting neighbor trace: 31
Intersection size: 1
Step: 0.009524
Tj part: 0.090909
Queue size: 8
Visiting neighbor trace: 32
Intersection size: 1
Step: 0.009524
Tj part: 0.111111
Queue size: 8
Visiting neighbor trace: 33
Intersection size: 1
Step: 0.009524
Tj part: 0.076923
Queue size: 8
Visiting neighbor trace: 34
Intersection size: 2
Step: 0.019048
Tj part: 0.181818
Queue size: 8
Visiting neighbor trace: 35
Intersection size: 3
Step: 0.028571
Tj part: 0.272727
Queue size: 8
Visiting neighbor trace: 36
Intersection size: 1
Step: 0.009524
Tj part: 0.090909
Queue size: 8
Visiting neighbor trace: 37
Intersection size: 1
Step: 0.009524
Tj part: 0.100000
Queue size: 8
Visiting neighbor trace: 38
Intersection size: 3
Step: 0.028571
Tj part: 0.272727
Queue size: 8
Visiting neighbor trace: 41
Intersection size: 1
Step: 0.009524
Tj part: 0.083333
Queue size: 8
Visiting neighbor trace: 42
Intersection size: 1
Step: 0.009524
Tj part: 0.100000
Queue size: 8
Visiting neighbor trace: 43
Intersection size: 1
Step: 0.009524
Tj part: 0.083333
Queue size: 8
Visiting neighbor trace: 44
Intersection size: 1
Step: 0.009524
Tj part: 0.111111
Queue size: 8
Visiting neighbor trace: 45
Intersection size: 1
Step: 0.009524
Tj part: 0.142857
Queue size: 8
Visiting neighbor trace: 27
Intersection size: 1
Step: 0.009524
Tj part: 0.111111
Queue size: 8
Visiting neighbor trace: 7
Intersection size: 2
Step: 0.019048
Tj part: 0.177005
Queue size: 8
Visiting neighbor trace: 28
Intersection size: 1
Step: 0.009524
Tj part: 0.090909
Queue size: 8
Current trace: 41 with activation 0.142857
Visited neighbors: 37
Visiting neighbor trace: 1
Intersection size: 2
Step: 0.023810
Tj part: 0.239092
Queue size: 7
Visiting neighbor trace: 3
Intersection size: 1
Step: 0.011905
Tj part: 0.097724
Queue size: 7
Visiting neighbor trace: 6
Intersection size: 2
Step: 0.023810
Tj part: 0.170431
Queue size: 7
Visiting neighbor trace: 9
Intersection size: 2
Step: 0.023810
Tj part: 0.243970
Queue size: 7
Visiting neighbor trace: 11
Intersection size: 2
Step: 0.023810
Tj part: 0.250000
Queue size: 7
Visiting neighbor trace: 13
Intersection size: 2
Step: 0.023810
Tj part: 0.153846
Queue size: 7
Visiting neighbor trace: 19
Intersection size: 3
Step: 0.035714
Tj part: 0.333333
Queue size: 7
Visiting neighbor trace: 21
Intersection size: 1
Step: 0.011905
Tj part: 0.111111
Queue size: 7
Visiting neighbor trace: 27
Intersection size: 1
Step: 0.011905
Tj part: 0.111111
Queue size: 7
Visiting neighbor trace: 37
Intersection size: 3
Step: 0.035714
Tj part: 0.300000
Queue size: 7
Visiting neighbor trace: 40
Intersection size: 3
Step: 0.035714
Tj part: 0.272727
Queue size: 7
Visiting neighbor trace: 42
Intersection size: 3
Step: 0.035714
Tj part: 0.300000
Queue size: 7
Visiting neighbor trace: 43
Intersection size: 2
Step: 0.023810
Tj part: 0.166667
Queue size: 7
Visiting neighbor trace: 5
Intersection size: 1
Step: 0.011905
Tj part: 0.109793
Queue size: 7
Visiting neighbor trace: 15
Intersection size: 3
Step: 0.035714
Tj part: 0.250000
Queue size: 7
Visiting neighbor trace: 16
Intersection size: 1
Step: 0.011905
Tj part: 0.071429
Queue size: 7
Visiting neighbor trace: 17
Intersection size: 1
Step: 0.011905
Tj part: 0.125000
Queue size: 7
Visiting neighbor trace: 20
Intersection size: 1
Step: 0.011905
Tj part: 0.111111
Queue size: 7
Visiting neighbor trace: 22
Intersection size: 1
Step: 0.011905
Tj part: 0.100000
Queue size: 7
Visiting neighbor trace: 23
Intersection size: 2
Step: 0.023810
Tj part: 0.222222
Queue size: 7
Visiting neighbor trace: 24
Intersection size: 1
Step: 0.011905
Tj part: 0.111111
Queue size: 7
Visiting neighbor trace: 25
Intersection size: 1
Step: 0.011905
Tj part: 0.083333
Queue size: 7
Visiting neighbor trace: 26
Intersection size: 1
Step: 0.011905
Tj part: 0.111111
Queue size: 7
Visiting neighbor trace: 29
Intersection size: 1
Step: 0.011905
Tj part: 0.111111
Queue size: 7
Visiting neighbor trace: 30
Intersection size: 1
Step: 0.011905
Tj part: 0.142857
Queue size: 7
Visiting neighbor trace: 31
Intersection size: 1
Step: 0.011905
Tj part: 0.090909
Queue size: 7
Visiting neighbor trace: 32
Intersection size: 1
Step: 0.011905
Tj part: 0.111111
Queue size: 7
Visiting neighbor trace: 33
Intersection size: 2
Step: 0.023810
Tj part: 0.153846
Queue size: 7
Visiting neighbor trace: 34
Intersection size: 2
Step: 0.023810
Tj part: 0.181818
Queue size: 7
Visiting neighbor trace: 35
Intersection size: 1
Step: 0.011905
Tj part: 0.090909
Queue size: 7
Visiting neighbor trace: 36
Intersection size: 1
Step: 0.011905
Tj part: 0.090909
Queue size: 7
Visiting neighbor trace: 38
Intersection size: 2
Step: 0.023810
Tj part: 0.181818
Queue size: 7
Visiting neighbor trace: 39
Intersection size: 1
Step: 0.011905
Tj part: 0.066667
Queue size: 7
Visiting neighbor trace: 44
Intersection size: 1
Step: 0.011905
Tj part: 0.111111
Queue size: 7
Visiting neighbor trace: 45
Intersection size: 1
Step: 0.011905
Tj part: 0.142857
Queue size: 7
Visiting neighbor trace: 7
Intersection size: 1
Step: 0.011905
Tj part: 0.088502
Queue size: 7
Visiting neighbor trace: 2
Intersection size: 1
Step: 0.011905
Tj part: 0.088540
Queue size: 7
Current trace: 42 with activation 0.142857
Visited neighbors: 37
Visiting neighbor trace: 1
Intersection size: 2
Step: 0.028571
Tj part: 0.239092
Queue size: 6
Visiting neighbor trace: 3
Intersection size: 1
Step: 0.014286
Tj part: 0.097724
Queue size: 6
Visiting neighbor trace: 6
Intersection size: 1
Step: 0.014286
Tj part: 0.085216
Queue size: 6
Visiting neighbor trace: 9
Intersection size: 1
Step: 0.014286
Tj part: 0.121985
Queue size: 6
Visiting neighbor trace: 11
Intersection size: 2
Step: 0.028571
Tj part: 0.250000
Queue size: 6
Visiting neighbor trace: 13
Intersection size: 2
Step: 0.028571
Tj part: 0.153846
Queue size: 6
Visiting neighbor trace: 19
Intersection size: 4
Step: 0.057143
Tj part: 0.444444
Queue size: 6
Visiting neighbor trace: 21
Intersection size: 1
Step: 0.014286
Tj part: 0.111111
Queue size: 6
Visiting neighbor trace: 27
Intersection size: 1
Step: 0.014286
Tj part: 0.111111
Queue size: 6
Visiting neighbor trace: 37
Intersection size: 2
Step: 0.028571
Tj part: 0.200000
Queue size: 6
Visiting neighbor trace: 40
Intersection size: 3
Step: 0.042857
Tj part: 0.272727
Queue size: 6
Visiting neighbor trace: 41
Intersection size: 3
Step: 0.042857
Tj part: 0.250000
Queue size: 6
Visiting neighbor trace: 43
Intersection size: 2
Step: 0.028571
Tj part: 0.166667
Queue size: 6
Visiting neighbor trace: 5
Intersection size: 1
Step: 0.014286
Tj part: 0.109793
Queue size: 6
Visiting neighbor trace: 15
Intersection size: 2
Step: 0.028571
Tj part: 0.166667
Queue size: 6
Visiting neighbor trace: 16
Intersection size: 2
Step: 0.028571
Tj part: 0.142857
Queue size: 6
Visiting neighbor trace: 17
Intersection size: 1
Step: 0.014286
Tj part: 0.125000
Queue size: 6
Visiting neighbor trace: 20
Intersection size: 1
Step: 0.014286
Tj part: 0.111111
Queue size: 6
Visiting neighbor trace: 22
Intersection size: 1
Step: 0.014286
Tj part: 0.100000
Queue size: 6
Visiting neighbor trace: 23
Intersection size: 3
Step: 0.042857
Tj part: 0.333333
Queue size: 6
Visiting neighbor trace: 24
Intersection size: 3
Step: 0.042857
Tj part: 0.333333
Queue size: 6
Visiting neighbor trace: 25
Intersection size: 1
Step: 0.014286
Tj part: 0.083333
Queue size: 6
Visiting neighbor trace: 26
Intersection size: 1
Step: 0.014286
Tj part: 0.111111
Queue size: 6
Visiting neighbor trace: 29
Intersection size: 1
Step: 0.014286
Tj part: 0.111111
Queue size: 6
Visiting neighbor trace: 30
Intersection size: 1
Step: 0.014286
Tj part: 0.142857
Queue size: 6
Visiting neighbor trace: 31
Intersection size: 1
Step: 0.014286
Tj part: 0.090909
Queue size: 6
Visiting neighbor trace: 32
Intersection size: 3
Step: 0.042857
Tj part: 0.333333
Queue size: 6
Visiting neighbor trace: 33
Intersection size: 4
Step: 0.057143
Tj part: 0.307692
Queue size: 6
Visiting neighbor trace: 34
Intersection size: 1
Step: 0.014286
Tj part: 0.090909
Queue size: 6
Visiting neighbor trace: 35
Intersection size: 1
Step: 0.014286
Tj part: 0.090909
Queue size: 6
Visiting neighbor trace: 36
Intersection size: 1
Step: 0.014286
Tj part: 0.090909
Queue size: 6
Visiting neighbor trace: 38
Intersection size: 1
Step: 0.014286
Tj part: 0.090909
Queue size: 6
Visiting neighbor trace: 39
Intersection size: 1
Step: 0.014286
Tj part: 0.066667
Queue size: 6
Visiting neighbor trace: 44
Intersection size: 1
Step: 0.014286
Tj part: 0.111111
Queue size: 6
Visiting neighbor trace: 45
Intersection size: 1
Step: 0.014286
Tj part: 0.142857
Queue size: 6
Visiting neighbor trace: 2
Intersection size: 1
Step: 0.014286
Tj part: 0.088540
Queue size: 6
Visiting neighbor trace: 28
Intersection size: 1
Step: 0.014286
Tj part: 0.090909
Queue size: 6
Current trace: 43 with activation 0.285714
Visited neighbors: 36
Visiting neighbor trace: 1
Intersection size: 2
Step: 0.047619
Tj part: 0.239092
Queue size: 5
Visiting neighbor trace: 3
Intersection size: 1
Step: 0.023810
Tj part: 0.097724
Queue size: 5
Visiting neighbor trace: 6
Intersection size: 1
Step: 0.023810
Tj part: 0.085216
Queue size: 5
Visiting neighbor trace: 9
Intersection size: 1
Step: 0.023810
Tj part: 0.121985
Queue size: 5
Visiting neighbor trace: 11
Intersection size: 2
Step: 0.047619
Tj part: 0.250000
Queue size: 5
Visiting neighbor trace: 13
Intersection size: 3
Step: 0.071429
Tj part: 0.230769
Queue size: 5
Visiting neighbor trace: 19
Intersection size: 3
Step: 0.071429
Tj part: 0.333333
Queue size: 5
Visiting neighbor trace: 21
Intersection size: 2
Step: 0.047619
Tj part: 0.222222
Queue size: 5
Visiting neighbor trace: 27
Intersection size: 2
Step: 0.047619
Tj part: 0.222222
Queue size: 5
Visiting neighbor trace: 37
Intersection size: 3
Step: 0.071429
Tj part: 0.300000
Queue size: 5
Visiting neighbor trace: 40
Intersection size: 3
Step: 0.071429
Tj part: 0.272727
Queue size: 5
Visiting neighbor trace: 41
Intersection size: 2
Step: 0.047619
Tj part: 0.166667
Queue size: 5
Visiting neighbor trace: 42
Intersection size: 2
Step: 0.047619
Tj part: 0.200000
Queue size: 5
Visiting neighbor trace: 5
Intersection size: 1
Step: 0.023810
Tj part: 0.109793
Queue size: 5
Visiting neighbor trace: 15
Intersection size: 2
Step: 0.047619
Tj part: 0.166667
Queue size: 5
Visiting neighbor trace: 16
Intersection size: 2
Step: 0.047619
Tj part: 0.142857
Queue size: 5
Visiting neighbor trace: 17
Intersection size: 2
Step: 0.047619
Tj part: 0.250000
Queue size: 5
Visiting neighbor trace: 20
Intersection size: 2
Step: 0.047619
Tj part: 0.222222
Queue size: 5
Visiting neighbor trace: 22
Intersection size: 1
Step: 0.023810
Tj part: 0.100000
Queue size: 5
Visiting neighbor trace: 23
Intersection size: 1
Step: 0.023810
Tj part: 0.111111
Queue size: 5
Visiting neighbor trace: 24
Intersection size: 1
Step: 0.023810
Tj part: 0.111111
Queue size: 5
Visiting neighbor trace: 25
Intersection size: 1
Step: 0.023810
Tj part: 0.083333
Queue size: 5
Visiting neighbor trace: 26
Intersection size: 2
Step: 0.047619
Tj part: 0.222222
Queue size: 5
Visiting neighbor trace: 29
Intersection size: 1
Step: 0.023810
Tj part: 0.111111
Queue size: 5
Visiting neighbor trace: 30
Intersection size: 2
Step: 0.047619
Tj part: 0.285714
Queue size: 5
Visiting neighbor trace: 31
Intersection size: 3
Step: 0.071429
Tj part: 0.272727
Queue size: 5
Visiting neighbor trace: 32
Intersection size: 1
Step: 0.023810
Tj part: 0.111111
Queue size: 5
Visiting neighbor trace: 33
Intersection size: 2
Step: 0.047619
Tj part: 0.153846
Queue size: 5
Visiting neighbor trace: 34
Intersection size: 2
Step: 0.047619
Tj part: 0.181818
Queue size: 5
Visiting neighbor trace: 35
Intersection size: 1
Step: 0.023810
Tj part: 0.090909
Queue size: 5
Visiting neighbor trace: 36
Intersection size: 1
Step: 0.023810
Tj part: 0.090909
Queue size: 5
Visiting neighbor trace: 38
Intersection size: 1
Step: 0.023810
Tj part: 0.090909
Queue size: 5
Visiting neighbor trace: 39
Intersection size: 1
Step: 0.023810
Tj part: 0.066667
Queue size: 5
Visiting neighbor trace: 44
Intersection size: 1
Step: 0.023810
Tj part: 0.111111
Queue size: 5
Visiting neighbor trace: 45
Intersection size: 2
Step: 0.047619
Tj part: 0.285714
Queue size: 5
Visiting neighbor trace: 12
Intersection size: 1
Step: 0.023810
Tj part: 0.125000
Queue size: 5
Current trace: 44 with activation 0.285714
Visited neighbors: 34
Visiting neighbor trace: 1
Intersection size: 1
Step: 0.031746
Tj part: 0.119546
Queue size: 4
Visiting neighbor trace: 5
Intersection size: 1
Step: 0.031746
Tj part: 0.109793
Queue size: 4
Visiting neighbor trace: 11
Intersection size: 1
Step: 0.031746
Tj part: 0.125000
Queue size: 4
Visiting neighbor trace: 13
Intersection size: 1
Step: 0.031746
Tj part: 0.076923
Queue size: 4
Visiting neighbor trace: 15
Intersection size: 1
Step: 0.031746
Tj part: 0.083333
Queue size: 4
Visiting neighbor trace: 16
Intersection size: 1
Step: 0.031746
Tj part: 0.071429
Queue size: 4
Visiting neighbor trace: 17
Intersection size: 2
Step: 0.063492
Tj part: 0.250000
Queue size: 4
Visiting neighbor trace: 19
Intersection size: 1
Step: 0.031746
Tj part: 0.111111
Queue size: 4
Visiting neighbor trace: 20
Intersection size: 2
Step: 0.063492
Tj part: 0.222222
Queue size: 4
Visiting neighbor trace: 22
Intersection size: 1
Step: 0.031746
Tj part: 0.100000
Queue size: 4
Visiting neighbor trace: 23
Intersection size: 1
Step: 0.031746
Tj part: 0.111111
Queue size: 4
Visiting neighbor trace: 24
Intersection size: 1
Step: 0.031746
Tj part: 0.111111
Queue size: 4
Visiting neighbor trace: 25
Intersection size: 2
Step: 0.063492
Tj part: 0.166667
Queue size: 4
Visiting neighbor trace: 26
Intersection size: 1
Step: 0.031746
Tj part: 0.111111
Queue size: 4
Visiting neighbor trace: 29
Intersection size: 2
Step: 0.063492
Tj part: 0.222222
Queue size: 4
Visiting neighbor trace: 30
Intersection size: 1
Step: 0.031746
Tj part: 0.142857
Queue size: 4
Visiting neighbor trace: 31
Intersection size: 1
Step: 0.031746
Tj part: 0.090909
Queue size: 4
Visiting neighbor trace: 32
Intersection size: 1
Step: 0.031746
Tj part: 0.111111
Queue size: 4
Visiting neighbor trace: 33
Intersection size: 1
Step: 0.031746
Tj part: 0.076923
Queue size: 4
Visiting neighbor trace: 34
Intersection size: 1
Step: 0.031746
Tj part: 0.090909
Queue size: 4
Visiting neighbor trace: 35
Intersection size: 2
Step: 0.063492
Tj part: 0.181818
Queue size: 4
Visiting neighbor trace: 36
Intersection size: 2
Step: 0.063492
Tj part: 0.181818
Queue size: 4
Visiting neighbor trace: 37
Intersection size: 2
Step: 0.063492
Tj part: 0.200000
Queue size: 4
Visiting neighbor trace: 38
Intersection size: 1
Step: 0.031746
Tj part: 0.090909
Queue size: 4
Visiting neighbor trace: 39
Intersection size: 1
Step: 0.031746
Tj part: 0.066667
Queue size: 4
Visiting neighbor trace: 41
Intersection size: 1
Step: 0.031746
Tj part: 0.083333
Queue size: 4
Visiting neighbor trace: 42
Intersection size: 1
Step: 0.031746
Tj part: 0.100000
Queue size: 4
Visiting neighbor trace: 43
Intersection size: 1
Step: 0.031746
Tj part: 0.083333
Queue size: 4
Visiting neighbor trace: 45
Intersection size: 2
Step: 0.063492
Tj part: 0.285714
Queue size: 4
Visiting neighbor trace: 9
Intersection size: 1
Step: 0.031746
Tj part: 0.121985
Queue size: 4
Visiting neighbor trace: 21
Intersection size: 2
Step: 0.063492
Tj part: 0.222222
Queue size: 4
Visiting neighbor trace: 27
Intersection size: 1
Step: 0.031746
Tj part: 0.111111
Queue size: 4
Visiting neighbor trace: 12
Intersection size: 1
Step: 0.031746
Tj part: 0.125000
Queue size: 4
Visiting neighbor trace: 40
Intersection size: 1
Step: 0.031746
Tj part: 0.090909
Queue size: 4
Current trace: 9 with activation 0.142857
Visited neighbors: 21
Visiting neighbor trace: 1
Intersection size: 1
Step: 0.017857
Tj part: 0.119546
Queue size: 3
Visiting neighbor trace: 3
Intersection size: 1
Step: 0.017857
Tj part: 0.097724
Queue size: 3
Visiting neighbor trace: 6
Intersection size: 1
Step: 0.017857
Tj part: 0.085216
Queue size: 3
Visiting neighbor trace: 11
Intersection size: 1
Step: 0.017857
Tj part: 0.125000
Queue size: 3
Visiting neighbor trace: 13
Intersection size: 1
Step: 0.017857
Tj part: 0.076923
Queue size: 3
Visiting neighbor trace: 19
Intersection size: 1
Step: 0.017857
Tj part: 0.111111
Queue size: 3
Visiting neighbor trace: 21
Intersection size: 4
Step: 0.071429
Tj part: 0.444444
Queue size: 3
Visiting neighbor trace: 27
Intersection size: 2
Step: 0.035714
Tj part: 0.222222
Queue size: 3
Visiting neighbor trace: 37
Intersection size: 1
Step: 0.017857
Tj part: 0.100000
Queue size: 3
Visiting neighbor trace: 40
Intersection size: 1
Step: 0.017857
Tj part: 0.090909
Queue size: 3
Visiting neighbor trace: 41
Intersection size: 2
Step: 0.035714
Tj part: 0.166667
Queue size: 3
Visiting neighbor trace: 42
Intersection size: 1
Step: 0.017857
Tj part: 0.100000
Queue size: 3
Visiting neighbor trace: 43
Intersection size: 1
Step: 0.017857
Tj part: 0.083333
Queue size: 3
Visiting neighbor trace: 17
Intersection size: 1
Step: 0.017857
Tj part: 0.125000
Queue size: 3
Visiting neighbor trace: 20
Intersection size: 1
Step: 0.017857
Tj part: 0.111111
Queue size: 3
Visiting neighbor trace: 25
Intersection size: 1
Step: 0.017857
Tj part: 0.083333
Queue size: 3
Visiting neighbor trace: 29
Intersection size: 1
Step: 0.017857
Tj part: 0.111111
Queue size: 3
Visiting neighbor trace: 36
Intersection size: 1
Step: 0.017857
Tj part: 0.090909
Queue size: 3
Visiting neighbor trace: 44
Intersection size: 1
Step: 0.017857
Tj part: 0.111111
Queue size: 3
Visiting neighbor trace: 45
Intersection size: 1
Step: 0.017857
Tj part: 0.142857
Queue size: 3
Visiting neighbor trace: 2
Intersection size: 1
Step: 0.017857
Tj part: 0.088540
Queue size: 3
Current trace: 21 with activation 0.142857
Visited neighbors: 21
Visiting neighbor trace: 1
Intersection size: 1
Step: 0.015873
Tj part: 0.119546
Queue size: 2
Visiting neighbor trace: 3
Intersection size: 1
Step: 0.015873
Tj part: 0.097724
Queue size: 2
Visiting neighbor trace: 6
Intersection size: 1
Step: 0.015873
Tj part: 0.085216
Queue size: 2
Visiting neighbor trace: 9
Intersection size: 4
Step: 0.063492
Tj part: 0.487941
Queue size: 2
Visiting neighbor trace: 11
Intersection size: 1
Step: 0.015873
Tj part: 0.125000
Queue size: 2
Visiting neighbor trace: 13
Intersection size: 1
Step: 0.015873
Tj part: 0.076923
Queue size: 2
Visiting neighbor trace: 19
Intersection size: 1
Step: 0.015873
Tj part: 0.111111
Queue size: 2
Visiting neighbor trace: 27
Intersection size: 2
Step: 0.031746
Tj part: 0.222222
Queue size: 2
Visiting neighbor trace: 37
Intersection size: 1
Step: 0.015873
Tj part: 0.100000
Queue size: 2
Visiting neighbor trace: 40
Intersection size: 1
Step: 0.015873
Tj part: 0.090909
Queue size: 2
Visiting neighbor trace: 41
Intersection size: 1
Step: 0.015873
Tj part: 0.083333
Queue size: 2
Visiting neighbor trace: 42
Intersection size: 1
Step: 0.015873
Tj part: 0.100000
Queue size: 2
Visiting neighbor trace: 43
Intersection size: 2
Step: 0.031746
Tj part: 0.166667
Queue size: 2
Visiting neighbor trace: 17
Intersection size: 1
Step: 0.015873
Tj part: 0.125000
Queue size: 2
Visiting neighbor trace: 20
Intersection size: 2
Step: 0.031746
Tj part: 0.222222
Queue size: 2
Visiting neighbor trace: 25
Intersection size: 2
Step: 0.031746
Tj part: 0.166667
Queue size: 2
Visiting neighbor trace: 29
Intersection size: 1
Step: 0.015873
Tj part: 0.111111
Queue size: 2
Visiting neighbor trace: 36
Intersection size: 1
Step: 0.015873
Tj part: 0.090909
Queue size: 2
Visiting neighbor trace: 44
Intersection size: 2
Step: 0.031746
Tj part: 0.222222
Queue size: 2
Visiting neighbor trace: 45
Intersection size: 1
Step: 0.015873
Tj part: 0.142857
Queue size: 2
Visiting neighbor trace: 31
Intersection size: 2
Step: 0.031746
Tj part: 0.181818
Queue size: 2
Current trace: 27 with activation 0.142857
Visited neighbors: 30
Visiting neighbor trace: 1
Intersection size: 1
Step: 0.015873
Tj part: 0.119546
Queue size: 1
Visiting neighbor trace: 3
Intersection size: 1
Step: 0.015873
Tj part: 0.097724
Queue size: 1
Visiting neighbor trace: 6
Intersection size: 1
Step: 0.015873
Tj part: 0.085216
Queue size: 1
Visiting neighbor trace: 9
Intersection size: 2
Step: 0.031746
Tj part: 0.243970
Queue size: 1
Visiting neighbor trace: 11
Intersection size: 1
Step: 0.015873
Tj part: 0.125000
Queue size: 1
Visiting neighbor trace: 13
Intersection size: 2
Step: 0.031746
Tj part: 0.153846
Queue size: 1
Visiting neighbor trace: 19
Intersection size: 1
Step: 0.015873
Tj part: 0.111111
Queue size: 1
Visiting neighbor trace: 21
Intersection size: 2
Step: 0.031746
Tj part: 0.222222
Queue size: 1
Visiting neighbor trace: 37
Intersection size: 1
Step: 0.015873
Tj part: 0.100000
Queue size: 1
Visiting neighbor trace: 40
Intersection size: 1
Step: 0.015873
Tj part: 0.090909
Queue size: 1
Visiting neighbor trace: 41
Intersection size: 1
Step: 0.015873
Tj part: 0.083333
Queue size: 1
Visiting neighbor trace: 42
Intersection size: 1
Step: 0.015873
Tj part: 0.100000
Queue size: 1
Visiting neighbor trace: 43
Intersection size: 2
Step: 0.031746
Tj part: 0.166667
Queue size: 1
Visiting neighbor trace: 15
Intersection size: 1
Step: 0.015873
Tj part: 0.083333
Queue size: 1
Visiting neighbor trace: 26
Intersection size: 3
Step: 0.047619
Tj part: 0.333333
Queue size: 1
Visiting neighbor trace: 30
Intersection size: 3
Step: 0.047619
Tj part: 0.428571
Queue size: 1
Visiting neighbor trace: 39
Intersection size: 1
Step: 0.015873
Tj part: 0.066667
Queue size: 1
Visiting neighbor trace: 0
Intersection size: 1
Step: 0.015873
Tj part: 0.136004
Queue size: 1
Visiting neighbor trace: 2
Intersection size: 1
Step: 0.015873
Tj part: 0.088540
Queue size: 1
Visiting neighbor trace: 10
Intersection size: 1
Step: 0.015873
Tj part: 0.142857
Queue size: 1
Visiting neighbor trace: 23
Intersection size: 1
Step: 0.015873
Tj part: 0.111111
Queue size: 1
Visiting neighbor trace: 28
Intersection size: 3
Step: 0.047619
Tj part: 0.272727
Queue size: 1
Visiting neighbor trace: 17
Intersection size: 1
Step: 0.015873
Tj part: 0.125000
Queue size: 1
Visiting neighbor trace: 20
Intersection size: 1
Step: 0.015873
Tj part: 0.111111
Queue size: 1
Visiting neighbor trace: 25
Intersection size: 1
Step: 0.015873
Tj part: 0.083333
Queue size: 1
Visiting neighbor trace: 29
Intersection size: 1
Step: 0.015873
Tj part: 0.111111
Queue size: 1
Visiting neighbor trace: 36
Intersection size: 2
Step: 0.031746
Tj part: 0.181818
Queue size: 1
Visiting neighbor trace: 44
Intersection size: 1
Step: 0.015873
Tj part: 0.111111
Queue size: 1
Visiting neighbor trace: 45
Intersection size: 1
Step: 0.015873
Tj part: 0.142857
Queue size: 1
Visiting neighbor trace: 16
Intersection size: 1
Step: 0.015873
Tj part: 0.071429
Queue size: 1
Current trace: 40 with activation 0.142857
Visited neighbors: 21
Visiting neighbor trace: 1
Intersection size: 1
Step: 0.012987
Tj part: 0.119546
Queue size: 0
Visiting neighbor trace: 3
Intersection size: 1
Step: 0.012987
Tj part: 0.097724
Queue size: 0
Visiting neighbor trace: 6
Intersection size: 1
Step: 0.012987
Tj part: 0.085216
Queue size: 0
Visiting neighbor trace: 9
Intersection size: 1
Step: 0.012987
Tj part: 0.121985
Queue size: 0
Visiting neighbor trace: 11
Intersection size: 1
Step: 0.012987
Tj part: 0.125000
Queue size: 0
Visiting neighbor trace: 13
Intersection size: 1
Step: 0.012987
Tj part: 0.076923
Queue size: 0
Visiting neighbor trace: 19
Intersection size: 2
Step: 0.025974
Tj part: 0.222222
Queue size: 0
Visiting neighbor trace: 21
Intersection size: 1
Step: 0.012987
Tj part: 0.111111
Queue size: 0
Visiting neighbor trace: 27
Intersection size: 1
Step: 0.012987
Tj part: 0.111111
Queue size: 0
Visiting neighbor trace: 37
Intersection size: 2
Step: 0.025974
Tj part: 0.200000
Queue size: 0
Visiting neighbor trace: 41
Intersection size: 3
Step: 0.038961
Tj part: 0.250000
Queue size: 0
Visiting neighbor trace: 42
Intersection size: 3
Step: 0.038961
Tj part: 0.300000
Queue size: 0
Visiting neighbor trace: 43
Intersection size: 3
Step: 0.038961
Tj part: 0.250000
Queue size: 0
Visiting neighbor trace: 15
Intersection size: 1
Step: 0.012987
Tj part: 0.083333
Queue size: 0
Visiting neighbor trace: 23
Intersection size: 2
Step: 0.025974
Tj part: 0.222222
Queue size: 0
Visiting neighbor trace: 33
Intersection size: 1
Step: 0.012987
Tj part: 0.076923
Queue size: 0
Visiting neighbor trace: 12
Intersection size: 1
Step: 0.012987
Tj part: 0.125000
Queue size: 0
Visiting neighbor trace: 45
Intersection size: 1
Step: 0.012987
Tj part: 0.142857
Queue size: 0
Visiting neighbor trace: 34
Intersection size: 1
Step: 0.012987
Tj part: 0.090909
Queue size: 0
Visiting neighbor trace: 35
Intersection size: 1
Step: 0.012987
Tj part: 0.090909
Queue size: 0
Visiting neighbor trace: 44
Intersection size: 1
Step: 0.012987
Tj part: 0.111111
Queue size: 0
Propagated trace for words: 7
Pruned traces for words: 7
Predicted understanding for words: 7
Processed words: 7
Error: 0.819340
